claim_id,door_damaged,bonnet_damaged,bumper_damaged,dickey_damaged,fender_damaged,light_damaged,windshield_damaged,severity,total_parts_damaged,damage_score,estimated_repair_cost,insurance_payout
CLM000001,0,0,0,0,0,1,0,medium,1,1.509,16079.38,9582.52
CLM000002,0,1,1,0,0,0,0,medium,2,3.674,32431.04,25132.42
CLM000003,0,0,1,0,0,0,0,low,1,0.849,10471.33,129.75
CLM000004,0,0,1,1,1,0,0,medium,3,4.388,49370.67,37729.28
CLM000005,1,0,1,0,1,1,1,high,5,15.365,194765.01,141952.62
CLM000006,0,0,1,0,0,0,0,low,1,0.706,10732.02,6442.74
CLM000007,1,1,0,0,1,0,0,medium,3,4.231,55120.08,46793.02
CLM000008,0,0,0,0,0,1,1,low,2,2.158,21262.55,10889.04
CLM000009,0,1,0,0,0,1,0,low,2,1.814,18197.85,7253.27
CLM000010,0,1,1,0,1,1,1,high,5,13.496,196568.17,137052.61
CLM000011,1,0,0,1,0,1,0,medium,3,4.759,81098.94,69751.96
CLM000012,0,1,1,0,1,1,0,high,4,9.316,110912.44,79165.84
CLM000013,0,0,1,1,0,0,0,medium,2,3.563,33036.43,24874.28
CLM000014,1,1,1,0,1,1,0,high,5,10.51,81499.06,46178.01
CLM000015,1,0,1,0,1,0,0,medium,3,3.671,57026.96,51104.1
CLM000016,0,0,1,0,0,0,0,medium,1,1.391,18183.98,10786.05
CLM000017,0,0,1,0,0,1,0,low,2,1.933,22704.93,18064.88
CLM000018,1,0,1,0,1,1,0,high,4,9.937,156157.86,130346.75
CLM000019,0,1,1,0,1,0,0,high,3,6.505,77096.95,50398.48
CLM000020,0,1,1,0,1,0,0,medium,3,4.997,104918.66,66550.72
CLM000021,1,0,0,0,0,1,0,low,2,1.51,24365.77,8785.45
CLM000022,1,1,1,0,1,1,0,high,5,13.316,151985.46,134843.22
CLM000023,1,1,1,0,1,1,0,high,5,13.787,172856.95,136677.86
CLM000024,1,1,1,0,1,1,0,high,5,14.182,186216.18,149760.37
CLM000025,0,0,1,0,0,0,0,low,1,0.619,6368.08,123.76
CLM000026,0,1,1,0,1,1,0,high,4,9.761,160096.51,127225.03
CLM000027,0,1,1,1,0,1,0,high,4,11.713,135282.06,84892.71
CLM000028,0,0,0,1,0,1,1,high,3,8.493,135939.63,126813.73
CLM000029,0,0,1,1,0,1,0,low,3,1.909,12745.0,6609.38
CLM000030,1,0,0,0,1,1,0,medium,3,4.749,50689.44,34798.7
CLM000031,1,0,0,0,1,0,0,low,2,1.716,24706.06,18358.38
CLM000032,0,0,1,1,0,0,0,medium,2,2.869,41967.06,34245.59
CLM000033,0,1,1,0,0,0,0,low,2,2.379,31326.79,19717.54
CLM000034,0,0,1,1,0,1,1,high,4,10.254,139358.1,79675.92
CLM000035,0,0,0,1,0,1,0,low,2,1.564,17078.41,12076.52
CLM000036,0,0,1,1,0,0,0,low,2,1.577,19331.02,8590.86
CLM000037,1,0,0,0,1,1,0,medium,3,5.207,75313.25,58057.54
CLM000038,0,1,0,1,0,0,1,medium,3,4.855,80606.63,62173.04
CLM000039,1,1,0,0,1,1,0,low,4,3.731,57974.37,39096.51
CLM000040,1,0,0,0,1,1,0,low,3,3.424,19932.07,10156.54
CLM000041,1,1,0,0,1,0,0,high,3,11.075,211019.26,177405.09
CLM000042,0,0,1,1,0,1,0,low,3,2.707,21758.33,11171.57
CLM000043,0,0,1,0,0,0,0,low,1,0.749,10875.88,7232.84
CLM000044,0,0,1,0,0,0,0,low,1,0.661,6744.04,0.0
CLM000045,0,1,1,0,0,0,0,high,2,6.363,74936.8,51171.57
CLM000046,0,0,1,0,1,1,0,high,3,6.892,98429.9,70183.02
CLM000047,1,0,0,0,1,1,0,medium,3,4.483,34187.41,24630.46
CLM000048,0,0,1,1,0,0,0,low,2,1.574,10559.5,4019.81
CLM000049,0,0,1,0,1,0,0,medium,2,2.915,28634.96,24104.19
CLM000050,0,0,1,1,0,0,0,medium,2,3.376,57060.0,42498.82
CLM000051,0,0,1,0,0,0,1,low,2,2.789,33502.67,21732.09
CLM000052,0,0,1,0,0,1,1,medium,3,4.069,68014.16,50386.14
CLM000053,0,0,1,1,0,0,0,low,2,1.652,19158.08,15462.63
CLM000054,0,0,1,0,0,1,0,high,2,5.368,94622.72,78542.83
CLM000055,0,1,1,0,0,0,0,low,2,1.797,22055.62,18458.39
CLM000056,1,0,0,0,1,1,0,medium,3,3.869,46193.54,33144.04
CLM000057,0,0,1,1,0,1,0,medium,3,5.16,47984.46,31470.9
CLM000058,0,0,1,1,0,1,0,low,3,3.118,29325.04,25848.59
CLM000059,0,0,1,0,0,1,0,medium,2,3.112,40103.64,27451.96
CLM000060,1,0,1,0,0,0,0,high,2,5.239,71866.81,53760.61
CLM000061,1,0,0,0,1,1,0,low,3,3.618,35198.97,22214.11
CLM000062,1,0,0,0,1,0,0,high,2,4.225,45078.75,31541.87
CLM000063,0,0,1,1,0,1,0,high,3,8.096,94192.16,68907.33
CLM000064,0,1,1,0,1,0,0,low,3,2.842,44368.38,23412.46
CLM000065,0,0,0,0,1,0,0,low,1,0.648,6505.49,2952.98
CLM000066,0,0,1,1,0,0,0,low,2,1.958,34458.88,13653.08
CLM000067,0,0,1,0,1,0,0,medium,2,2.59,32377.3,13500.12
CLM000068,1,0,0,0,1,0,0,medium,2,2.655,34015.07,25030.01
CLM000069,0,1,1,0,1,0,0,high,3,8.653,121257.01,78548.28
CLM000070,0,1,1,0,1,1,0,high,4,8.63,83659.32,63753.03
CLM000071,0,1,1,0,1,0,0,high,3,6.282,84946.2,50913.93
CLM000072,1,0,0,1,1,0,0,medium,3,3.308,37060.67,19694.81
CLM000073,0,0,1,0,0,0,0,low,1,0.844,13337.92,10119.86
CLM000074,1,1,0,0,1,1,0,high,4,10.016,116595.88,71165.06
CLM000075,1,0,0,0,0,0,1,medium,2,4.382,47884.33,43199.65
CLM000076,1,1,0,0,1,1,0,high,4,8.746,95634.48,53261.96
CLM000077,0,0,1,1,0,1,0,high,3,9.342,121022.92,82962.86
CLM000078,0,1,0,0,1,0,0,medium,2,3.445,55934.92,40141.86
CLM000079,0,0,1,0,0,0,0,low,1,0.849,8799.07,0.0
CLM000080,0,1,0,0,1,1,0,low,3,2.66,26749.06,14903.94
CLM000081,0,0,1,0,0,1,0,medium,2,3.375,37269.41,27177.24
CLM000082,0,0,1,0,0,0,0,low,1,0.918,12590.88,5095.88
CLM000083,1,0,0,0,1,0,0,high,2,4.91,47930.83,15102.05
CLM000084,0,0,0,0,1,0,0,low,1,0.731,8977.96,4255.35
CLM000085,0,0,1,1,0,1,1,high,4,9.124,81628.16,58129.2
CLM000086,0,0,1,0,0,0,0,low,1,0.807,11292.37,7170.81
CLM000087,0,0,1,1,1,1,0,medium,4,6.657,57551.88,41561.9
CLM000088,0,0,0,0,1,0,0,low,1,0.785,5642.03,0.0
CLM000089,1,0,0,0,0,1,0,medium,2,4.405,49565.77,25568.75
CLM000090,0,1,1,0,0,1,0,medium,3,4.609,34324.55,23862.86
CLM000091,1,1,1,0,1,0,0,medium,4,7.339,158989.55,97373.1
CLM000092,1,0,0,0,1,0,0,medium,2,2.641,36206.2,26350.93
CLM000093,0,1,1,0,0,1,0,low,3,3.032,40977.45,31475.02
CLM000094,0,1,1,0,1,0,1,medium,4,5.717,68750.93,53814.05
CLM000095,1,0,0,0,0,0,0,low,1,1.047,11504.67,4489.04
CLM000096,0,0,1,0,0,0,0,low,1,0.669,6320.32,0.0
CLM000097,0,0,1,0,1,1,0,high,3,6.933,67211.59,42811.05
CLM000098,0,0,0,0,1,1,0,high,2,4.986,86780.37,63585.07
CLM000099,1,0,0,0,1,0,0,medium,2,2.348,24032.2,10385.97
CLM000100,0,0,1,0,1,0,0,low,2,1.743,24928.67,16385.14
CLM000101,1,0,0,0,0,1,0,medium,2,2.866,39404.79,28067.94
CLM000102,0,1,1,0,1,1,0,medium,4,7.409,85944.28,52919.94
CLM000103,0,0,0,0,1,0,0,medium,1,0.852,14497.71,6162.13
CLM000104,0,0,1,1,0,0,0,low,2,1.797,15121.04,9154.03
CLM000105,1,0,0,0,1,0,0,medium,2,3.087,41500.67,28520.0
CLM000106,1,0,0,0,1,1,0,low,3,2.667,31151.92,14875.37
CLM000107,0,0,1,1,0,0,0,medium,2,3.469,49517.42,31164.63
CLM000108,1,1,1,0,1,0,0,medium,4,7.152,124724.68,87135.46
CLM000109,1,0,0,0,0,0,0,low,1,1.135,15093.17,11131.19
CLM000110,1,0,0,0,1,0,0,low,2,1.738,25965.91,21025.99
CLM000111,0,1,1,0,0,1,1,high,4,13.318,106937.89,52733.68
CLM000112,0,0,1,1,0,1,0,low,3,3.057,48845.66,42127.34
CLM000113,0,1,0,1,0,1,1,high,4,12.733,170024.01,127289.97
CLM000114,0,0,1,0,0,0,0,low,1,1.055,16185.13,12720.93
CLM000115,1,0,0,0,0,0,0,low,1,1.125,13007.63,2152.55
CLM000116,0,0,1,0,1,1,0,medium,3,6.295,84651.18,62916.13
CLM000117,0,1,1,1,0,1,0,medium,4,4.7,73853.2,53498.09
CLM000118,0,0,1,1,0,0,0,low,2,2.122,31677.36,21879.15
CLM000119,0,0,1,0,1,1,0,medium,3,4.215,51595.96,45327.09
CLM000120,1,0,0,0,0,0,0,low,1,0.824,12788.96,7908.65
CLM000121,1,0,0,0,0,0,0,low,1,0.711,6962.82,2188.53
CLM000122,1,0,1,1,0,0,0,low,3,3.257,49705.06,29474.95
CLM000123,1,0,1,1,1,0,0,medium,4,4.911,44653.52,21885.84
CLM000124,0,0,1,0,1,1,0,medium,3,4.246,71029.45,53980.07
CLM000125,0,0,1,1,0,1,0,low,3,3.232,30612.16,26983.49
CLM000126,0,0,1,0,0,0,1,low,2,2.157,28443.04,20862.84
CLM000127,0,0,1,1,0,1,0,high,3,6.354,117381.04,91085.62
CLM000128,1,0,0,0,0,0,0,medium,1,1.956,21504.31,12640.93
CLM000129,0,1,1,0,0,0,0,medium,2,2.248,28412.52,13963.8
CLM000130,0,0,1,0,0,0,0,low,1,0.99,11421.35,7324.13
CLM000131,1,1,1,0,0,0,1,high,4,17.533,207829.9,157883.45
CLM000132,0,0,1,0,0,0,0,low,1,0.825,10128.14,0.0
CLM000133,0,1,1,0,0,0,0,medium,2,3.712,48388.31,32963.73
CLM000134,0,0,1,1,1,0,0,medium,3,5.476,80345.29,62197.2
CLM000135,0,1,0,0,1,0,0,high,2,3.292,46686.16,34582.8
CLM000136,0,0,1,1,1,1,0,medium,4,6.534,79040.29,53952.25
CLM000137,1,0,0,0,1,0,0,low,2,1.663,31203.59,8623.74
CLM000138,1,0,1,0,1,1,0,medium,4,5.231,68266.21,43672.06
CLM000139,0,1,1,0,0,0,1,high,3,8.944,175169.5,122505.88
CLM000140,0,0,1,0,0,0,0,low,1,0.936,17884.99,4045.88
CLM000141,1,0,0,0,0,0,0,low,1,1.251,17338.7,3841.93
CLM000142,1,0,0,0,0,0,0,medium,1,1.801,18988.63,15995.87
CLM000143,1,0,0,0,1,0,0,medium,2,2.731,28382.05,21131.64
CLM000144,1,0,0,0,1,0,0,medium,2,3.391,36719.23,16445.06
CLM000145,0,1,1,1,0,1,1,high,5,13.846,137921.8,125144.0
CLM000146,0,0,1,1,0,1,0,medium,3,4.798,72301.32,63719.42
CLM000147,1,0,0,0,1,0,0,high,2,3.171,43319.05,25313.93
CLM000148,1,0,0,0,0,0,0,low,1,1.31,12086.56,8685.59
CLM000149,0,0,1,1,0,1,0,medium,3,4.305,67293.15,40685.41
CLM000150,0,0,1,0,0,1,0,medium,2,3.065,28432.33,17783.02
CLM000151,1,1,0,1,1,1,0,high,5,13.753,112066.94,62666.46
CLM000152,0,1,1,0,1,0,0,high,3,7.232,134375.48,101799.11
CLM000153,0,1,1,0,1,1,1,high,5,17.601,198429.44,160658.53
CLM000154,0,0,1,1,0,0,0,medium,2,3.431,37424.56,27110.65
CLM000155,0,1,1,0,0,1,1,high,4,12.49,189845.11,150660.28
CLM000156,0,1,1,0,0,1,0,medium,3,6.24,115513.68,77612.7
CLM000157,0,1,1,0,1,1,0,high,4,9.41,76068.47,47354.51
CLM000158,0,1,1,0,0,0,0,low,2,1.337,14268.0,7491.58
CLM000159,0,0,1,0,1,0,0,low,2,1.328,20983.43,9535.31
CLM000160,0,0,0,0,1,0,0,low,1,0.818,12027.33,0.0
CLM000161,0,1,1,1,0,0,0,medium,3,4.413,58390.4,35036.05
CLM000162,0,1,1,0,0,1,1,high,4,11.874,126635.59,116822.29
CLM000163,0,1,1,0,0,1,1,high,4,11.096,119221.01,85288.52
CLM000164,0,0,1,1,0,1,0,low,3,2.54,39004.83,31879.16
CLM000165,0,0,0,1,0,0,0,low,1,0.909,7812.8,4258.14
CLM000166,0,1,1,0,1,0,0,medium,3,4.301,48601.11,29073.8
CLM000167,1,0,1,0,1,0,0,low,3,2.197,32370.74,20799.91
CLM000168,0,0,1,0,1,1,0,medium,3,4.281,54306.46,45168.49
CLM000169,0,1,1,0,0,0,0,medium,2,4.416,42845.53,16411.63
CLM000170,0,0,1,0,0,0,0,medium,1,1.533,18588.51,3185.34
CLM000171,1,1,1,0,1,0,0,medium,4,6.68,88706.19,70338.05
CLM000172,1,1,0,1,0,1,1,medium,5,8.273,141139.32,111142.34
CLM000173,0,0,1,0,1,0,0,medium,2,2.749,30203.3,23216.73
CLM000174,1,0,0,1,0,1,0,low,3,3.461,51295.12,23766.75
CLM000175,0,1,1,0,1,0,0,low,3,3.109,39837.11,32592.96
CLM000176,0,1,1,0,0,1,0,low,3,2.33,26861.39,21150.56
CLM000177,0,0,1,1,1,1,0,high,4,12.299,206679.04,147647.64
CLM000178,1,0,1,1,0,0,0,low,3,2.805,43763.52,30560.0
CLM000179,0,1,0,1,0,1,1,medium,4,8.378,176723.69,139494.4
CLM000180,1,0,0,0,0,0,0,low,1,0.981,11001.05,0.0
CLM000181,0,0,1,1,1,1,0,medium,4,6.956,135367.21,119477.12
CLM000182,0,0,1,1,0,1,0,medium,3,4.492,60514.48,51461.68
CLM000183,0,0,1,1,0,0,0,medium,2,2.092,19382.7,9542.52
CLM000184,0,0,1,1,0,1,0,high,3,8.657,85880.14,70969.11
CLM000185,1,0,0,0,0,0,0,low,1,0.837,5460.82,0.0
CLM000186,0,1,0,0,0,1,1,medium,3,6.478,150441.42,121837.27
CLM000187,0,0,0,0,0,0,1,medium,1,1.928,19832.66,5801.76
CLM000188,0,1,1,0,1,1,0,high,4,11.959,160039.77,113500.72
CLM000189,1,0,0,0,1,0,1,medium,3,4.819,48301.61,33587.24
CLM000190,0,0,1,0,0,0,0,low,1,1.075,14624.21,6756.71
CLM000191,1,1,1,0,1,1,1,high,6,18.121,355671.14,254033.41
CLM000192,0,1,1,0,1,0,0,medium,3,4.283,42600.95,26004.06
CLM000193,1,0,0,0,1,0,0,low,2,1.797,24016.45,18415.62
CLM000194,1,1,0,0,1,1,0,high,4,8.917,115140.03,91731.83
CLM000195,0,0,1,0,0,0,0,medium,1,1.236,16983.03,5863.33
CLM000196,1,0,0,0,0,1,0,medium,2,2.878,31028.93,22121.67
CLM000197,0,0,1,0,1,1,0,medium,3,3.491,28781.83,20835.33
CLM000198,1,0,0,0,0,1,0,medium,2,2.569,26379.93,9585.16
CLM000199,0,1,1,0,1,1,0,medium,4,6.533,54230.81,38377.64
CLM000200,1,0,1,1,1,1,0,high,5,12.402,172165.36,132535.04
CLM000201,1,0,0,0,0,0,0,low,1,1.064,14054.37,7131.13
CLM000202,0,0,0,0,1,0,0,low,1,0.751,5451.82,0.0
CLM000203,0,0,1,1,0,1,0,high,3,9.141,108804.08,73706.33
CLM000204,0,0,1,0,1,0,0,low,2,1.91,21660.62,15328.86
CLM000205,0,0,1,0,0,1,0,low,2,1.778,19694.44,11339.99
CLM000206,1,0,0,0,0,1,0,medium,2,3.0,39726.71,29745.64
CLM000207,0,0,1,1,0,1,0,medium,3,4.371,51809.28,33688.11
CLM000208,1,0,0,0,0,0,0,low,1,0.917,11666.34,8948.42
CLM000209,1,0,0,0,1,1,0,low,3,1.916,20259.54,1545.73
CLM000210,1,0,1,1,1,1,0,high,5,11.353,243951.9,201601.86
CLM000211,1,1,1,0,1,0,0,medium,4,4.601,43881.09,24454.22
CLM000212,1,0,0,0,0,0,0,medium,1,1.238,17550.5,11342.37
CLM000213,0,1,1,0,0,0,0,medium,2,3.429,45703.86,36689.88
CLM000214,0,0,1,0,1,1,1,medium,4,5.933,63559.31,53079.51
CLM000215,1,1,1,0,1,1,0,high,5,12.28,234552.19,173987.11
CLM000216,0,0,1,1,0,0,0,high,2,3.982,50375.83,26352.89
CLM000217,1,0,0,0,0,0,0,low,1,1.02,12640.33,8362.74
CLM000218,1,1,0,0,1,0,0,low,3,3.228,31370.58,23495.85
CLM000219,0,1,0,0,1,0,0,low,2,1.998,35464.93,20623.85
CLM000220,1,0,0,0,1,0,0,low,2,1.67,17578.52,2821.24
CLM000221,0,0,1,0,1,0,0,low,2,1.641,14028.03,2970.26
CLM000222,1,1,1,0,1,1,0,high,5,13.084,205705.63,161746.4
CLM000223,0,0,1,1,0,0,0,high,2,4.797,47868.4,30742.79
CLM000224,0,0,1,0,1,0,0,low,2,1.585,21313.63,9219.16
CLM000225,1,0,1,0,1,0,0,low,3,2.905,44127.38,29609.29
CLM000226,1,0,0,0,1,1,0,high,3,5.805,89836.45,78996.69
CLM000227,0,1,0,0,0,0,1,medium,2,3.727,65776.3,32716.9
CLM000228,0,1,1,0,1,1,0,medium,4,5.49,101320.0,74085.11
CLM000229,0,1,1,0,0,0,0,low,2,1.954,22006.84,14781.34
CLM000230,0,1,1,0,1,1,0,medium,4,3.947,57961.27,46007.95
CLM000231,0,1,1,0,1,1,0,high,4,7.58,92257.95,53243.72
CLM000232,1,1,1,1,1,1,0,high,6,22.697,317184.89,220980.61
CLM000233,0,0,1,1,0,1,0,high,3,7.215,70265.3,54232.12
CLM000234,1,0,0,0,0,0,0,low,1,1.224,13279.45,2345.16
CLM000235,1,1,0,0,0,0,0,low,2,2.431,37059.9,31129.98
CLM000236,0,0,1,0,0,0,0,medium,1,1.061,12850.3,7272.13
CLM000237,1,1,1,1,1,0,0,high,5,13.622,195320.41,167533.59
CLM000238,1,0,0,0,0,0,0,low,1,0.846,10081.23,4952.88
CLM000239,1,0,1,0,1,0,0,low,3,3.09,43718.78,23600.49
CLM000240,0,1,1,0,1,1,1,high,5,18.78,272677.37,233808.46
CLM000241,0,0,1,0,0,0,0,medium,1,1.113,17213.59,12061.56
CLM000242,0,0,1,0,0,0,0,low,1,0.964,14576.43,11481.74
CLM000243,1,0,0,0,1,1,0,high,3,7.596,102812.09,75126.2
CLM000244,0,0,0,0,1,1,0,medium,2,2.792,31916.0,17815.83
CLM000245,0,0,1,1,0,0,0,low,2,1.657,16729.06,2034.68
CLM000246,0,0,1,0,0,0,0,low,1,1.006,14630.32,4661.13
CLM000247,0,0,1,0,1,0,0,low,2,1.705,26816.36,16082.8
CLM000248,1,0,0,0,1,0,0,low,2,1.729,10842.88,2554.88
CLM000249,1,0,0,0,0,1,0,low,2,1.748,17419.53,0.0
CLM000250,0,0,0,0,1,0,0,medium,1,1.351,18726.62,10129.24
CLM000251,0,1,1,0,1,0,0,low,3,2.263,35113.47,11986.72
CLM000252,0,0,1,1,0,1,0,low,3,2.983,37848.01,23890.24
CLM000253,1,0,0,0,1,1,0,high,3,8.419,85025.82,60817.98
CLM000254,1,0,0,1,0,0,0,low,2,1.989,23389.42,18207.96
CLM000255,0,0,1,0,1,1,1,medium,4,6.167,108416.35,81843.11
CLM000256,0,0,1,1,0,0,0,medium,2,3.691,52020.22,37596.55
CLM000257,0,0,1,0,1,1,0,high,3,7.729,81775.0,50920.05
CLM000258,1,1,0,0,1,1,0,high,4,12.359,188676.82,136665.54
CLM000259,0,0,1,1,0,0,0,low,2,2.507,37165.81,31991.32
CLM000260,1,0,0,0,1,1,0,high,3,8.031,74279.1,53507.56
CLM000261,0,1,1,0,1,1,0,medium,4,6.726,91003.22,58440.79
CLM000262,1,0,1,0,1,0,0,medium,3,3.3,34769.53,27514.98
CLM000263,0,1,1,0,1,1,0,medium,4,6.293,77163.03,66023.62
CLM000264,0,0,1,1,0,1,0,medium,3,5.371,64076.85,34973.24
CLM000265,0,1,1,0,0,1,0,medium,3,3.949,52981.94,48071.17
CLM000266,0,0,1,0,1,1,0,medium,3,3.603,60784.55,44981.62
CLM000267,1,0,0,0,1,0,0,low,2,2.066,17644.26,6675.41
CLM000268,0,0,1,1,0,0,0,high,2,5.599,64116.53,44729.92
CLM000269,0,0,1,0,1,0,0,medium,2,2.072,21855.67,13327.61
CLM000270,0,0,1,0,0,1,0,medium,2,2.397,37090.87,13921.32
CLM000271,0,0,1,1,1,0,0,high,3,5.599,58759.51,20692.26
CLM000272,1,0,0,0,0,1,0,medium,2,2.93,34600.56,25549.94
CLM000273,0,0,0,0,1,0,0,low,1,0.997,15289.66,9686.29
CLM000274,1,1,1,1,1,0,0,medium,5,7.614,102247.6,72709.09
CLM000275,1,0,1,0,1,0,0,low,3,2.936,44938.63,29666.89
CLM000276,1,0,0,0,1,0,0,low,2,2.007,29424.73,22039.98
CLM000277,0,0,1,1,0,1,0,medium,3,4.841,56038.12,48270.82
CLM000278,0,1,0,0,0,1,1,high,3,6.518,118148.16,100222.81
CLM000279,0,1,1,1,0,0,0,medium,3,4.856,56895.89,30396.53
CLM000280,1,0,1,1,0,0,0,low,3,2.397,23885.3,11356.31
CLM000281,1,1,0,0,1,1,0,medium,4,7.173,89438.97,69814.54
CLM000282,1,0,1,0,1,1,0,medium,4,5.979,99442.86,75458.45
CLM000283,0,0,1,0,0,0,0,low,1,0.804,9055.34,3444.52
CLM000284,0,0,1,1,0,1,0,high,3,6.269,64137.34,45516.41
CLM000285,1,1,1,0,1,1,1,high,6,18.264,424420.77,390542.99
CLM000286,0,0,1,1,0,1,0,medium,3,6.011,98833.85,86608.91
CLM000287,1,0,0,0,1,0,0,medium,2,2.246,25398.97,8129.8
CLM000288,0,1,1,0,0,0,1,low,3,2.68,35559.76,23004.64
CLM000289,0,1,1,0,0,1,0,medium,3,3.916,62859.84,54750.89
CLM000290,0,1,1,0,1,1,0,medium,4,5.41,55031.93,36930.35
CLM000291,0,0,1,1,0,0,0,high,2,5.494,64007.94,55196.52
CLM000292,1,0,0,0,1,0,0,medium,2,3.013,41995.06,36154.49
CLM000293,0,1,1,0,0,1,0,medium,3,5.306,57971.09,47699.23
CLM000294,0,0,1,0,0,0,0,medium,1,1.261,17177.0,9063.66
CLM000295,0,1,1,0,1,1,0,high,4,8.595,155603.72,126429.51
CLM000296,0,0,1,1,0,1,0,low,3,2.531,19316.8,13751.02
CLM000297,1,0,0,0,1,0,0,low,2,1.535,21312.08,13838.58
CLM000298,1,1,1,0,1,1,1,high,6,19.932,323752.11,266072.83
CLM000299,1,1,1,0,0,1,1,high,5,17.184,204549.63,156070.75
CLM000300,1,0,0,0,1,0,0,low,2,1.58,21266.03,13439.9
CLM000301,1,1,1,1,0,0,0,high,4,13.995,163794.22,149332.43
CLM000302,1,0,0,0,1,0,0,medium,2,3.177,36416.3,30345.74
CLM000303,1,0,0,0,1,1,0,low,3,2.047,12900.92,1615.08
CLM000304,0,1,1,1,0,1,0,medium,4,6.004,109660.32,79456.14
CLM000305,1,0,0,0,0,0,0,low,1,1.027,12885.99,1721.7
CLM000306,1,0,0,0,0,0,0,low,1,1.333,11298.88,3610.23
CLM000307,1,1,1,0,0,1,1,high,5,11.886,198635.83,163791.24
CLM000308,1,0,1,0,1,0,0,medium,3,4.571,58311.67,35659.75
CLM000309,1,0,0,0,0,0,0,low,1,1.165,11359.65,7350.41
CLM000310,0,1,1,0,1,0,0,medium,3,5.736,60655.84,39508.38
CLM000311,1,0,0,0,1,0,0,medium,2,2.722,33037.45,26294.78
CLM000312,1,1,0,0,0,0,0,low,2,2.124,38984.19,18728.7
CLM000313,0,1,1,0,1,0,0,medium,3,4.466,53218.17,40872.52
CLM000314,1,0,0,1,1,0,0,low,3,2.792,26835.2,17144.87
CLM000315,0,0,0,0,1,0,0,low,1,0.995,17789.28,11094.16
CLM000316,0,1,1,0,1,1,0,high,4,7.986,98128.76,81387.29
CLM000317,0,0,1,0,0,0,0,medium,1,1.428,20768.76,14015.64
CLM000318,0,0,1,1,0,1,0,medium,3,5.433,59564.03,40264.04
CLM000319,1,1,0,0,1,1,0,high,4,9.489,165515.96,113433.07
CLM000320,1,1,0,1,1,1,0,medium,5,8.424,104272.58,73813.43
CLM000321,0,0,1,1,0,1,0,low,3,2.795,39467.44,25464.29
CLM000322,0,1,1,1,1,1,1,high,6,15.854,200670.24,149892.16
CLM000323,0,0,1,0,1,1,0,medium,3,4.834,41024.02,29469.91
CLM000324,1,1,1,1,0,0,0,low,4,3.886,55550.5,49508.85
CLM000325,0,0,1,0,1,0,0,medium,2,3.053,25081.07,11387.56
CLM000326,0,1,1,0,1,0,0,medium,3,4.395,61188.19,33311.93
CLM000327,0,1,1,0,1,1,0,high,4,9.717,102205.06,80949.76
CLM000328,0,1,1,1,0,1,0,high,4,9.9,86585.38,47583.25
CLM000329,1,0,0,0,1,0,0,medium,2,2.656,21769.03,7705.22
CLM000330,0,1,1,1,1,1,0,high,5,15.25,228920.96,155203.05
CLM000331,1,0,0,0,1,1,0,high,3,5.007,46200.15,38685.34
CLM000332,1,0,0,0,0,0,0,low,1,1.008,18796.31,13965.47
CLM000333,1,0,1,0,0,0,0,low,2,2.043,32143.73,24578.68
CLM000334,0,0,0,1,0,1,0,medium,2,3.058,48696.69,33326.68
CLM000335,0,0,0,0,1,0,0,low,1,0.792,10551.09,1106.58
CLM000336,1,0,0,0,0,0,0,low,1,0.937,13213.77,1089.22
CLM000337,0,1,1,0,1,0,0,medium,3,5.561,79424.45,49625.76
CLM000338,1,1,1,0,1,0,0,medium,4,4.645,119473.75,95772.15
CLM000339,0,0,1,0,0,0,0,low,1,1.094,10736.16,4519.57
CLM000340,1,0,0,0,1,0,0,medium,2,3.183,31194.98,24269.58
CLM000341,0,1,1,0,1,0,0,high,3,8.387,144664.95,129976.16
CLM000342,0,1,1,0,1,0,0,medium,3,4.589,66099.56,41733.77
CLM000343,0,1,1,0,1,1,0,medium,4,6.821,82110.12,70348.26
CLM000344,0,1,1,0,1,1,0,medium,4,5.902,68757.85,42943.16
CLM000345,1,1,1,0,1,0,0,high,4,13.419,166719.34,132402.39
CLM000346,1,0,0,0,1,0,0,medium,2,3.864,41465.37,29047.29
CLM000347,1,0,0,0,1,0,0,low,2,1.788,21031.66,5277.42
CLM000348,0,0,1,0,1,0,0,low,2,1.528,12135.2,0.0
CLM000349,1,1,0,0,1,0,0,medium,3,5.338,41966.96,27933.91
CLM000350,0,0,1,0,1,0,0,low,2,1.588,17843.9,3096.47
CLM000351,0,1,1,0,1,0,0,high,3,7.73,69314.72,58903.17
CLM000352,0,1,1,0,1,1,0,medium,4,4.147,57846.59,34502.3
CLM000353,0,1,1,0,1,0,0,medium,3,3.159,50758.83,37525.43
CLM000354,0,0,1,1,0,1,0,low,3,3.345,49446.23,34490.21
CLM000355,1,1,1,1,0,1,0,medium,5,9.303,135162.22,89866.94
CLM000356,1,0,1,0,0,0,0,low,2,1.997,29504.61,22860.55
CLM000357,0,0,1,1,0,1,0,medium,3,4.617,86502.56,70999.9
CLM000358,1,0,0,0,1,0,0,medium,2,3.454,45455.15,30727.0
CLM000359,0,0,1,1,0,0,0,low,2,1.854,20134.28,9714.66
CLM000360,0,1,1,0,0,1,0,medium,3,6.923,95803.7,56896.33
CLM000361,0,0,0,0,1,0,0,low,1,0.822,8949.29,1361.65
CLM000362,1,0,0,1,1,1,0,medium,4,5.324,53906.41,35366.26
CLM000363,0,0,1,1,0,0,0,low,2,1.783,20169.59,14627.13
CLM000364,0,0,1,1,0,0,0,high,2,5.139,63034.92,48462.01
CLM000365,1,0,0,0,1,0,0,medium,2,2.931,50724.76,31441.72
CLM000366,0,0,1,1,0,0,0,medium,2,2.472,28498.96,20868.15
CLM000367,0,0,1,0,0,0,0,low,1,0.879,11108.51,8055.18
CLM000368,0,0,1,0,1,1,1,high,4,8.815,159839.5,137886.48
CLM000369,0,0,0,0,0,1,0,low,1,0.963,11690.71,7298.62
CLM000370,1,0,0,0,1,1,0,high,3,7.777,83343.7,69382.06
CLM000371,1,0,0,0,1,0,0,medium,2,3.017,31890.07,20320.12
CLM000372,1,0,0,0,1,0,0,low,2,2.044,21858.0,14653.93
CLM000373,0,1,1,0,0,0,0,high,2,6.149,85913.34,45343.94
CLM000374,0,1,1,0,1,1,0,high,4,9.584,159786.52,113533.79
CLM000375,0,1,1,0,0,1,0,high,3,8.358,116440.73,100216.8
CLM000376,1,0,0,0,1,0,0,high,2,5.314,53995.28,38681.66
CLM000377,1,0,0,0,0,1,0,medium,2,3.006,29476.54,12804.19
CLM000378,0,0,1,0,0,0,0,low,1,1.01,12581.18,0.0
CLM000379,1,0,0,0,1,1,0,medium,3,4.101,54574.47,36407.89
CLM000380,0,1,1,0,1,1,0,high,4,9.906,180963.83,132576.74
CLM000381,0,1,1,0,0,0,1,medium,3,6.214,99942.28,80222.6
CLM000382,0,0,1,1,1,0,0,medium,3,5.508,90041.92,60918.98
CLM000383,1,0,0,0,0,0,1,medium,2,4.401,37727.86,17504.24
CLM000384,1,0,0,0,0,0,0,low,1,0.841,14416.6,9213.91
CLM000385,1,1,1,0,1,0,0,high,4,9.495,157276.48,116794.55
CLM000386,1,0,1,0,0,0,0,low,2,1.862,17316.26,0.0
CLM000387,1,0,0,0,0,1,0,medium,2,2.611,34217.21,28868.62
CLM000388,0,0,0,0,1,0,0,low,1,0.966,12503.06,6859.86
CLM000389,0,0,1,0,0,0,0,low,1,0.807,13919.25,9793.64
CLM000390,0,1,1,0,0,1,1,high,4,10.493,130524.41,91637.73
CLM000391,1,0,0,0,1,0,0,low,2,1.922,19312.9,13620.0
CLM000392,0,0,1,1,0,1,0,medium,3,3.858,41624.01,23566.89
CLM000393,0,0,1,0,1,1,0,medium,3,4.063,62957.74,53493.82
CLM000394,1,1,1,0,0,1,1,medium,5,6.916,95079.19,70976.96
CLM000395,0,0,1,0,0,1,0,medium,2,2.821,31634.32,19611.91
CLM000396,0,0,1,1,0,0,0,low,2,2.189,16975.89,9431.72
CLM000397,0,0,0,0,1,0,0,low,1,0.769,6412.69,0.0
CLM000398,0,1,1,0,0,0,0,low,2,2.338,37241.87,23238.13
CLM000399,1,1,1,0,1,1,0,high,5,11.714,107373.61,75695.18
CLM000400,0,0,0,1,1,1,0,high,3,8.885,102623.02,89589.89
CLM000401,1,1,0,1,1,1,0,high,5,15.362,242936.44,175120.53
CLM000402,1,0,1,0,0,0,0,low,2,1.82,21444.45,8659.76
CLM000403,0,1,0,1,0,1,1,high,4,13.075,256973.17,194946.63
CLM000404,0,1,0,0,1,0,0,high,2,5.256,40757.85,1768.42
CLM000405,1,0,0,0,0,0,0,low,1,1.175,13794.05,1517.75
CLM000406,0,0,1,0,0,1,1,medium,3,4.219,74780.43,52262.16
CLM000407,0,0,1,1,0,0,0,low,2,1.856,18384.15,13769.71
CLM000408,0,0,1,0,0,0,0,low,1,0.878,10177.87,2048.43
CLM000409,0,0,0,1,0,0,0,low,1,0.97,13558.57,7090.45
CLM000410,1,0,0,0,0,1,0,medium,2,3.95,58722.22,38057.23
CLM000411,1,0,0,0,1,0,0,low,2,1.803,27327.88,22624.82
CLM000412,0,0,1,0,0,0,0,low,1,0.677,7447.25,3746.22
CLM000413,1,0,0,0,1,0,0,medium,2,3.045,60133.03,47070.07
CLM000414,1,1,1,0,1,1,0,high,5,15.847,128999.77,79228.42
CLM000415,1,0,0,0,0,1,0,medium,2,3.638,43164.86,27239.74
CLM000416,0,0,1,0,1,0,0,low,2,1.311,12777.02,783.55
CLM000417,0,1,1,1,0,1,0,medium,4,5.211,65078.86,51746.93
CLM000418,0,0,0,0,1,0,0,low,1,0.867,14112.93,3294.41
CLM000419,1,0,1,0,1,0,0,low,3,1.891,28525.06,20133.95
CLM000420,0,0,0,0,1,0,0,medium,1,1.553,13857.97,7999.03
CLM000421,0,0,1,0,0,0,0,low,1,1.011,18649.43,9597.94
CLM000422,0,1,1,0,1,1,0,medium,4,6.528,83238.12,62203.21
CLM000423,0,1,1,0,0,1,0,high,3,7.689,159789.53,130367.8
CLM000424,1,0,0,1,1,1,1,high,5,14.176,212764.75,167929.17
CLM000425,1,0,1,1,1,0,0,high,4,7.041,63993.67,58637.58
CLM000426,0,0,1,0,1,1,0,medium,3,3.972,47500.93,39892.91
CLM000427,0,0,1,0,0,0,0,low,1,0.753,10836.95,0.0
CLM000428,0,1,1,0,0,1,0,medium,3,5.208,58565.18,43617.31
CLM000429,0,0,0,0,1,0,0,low,1,0.791,8044.19,70.95
CLM000430,1,0,0,0,0,0,0,medium,1,2.152,25736.36,12316.39
CLM000431,0,1,1,0,1,1,0,high,4,7.372,66552.65,59575.07
CLM000432,1,0,0,0,1,0,0,medium,2,3.346,49000.91,38430.55
CLM000433,0,1,1,0,0,1,0,medium,3,4.892,93742.31,64333.04
CLM000434,0,0,1,0,0,0,0,medium,1,1.609,28240.88,13642.59
CLM000435,0,0,1,0,0,0,0,medium,1,1.426,15424.45,2343.81
CLM000436,1,0,1,0,0,0,0,low,2,2.327,22880.66,12473.4
CLM000437,0,0,1,1,0,1,0,high,3,7.807,90412.37,54504.06
CLM000438,1,1,0,0,1,0,0,high,3,9.473,142189.01,124106.99
CLM000439,0,0,1,0,0,0,0,low,1,0.89,11653.23,9016.37
CLM000440,0,1,1,0,0,0,1,medium,3,6.49,69234.73,40142.91
CLM000441,1,0,0,1,1,0,0,medium,3,5.45,38501.83,19981.79
CLM000442,0,0,1,0,0,0,0,low,1,1.017,13469.02,9683.42
CLM000443,1,1,1,0,0,1,0,high,4,12.553,140646.86,106757.05
CLM000444,1,1,1,0,0,0,0,medium,3,4.796,77264.05,61702.94
CLM000445,0,0,1,1,1,1,0,medium,4,6.285,87007.17,54695.29
CLM000446,1,0,0,0,0,1,0,high,2,5.466,70938.62,47765.08
CLM000447,0,1,1,0,1,1,0,high,4,12.322,141853.58,116819.59
CLM000448,0,0,1,1,0,0,0,high,2,5.388,80231.88,53195.71
CLM000449,0,0,1,0,1,0,0,low,2,1.749,20166.63,14832.45
CLM000450,0,0,1,0,1,0,0,low,2,1.67,16243.31,11500.52
CLM000451,1,1,1,0,1,1,0,high,5,12.476,185113.25,148705.74
CLM000452,1,1,0,0,1,0,0,medium,3,5.641,71162.43,49055.59
CLM000453,1,0,0,0,1,0,0,medium,2,2.851,42501.31,33243.98
CLM000454,1,0,1,0,1,0,0,low,3,2.175,29494.11,22400.8
CLM000455,1,0,1,0,1,0,0,high,3,8.067,82231.21,59454.25
CLM000456,0,0,1,0,1,0,0,low,2,1.767,20448.28,7465.23
CLM000457,1,0,1,0,0,1,0,low,3,2.401,34229.58,25050.55
CLM000458,0,1,1,0,1,1,0,low,4,3.505,31336.76,10905.82
CLM000459,0,0,1,0,1,0,0,low,2,1.674,13596.74,2596.13
CLM000460,1,0,0,0,0,0,0,medium,1,1.512,19476.89,11128.61
CLM000461,1,0,1,0,0,0,0,medium,2,2.951,36359.08,28868.51
CLM000462,1,0,0,0,0,0,0,low,1,1.008,13493.1,8824.32
CLM000463,1,0,1,0,0,0,0,low,2,1.707,23357.58,10880.5
CLM000464,0,0,1,1,0,0,0,medium,2,2.806,41216.21,28029.58
CLM000465,0,1,1,0,1,1,0,high,4,12.949,139468.43,114703.8
CLM000466,1,0,1,0,0,0,0,low,2,1.939,28830.17,23759.75
CLM000467,0,0,1,1,0,1,1,high,4,12.065,149635.92,130876.21
CLM000468,0,1,1,0,1,1,0,medium,4,6.523,63225.97,47172.82
CLM000469,0,0,1,1,0,1,0,medium,3,4.229,75443.17,56977.27
CLM000470,1,0,0,1,0,0,0,low,2,1.783,28236.56,21871.39
CLM000471,0,1,1,0,0,1,0,medium,3,4.329,49729.53,28781.15
CLM000472,1,0,1,1,1,1,0,high,5,14.306,140800.99,92071.32
CLM000473,0,1,1,0,1,1,0,medium,4,5.678,73703.27,44255.91
CLM000474,0,1,1,0,1,0,0,medium,3,4.739,80328.99,58480.25
CLM000475,1,0,0,0,1,1,0,high,3,9.367,121253.68,86240.34
CLM000476,1,0,0,1,1,0,0,medium,3,5.121,87510.75,69521.89
CLM000477,1,0,0,0,0,0,0,low,1,1.076,18396.04,10017.52
CLM000478,1,0,1,1,0,1,0,medium,4,6.884,93262.06,74271.64
CLM000479,0,0,0,1,0,0,0,medium,1,2.204,20445.63,6528.57
CLM000480,0,1,1,0,1,0,0,high,3,6.692,76497.42,62780.06
CLM000481,0,0,1,1,0,1,0,medium,3,5.454,34254.89,13449.59
CLM000482,0,0,1,1,0,1,0,high,3,5.972,52535.94,38756.28
CLM000483,0,1,1,0,1,1,0,medium,4,5.72,84736.48,66146.37
CLM000484,1,0,0,0,1,0,0,low,2,2.051,31875.91,16769.78
CLM000485,1,0,1,0,1,0,0,low,3,2.754,35495.72,17174.83
CLM000486,0,1,1,1,0,0,1,high,4,15.039,233242.67,187725.18
CLM000487,0,0,1,0,0,0,0,low,1,0.841,7021.91,0.0
CLM000488,0,0,1,1,0,1,0,medium,3,4.787,26965.02,9565.23
CLM000489,1,0,1,0,1,0,0,medium,3,4.208,34945.93,27441.81
CLM000490,0,0,1,1,0,1,0,high,3,8.228,129808.16,91891.93
CLM000491,1,1,0,0,1,1,0,medium,4,6.206,68830.95,47107.88
CLM000492,0,0,1,0,0,0,0,low,1,0.946,13867.85,7675.88
CLM000493,1,0,0,0,1,0,0,medium,2,3.446,45761.73,29001.68
CLM000494,0,0,1,1,0,1,0,medium,3,3.865,62886.61,50093.7
CLM000495,1,0,0,0,1,0,0,medium,2,3.537,44829.59,34668.61
CLM000496,0,0,0,0,1,1,0,medium,2,2.451,19037.96,7989.84
CLM000497,1,0,0,0,1,1,0,low,3,2.965,19157.68,14922.88
CLM000498,0,1,1,0,0,1,1,high,4,11.31,188390.82,130010.66
CLM000499,0,1,0,0,0,1,0,medium,2,3.176,57569.67,43926.51
CLM000500,1,0,0,0,1,1,0,low,3,2.845,38292.93,31727.08
CLM000501,1,0,0,0,0,1,0,medium,2,3.276,24062.25,17905.27
CLM000502,0,0,1,0,0,0,1,medium,2,4.324,40237.05,27450.62
CLM000503,0,0,1,0,1,0,0,low,2,1.557,19779.67,14598.62
CLM000504,0,1,1,0,0,0,1,low,3,2.652,38930.51,32564.24
CLM000505,1,0,0,0,1,1,0,high,3,8.352,123254.86,99551.03
CLM000506,0,0,0,0,0,0,1,low,1,1.421,18113.31,13852.37
CLM000507,0,0,1,1,0,1,0,high,3,6.417,61690.37,34739.63
CLM000508,0,0,1,1,0,0,0,medium,2,2.672,31991.06,14504.93
CLM000509,0,1,1,0,0,0,0,high,2,5.174,69529.48,48327.29
CLM000510,0,1,1,1,1,1,0,high,5,15.331,189660.04,169080.27
CLM000511,0,1,1,0,1,1,0,medium,4,5.573,114048.01,82145.47
CLM000512,0,1,0,1,0,1,0,medium,3,4.788,83937.19,67520.88
CLM000513,0,1,1,0,1,1,0,high,4,12.715,208312.44,170472.47
CLM000514,1,0,0,0,0,0,0,low,1,1.077,11629.62,7996.95
CLM000515,1,1,0,1,0,1,0,low,4,4.251,68679.33,57927.66
CLM000516,1,0,1,1,0,1,0,medium,4,6.63,79885.77,46847.07
CLM000517,0,0,1,1,0,1,0,medium,3,6.042,70417.12,58548.93
CLM000518,1,0,0,0,1,1,1,high,4,11.569,182207.84,105275.77
CLM000519,1,0,1,1,0,0,0,low,3,3.011,44621.16,27602.93
CLM000520,1,0,0,0,1,0,0,low,2,2.217,41030.85,23294.68
CLM000521,1,0,0,0,1,0,0,medium,2,2.222,16701.94,13412.91
CLM000522,1,0,1,0,1,0,0,medium,3,4.233,49507.39,36653.86
CLM000523,1,0,0,0,0,1,0,low,2,2.032,28053.75,19768.08
CLM000524,1,0,1,0,0,1,0,medium,3,3.495,31201.27,17375.11
CLM000525,0,1,1,0,0,0,0,low,2,1.21,15606.47,10131.48
CLM000526,1,0,1,1,0,1,0,medium,4,4.568,55209.66,25878.47
CLM000527,0,1,1,0,1,1,0,high,4,12.827,235161.16,191284.23
CLM000528,1,0,1,0,0,0,0,medium,2,3.235,27710.33,21179.34
CLM000529,0,0,1,0,0,0,0,low,1,0.813,7373.63,3833.97
CLM000530,0,0,0,0,0,1,1,medium,2,4.198,35369.62,23672.95
CLM000531,1,1,0,0,1,0,0,high,3,6.869,77570.75,58538.18
CLM000532,0,0,1,0,0,0,0,low,1,0.804,7749.7,5128.81
CLM000533,0,0,1,1,1,1,0,high,4,9.135,89361.47,64369.97
CLM000534,0,0,1,0,0,0,0,low,1,0.875,14555.28,11437.37
CLM000535,1,0,1,0,1,1,0,medium,4,7.42,67265.28,43579.19
CLM000536,0,0,1,1,0,1,0,low,3,3.269,44150.0,28799.08
CLM000537,1,1,0,1,1,1,0,medium,5,8.407,103655.28,83657.09
CLM000538,1,1,0,0,0,1,0,medium,3,4.915,39657.17,28729.45
CLM000539,1,0,1,0,1,1,0,medium,4,5.438,88982.34,60649.48
CLM000540,1,0,1,0,1,0,0,medium,3,4.006,37918.89,20316.79
CLM000541,0,0,1,0,0,0,0,low,1,0.664,6487.87,0.0
CLM000542,0,0,0,1,0,0,0,medium,1,1.286,17698.61,13143.74
CLM000543,1,0,0,0,1,1,1,high,4,12.951,231543.09,158005.33
CLM000544,1,0,0,0,0,0,0,low,1,1.019,16620.47,9460.98
CLM000545,1,0,0,1,0,0,0,medium,2,3.948,30653.81,19520.72
CLM000546,1,0,1,0,1,0,0,low,3,2.91,47472.21,35069.92
CLM000547,1,0,0,0,1,0,0,medium,2,2.378,30941.48,23579.09
CLM000548,1,0,1,0,1,1,0,medium,4,5.702,50875.05,36028.93
CLM000549,0,1,1,0,1,0,0,high,3,7.941,103530.32,52640.33
CLM000550,0,0,1,1,1,1,0,high,4,10.791,150573.22,129855.76
CLM000551,1,0,1,0,0,1,0,medium,3,3.805,40324.65,27524.13
CLM000552,0,0,1,0,0,0,0,low,1,0.848,12437.98,6057.52
CLM000553,0,1,1,0,0,1,0,low,3,2.858,42182.6,35977.8
CLM000554,0,0,1,0,0,0,0,low,1,0.89,9365.7,6365.75
CLM000555,0,0,1,0,1,0,0,low,2,1.398,16084.45,12514.08
CLM000556,1,0,0,0,0,1,0,medium,2,3.723,36165.67,29338.04
CLM000557,1,0,0,0,1,1,0,medium,3,3.425,32785.81,13530.64
CLM000558,1,1,0,0,1,1,0,high,4,9.222,126788.04,90824.47
CLM000559,0,0,1,1,0,0,1,medium,3,5.06,96699.05,84272.15
CLM000560,0,0,1,1,0,0,0,medium,2,3.965,47029.19,28572.56
CLM000561,0,1,0,0,0,1,1,medium,3,4.358,66688.33,47274.61
CLM000562,0,0,1,0,0,0,0,medium,1,1.533,19247.04,10733.49
CLM000563,1,0,0,0,1,0,0,medium,2,3.262,42988.14,33697.68
CLM000564,1,0,1,1,1,1,0,high,5,13.705,204936.5,137763.29
CLM000565,0,1,1,0,1,1,0,medium,4,4.827,58506.4,37333.49
CLM000566,0,1,1,0,1,0,0,high,3,5.931,82194.99,55222.33
CLM000567,1,0,0,0,0,0,0,low,1,1.173,9477.84,0.0
CLM000568,1,0,0,0,1,1,1,high,4,12.093,121907.44,110851.69
CLM000569,0,0,1,1,0,0,0,medium,2,3.209,40760.68,31760.68
CLM000570,0,0,1,0,0,1,1,low,3,3.557,49113.75,27551.5
CLM000571,1,0,0,0,1,0,0,medium,2,2.762,35845.38,25489.92
CLM000572,0,1,0,0,1,0,0,high,2,4.938,60473.95,42181.3
CLM000573,0,0,0,1,1,0,0,low,2,1.26,11118.39,0.0
CLM000574,0,0,0,0,0,1,0,low,1,0.904,7156.26,0.0
CLM000575,0,0,1,0,0,0,0,low,1,0.848,11760.12,1056.77
CLM000576,0,0,1,0,0,0,0,low,1,0.741,11252.84,3248.47
CLM000577,0,0,1,0,0,0,0,low,1,0.815,8011.96,5033.42
CLM000578,0,1,1,0,1,1,0,high,4,11.034,194561.6,163961.45
CLM000579,0,1,1,0,0,1,0,high,3,7.819,93717.88,70714.23
CLM000580,0,0,1,0,1,1,0,high,3,8.271,154263.51,133470.39
CLM000581,0,1,1,0,0,1,1,high,4,10.11,176863.68,110985.77
CLM000582,0,1,1,1,0,1,0,high,4,9.298,108692.75,92738.48
CLM000583,0,0,1,1,0,0,0,high,2,3.898,37692.49,32480.07
CLM000584,1,0,0,0,1,1,0,high,3,8.46,103813.87,80029.33
CLM000585,0,0,0,0,1,0,0,low,1,1.063,12850.72,6543.4
CLM000586,0,1,1,1,0,0,0,medium,3,5.408,54065.32,37343.8
CLM000587,1,0,1,0,0,1,0,high,3,7.736,77853.76,47419.98
CLM000588,1,0,0,0,1,0,0,high,2,4.866,54139.32,26723.28
CLM000589,1,0,0,0,1,0,0,low,2,1.986,30476.46,17820.98
CLM000590,0,0,1,1,0,1,0,medium,3,4.679,89805.96,73150.11
CLM000591,0,0,1,0,0,1,1,high,3,7.397,153544.49,103683.28
CLM000592,0,0,1,0,0,0,0,low,1,0.714,8622.03,4325.21
CLM000593,0,0,1,1,0,0,0,low,2,1.698,19655.62,6163.81
CLM000594,1,0,0,0,1,1,0,high,3,8.785,97602.59,67624.43
CLM000595,0,1,1,0,0,1,0,medium,3,4.387,98428.76,89437.12
CLM000596,0,0,1,1,0,0,0,low,2,2.045,16703.83,13730.66
CLM000597,0,0,1,1,0,1,0,low,3,2.981,44130.28,22785.44
CLM000598,1,0,1,1,1,1,0,high,5,11.816,131815.97,101851.88
CLM000599,1,0,0,0,1,0,0,low,2,2.015,25478.06,13934.53
CLM000600,0,1,1,1,0,1,0,medium,4,7.313,110619.41,72853.63
CLM000601,0,0,1,1,1,1,0,low,4,3.373,36338.15,30152.06
CLM000602,0,1,1,0,1,0,0,medium,3,3.831,42338.15,24692.77
CLM000603,0,0,1,0,0,0,0,medium,1,1.277,17917.84,6117.81
CLM000604,1,0,0,0,1,1,0,medium,3,3.875,28732.15,20722.14
CLM000605,0,0,1,0,0,0,0,low,1,0.857,8543.82,0.0
CLM000606,0,1,1,1,0,1,0,low,4,3.951,57204.72,48444.39
CLM000607,1,0,1,0,0,0,0,medium,2,2.839,41294.97,22557.61
CLM000608,0,0,1,0,0,0,0,low,1,0.964,11931.29,1042.27
CLM000609,0,1,1,0,1,1,0,medium,4,8.984,73368.92,45699.8
CLM000610,1,0,1,0,1,0,0,medium,3,3.857,38149.48,24740.33
CLM000611,1,0,0,0,0,1,0,low,2,2.005,17395.48,13432.0
CLM000612,1,0,0,0,1,1,0,medium,3,5.743,41029.23,32774.27
CLM000613,1,0,0,0,0,0,0,medium,1,1.4,17363.32,6337.71
CLM000614,1,0,0,0,1,0,0,medium,2,2.645,28144.93,10807.71
CLM000615,1,0,1,0,0,0,0,medium,2,3.176,31306.71,17465.79
CLM000616,0,1,1,0,1,1,0,medium,4,6.025,87993.4,59297.02
CLM000617,0,1,1,0,1,1,0,medium,4,5.528,48842.81,31101.82
CLM000618,0,0,0,0,1,0,0,medium,1,1.18,12161.47,6566.61
CLM000619,1,0,1,0,1,1,0,medium,4,5.463,61138.75,44257.54
CLM000620,0,0,1,0,1,1,0,medium,3,5.226,64729.16,40657.65
CLM000621,1,0,0,0,1,1,0,medium,3,4.757,42018.18,34541.88
CLM000622,0,1,1,0,0,0,0,high,2,4.215,41230.82,26031.48
CLM000623,0,0,1,0,1,1,0,high,3,7.896,74818.91,51733.52
CLM000624,1,0,1,0,0,0,0,low,2,2.202,37623.68,26374.57
CLM000625,1,0,1,1,1,1,0,medium,5,9.097,96451.31,89090.42
CLM000626,1,1,0,0,0,0,1,low,3,3.534,48798.86,41075.52
CLM000627,1,0,0,0,0,1,0,high,2,6.082,67758.21,50343.52
CLM000628,1,0,0,0,1,1,0,high,3,7.367,123131.57,91762.06
CLM000629,1,1,1,0,0,1,0,medium,4,5.283,76102.48,54950.78
CLM000630,0,1,1,0,1,0,1,high,4,10.101,135658.97,93022.84
CLM000631,0,1,1,0,1,1,0,high,4,8.717,76632.93,56534.31
CLM000632,0,1,1,1,0,0,0,medium,3,5.311,56805.63,47606.43
CLM000633,0,0,1,1,0,0,0,medium,2,3.675,51234.04,29916.86
CLM000634,1,0,1,0,0,0,0,medium,2,3.438,34262.0,27786.5
CLM000635,0,0,0,1,1,0,0,low,2,1.757,26808.62,13434.79
CLM000636,1,0,1,0,1,0,0,medium,3,4.299,53778.6,43834.88
CLM000637,0,0,1,1,0,1,0,medium,3,5.017,54829.82,46240.47
CLM000638,0,0,1,1,0,0,0,medium,2,2.684,42209.66,27115.21
CLM000639,0,0,1,1,0,0,0,medium,2,2.948,48438.82,25165.57
CLM000640,0,0,0,0,1,0,0,low,1,0.883,8930.92,5374.13
CLM000641,0,0,1,1,0,1,0,high,3,6.44,60447.19,42373.51
CLM000642,0,1,1,0,0,0,0,low,2,2.1,31328.27,23700.3
CLM000643,0,0,1,0,1,0,0,medium,2,2.53,22025.07,10468.48
CLM000644,1,0,0,0,0,0,0,low,1,1.033,15406.67,986.13
CLM000645,1,0,0,0,0,0,0,low,1,0.761,7368.65,0.0
CLM000646,1,0,1,1,0,1,0,high,4,11.035,126960.21,83384.04
CLM000647,1,1,0,0,1,1,0,high,4,10.999,196571.08,160098.0
CLM000648,1,0,0,0,1,0,0,medium,2,2.773,23717.6,13197.23
CLM000649,1,0,0,0,1,1,0,medium,3,4.414,48334.62,20717.67
CLM000650,0,1,1,0,1,1,0,high,4,8.594,141983.56,106224.08
CLM000651,1,0,0,0,1,1,0,low,3,2.821,50893.7,39809.93
CLM000652,0,1,1,1,1,1,1,high,6,15.73,294668.15,267641.1
CLM000653,0,1,1,0,1,0,0,high,3,6.188,63669.23,46321.7
CLM000654,1,1,1,0,0,0,1,high,4,13.272,126777.23,104884.57
CLM000655,0,0,1,0,0,0,0,low,1,0.704,9174.47,4689.02
CLM000656,0,1,1,0,1,1,0,high,4,12.298,147958.93,125744.99
CLM000657,1,0,1,0,0,0,0,low,2,1.565,17098.86,12435.37
CLM000658,1,0,0,0,1,1,0,medium,3,3.993,38526.66,17280.09
CLM000659,1,1,1,0,1,1,0,high,5,13.556,198103.22,168566.34
CLM000660,1,0,1,0,0,1,0,medium,3,5.016,65925.88,47367.79
CLM000661,0,0,1,1,0,1,0,medium,3,6.428,90966.55,58281.51
CLM000662,0,1,1,0,1,0,0,medium,3,4.557,60269.42,53606.25
CLM000663,1,0,0,0,0,0,0,medium,1,1.771,27124.01,19373.15
CLM000664,0,0,1,0,0,0,0,low,1,1.009,7955.79,4894.78
CLM000665,0,0,1,0,0,0,1,medium,2,3.524,42219.79,32537.79
CLM000666,1,0,0,0,0,1,0,high,2,4.399,39761.21,23892.55
CLM000667,1,1,0,0,1,1,0,high,4,10.451,195738.49,168997.98
CLM000668,0,0,0,0,0,0,1,medium,1,1.96,23519.25,17774.0
CLM000669,0,1,1,0,0,1,0,medium,3,6.516,122319.06,80222.6
CLM000670,0,0,1,1,1,1,0,medium,4,6.306,52436.6,23647.19
CLM000671,0,1,0,0,0,1,1,medium,3,4.866,74127.36,58581.02
CLM000672,0,0,1,0,0,1,0,low,2,1.955,24828.98,18455.48
CLM000673,0,1,1,0,1,1,1,high,5,14.426,286793.83,190308.42
CLM000674,0,0,1,1,1,1,0,high,4,11.945,172474.59,126846.3
CLM000675,0,1,0,0,0,0,0,low,1,1.442,25166.43,4165.77
CLM000676,1,0,0,0,0,0,0,low,1,0.982,11786.78,822.48
CLM000677,0,0,1,1,0,0,0,medium,2,4.111,72215.34,53328.15
CLM000678,0,0,1,0,1,0,0,low,2,1.936,21935.81,10476.77
CLM000679,0,0,0,1,0,0,0,low,1,1.182,17464.2,7561.09
CLM000680,1,0,0,0,0,0,0,medium,1,1.686,19568.3,13221.65
CLM000681,1,0,1,0,0,0,0,low,2,2.139,39296.28,29696.96
CLM000682,0,1,1,1,1,0,0,low,4,4.391,35672.14,21148.25
CLM000683,0,1,1,0,1,1,0,high,4,10.806,122547.73,97571.58
CLM000684,1,0,0,0,1,0,0,medium,2,3.701,47670.1,38611.27
CLM000685,1,0,1,0,0,1,0,low,3,2.463,46886.05,36308.65
CLM000686,1,0,1,1,1,0,1,high,5,11.681,144204.74,129884.1
CLM000687,0,0,1,0,0,1,0,low,2,1.444,25681.19,17788.62
CLM000688,0,0,1,1,0,1,0,medium,3,4.84,56682.93,34656.65
CLM000689,0,0,1,1,0,0,0,low,2,1.578,17167.65,10604.22
CLM000690,1,0,0,0,0,0,0,low,1,1.141,12388.31,0.0
CLM000691,0,0,1,0,1,1,0,medium,3,4.714,70045.25,50561.99
CLM000692,0,0,1,0,0,1,1,medium,3,3.414,53172.58,43519.14
CLM000693,0,1,1,0,1,0,0,low,3,3.439,34968.97,31031.86
CLM000694,1,0,1,0,1,0,0,medium,3,4.147,48690.42,39929.64
CLM000695,0,0,1,1,0,0,0,medium,2,3.371,38601.45,21254.99
CLM000696,0,0,1,1,0,0,0,medium,2,2.99,36685.32,32514.54
CLM000697,1,0,0,1,0,0,0,low,2,1.755,17644.06,12142.71
CLM000698,0,0,1,1,0,0,0,medium,2,3.265,37702.68,28064.01
CLM000699,0,0,1,0,1,0,0,medium,2,2.515,48832.57,40056.53
CLM000700,0,1,1,1,1,1,0,high,5,13.079,221009.6,148439.91
CLM000701,1,0,0,0,1,1,0,medium,3,3.835,42985.58,29127.09
CLM000702,0,0,1,0,0,0,0,medium,1,1.164,12190.72,0.0
CLM000703,0,1,1,1,0,1,0,low,4,4.259,59720.41,43111.37
CLM000704,1,0,0,0,0,0,0,medium,1,1.332,17566.07,6381.13
CLM000705,0,1,1,0,1,1,0,medium,4,5.666,44784.19,28166.59
CLM000706,0,0,1,0,0,0,0,low,1,0.765,9134.11,0.0
CLM000707,0,1,1,0,1,1,0,medium,4,4.903,73152.05,56882.79
CLM000708,0,1,1,0,0,1,0,medium,3,5.232,76595.28,58507.32
CLM000709,1,0,1,0,1,0,0,low,3,2.748,34558.55,26543.68
CLM000710,0,0,1,0,0,1,0,medium,2,2.329,26931.45,20287.56
CLM000711,0,0,1,0,0,0,0,low,1,0.826,10999.82,0.0
CLM000712,1,0,0,0,0,1,0,medium,2,3.922,42682.83,24030.11
CLM000713,0,1,1,0,1,1,0,high,4,11.477,126976.45,97393.54
CLM000714,1,0,0,0,1,0,0,medium,2,2.464,37530.35,29133.16
CLM000715,1,0,0,0,0,0,0,medium,1,1.519,24353.54,8866.71
CLM000716,1,0,1,1,0,1,0,medium,4,6.348,95811.47,64396.15
CLM000717,0,0,1,0,0,1,0,low,2,1.494,16481.94,6605.53
CLM000718,0,1,1,0,1,1,0,medium,4,4.972,60213.36,50922.0
CLM000719,1,0,0,0,1,0,0,high,2,4.768,50454.04,28169.94
CLM000720,0,1,1,0,1,1,0,medium,4,6.731,93324.02,70456.33
CLM000721,1,0,0,0,1,0,0,low,2,1.644,14310.21,5334.34
CLM000722,0,1,1,1,0,1,0,high,4,13.491,201612.77,183787.14
CLM000723,1,0,0,0,1,0,0,medium,2,3.516,57291.57,44204.58
CLM000724,0,0,1,1,0,1,0,medium,3,4.671,64706.96,56469.28
CLM000725,0,0,1,1,1,1,0,high,4,9.004,135925.87,121427.23
CLM000726,0,1,1,0,1,1,0,high,4,8.389,141549.86,116468.05
CLM000727,1,0,0,0,1,1,0,high,3,8.902,124730.95,65593.34
CLM000728,0,0,1,0,0,0,0,low,1,0.734,7213.97,2928.56
CLM000729,0,0,1,0,0,1,0,low,2,1.499,22751.48,18102.53
CLM000730,1,0,1,1,0,1,0,high,4,9.937,144564.65,127008.8
CLM000731,0,1,1,0,1,1,0,high,4,7.772,105923.26,95946.7
CLM000732,0,0,1,1,0,1,0,medium,3,5.4,88030.2,71308.63
CLM000733,0,0,1,1,0,0,0,low,2,2.25,18035.1,13809.29
CLM000734,0,1,1,0,0,1,0,high,3,6.898,118028.25,78676.95
CLM000735,0,0,1,0,1,1,0,medium,3,5.194,87204.49,71115.41
CLM000736,0,1,0,0,1,1,0,high,3,7.284,62672.22,45416.47
CLM000737,0,0,1,0,0,0,0,low,1,0.943,12031.93,1673.98
CLM000738,0,0,1,1,0,0,0,medium,2,2.908,44636.84,29717.69
CLM000739,0,0,0,1,0,0,0,low,1,1.199,11374.13,6262.89
CLM000740,0,1,1,0,1,0,0,high,3,8.44,103567.92,78593.02
CLM000741,1,0,1,0,1,1,0,medium,4,6.776,87723.5,52120.81
CLM000742,1,0,0,0,0,0,0,low,1,0.889,9192.39,6407.79
CLM000743,1,0,0,0,1,0,0,low,2,2.173,38269.77,28697.64
CLM000744,1,1,0,0,1,1,0,high,4,12.05,183149.54,167853.68
CLM000745,0,1,1,0,0,1,1,high,4,11.532,268668.43,223487.39
CLM000746,1,0,0,0,1,1,0,high,3,6.189,96042.41,78710.83
CLM000747,0,1,1,0,1,0,0,medium,3,4.208,58807.0,42104.35
CLM000748,0,0,1,1,0,1,0,high,3,6.979,55368.56,49506.08
CLM000749,1,1,1,1,1,0,0,medium,5,8.542,78369.79,51967.77
CLM000750,0,1,1,0,1,1,0,high,4,12.789,262004.6,208666.51
CLM000751,1,0,1,0,0,0,0,high,2,4.705,36383.24,18855.16
CLM000752,1,0,1,0,1,1,0,high,4,7.826,93182.89,85237.21
CLM000753,0,1,1,0,0,1,0,medium,3,5.34,67705.7,35420.14
CLM000754,0,1,1,0,1,1,0,medium,4,6.379,85202.51,65914.78
CLM000755,1,0,1,0,0,1,0,high,3,6.648,120575.04,84715.03
CLM000756,0,0,0,0,1,0,0,medium,1,1.339,13804.08,4830.54
CLM000757,1,0,0,0,1,0,0,medium,2,2.304,24730.53,15363.75
CLM000758,0,0,1,1,1,1,0,medium,4,7.733,82311.78,71602.17
CLM000759,1,0,1,1,0,1,0,high,4,11.876,158361.1,135497.17
CLM000760,0,1,1,0,1,1,0,high,4,12.276,114770.93,84903.66
CLM000761,0,0,1,1,0,1,0,medium,3,5.553,59967.12,40516.26
CLM000762,0,0,1,1,0,0,0,high,2,5.307,41911.53,18597.16
CLM000763,1,1,0,0,1,0,0,high,3,6.552,135490.76,111719.63
CLM000764,1,0,0,0,1,0,0,medium,2,3.689,29633.49,16456.2
CLM000765,0,0,1,1,0,0,0,high,2,5.452,55911.7,31443.45
CLM000766,0,1,1,0,0,0,1,high,3,8.723,130613.01,89975.21
CLM000767,0,0,1,1,0,1,0,low,3,2.721,30519.54,9803.84
CLM000768,1,0,0,0,0,0,0,medium,1,1.562,15172.27,0.0
CLM000769,0,1,1,0,0,1,0,medium,3,3.539,68958.64,50281.1
CLM000770,0,0,1,0,0,0,0,low,1,1.022,8769.33,0.0
CLM000771,1,0,0,0,0,0,0,low,1,0.97,11689.24,7593.03
CLM000772,0,0,1,0,1,0,0,low,2,2.032,28170.57,24201.81
CLM000773,1,0,0,0,0,1,0,high,2,5.867,72029.05,28722.19
CLM000774,0,0,1,1,0,1,0,medium,3,4.094,31432.22,24813.56
CLM000775,0,0,0,0,0,1,1,medium,2,3.276,51242.78,27849.58
CLM000776,0,0,1,0,0,0,1,medium,2,4.209,53085.55,29874.62
CLM000777,0,1,1,0,1,0,0,medium,3,4.749,53256.73,35773.08
CLM000778,0,0,1,0,0,0,0,medium,1,1.775,21104.36,10138.5
CLM000779,1,0,0,0,1,1,1,medium,4,7.275,109632.38,77158.94
CLM000780,0,0,1,1,0,1,0,medium,3,6.02,60743.78,41269.1
CLM000781,0,0,1,1,0,1,0,low,3,2.836,30485.91,24024.81
CLM000782,0,1,1,0,1,1,0,medium,4,5.778,116841.92,86501.38
CLM000783,0,0,1,0,1,0,0,low,2,1.914,37271.52,17688.15
CLM000784,0,0,1,1,0,1,1,high,4,14.828,207096.83,161044.04
CLM000785,0,1,1,0,0,1,0,medium,3,5.687,78700.29,49013.96
CLM000786,0,1,1,0,1,0,0,high,3,7.231,130499.26,108593.06
CLM000787,0,0,1,1,0,1,0,medium,3,6.059,78992.06,56071.25
CLM000788,0,0,1,0,0,1,1,high,3,9.955,162827.75,122986.7
CLM000789,0,0,1,0,0,0,0,low,1,0.886,9591.1,6000.24
CLM000790,0,0,1,0,0,1,0,low,2,1.903,37760.79,23832.45
CLM000791,1,0,0,1,1,1,0,medium,4,5.357,94519.7,73251.49
CLM000792,0,0,1,0,0,0,0,low,1,1.059,9034.75,5554.8
CLM000793,1,0,1,0,0,1,0,medium,3,5.561,59691.01,42256.89
CLM000794,0,0,1,0,0,1,0,medium,2,4.108,74800.22,65865.47
CLM000795,1,0,0,0,1,0,0,medium,2,2.899,24621.37,2637.6
CLM000796,0,0,1,1,0,1,0,medium,3,4.043,41377.94,29144.63
CLM000797,1,0,0,1,0,0,0,low,2,2.753,35590.11,30350.81
CLM000798,1,1,1,0,1,0,0,high,4,9.428,112949.9,95019.93
CLM000799,0,1,1,0,1,1,0,high,4,9.286,108870.35,75114.75
CLM000800,0,0,1,1,0,1,0,medium,3,4.168,52347.65,38959.74
CLM000801,0,1,1,1,1,1,0,high,5,14.121,183321.34,160473.9
CLM000802,1,0,0,0,1,1,0,high,3,6.868,114364.09,92588.56
CLM000803,1,0,0,0,1,0,0,low,2,1.666,21136.32,13695.78
CLM000804,0,0,1,1,0,1,0,low,3,3.968,54553.94,24875.77
CLM000805,0,0,1,0,0,1,1,medium,3,5.449,52743.66,29568.97
CLM000806,0,1,1,0,0,0,0,medium,2,3.6,38217.48,29559.44
CLM000807,0,1,1,0,1,1,0,high,4,8.868,113809.15,93980.4
CLM000808,1,0,0,0,0,0,0,low,1,1.112,11672.15,0.0
CLM000809,0,0,1,1,0,0,0,medium,2,4.03,51734.71,33686.04
CLM000810,0,0,1,0,0,0,0,low,1,0.892,9725.4,5808.53
CLM000811,0,0,1,0,1,0,0,low,2,1.316,29013.39,20070.62
CLM000812,0,0,1,1,1,1,0,high,4,11.208,149916.42,114805.49
CLM000813,0,1,1,0,0,0,0,medium,2,3.784,57753.9,51229.11
CLM000814,0,1,1,0,1,1,0,high,4,8.263,79484.13,57071.14
CLM000815,0,0,1,0,0,0,0,low,1,1.09,12025.14,0.0
CLM000816,0,0,1,0,0,1,0,low,2,1.986,32702.7,23561.59
CLM000817,1,0,0,0,1,1,0,high,3,7.089,84387.68,60854.45
CLM000818,0,1,1,1,0,1,0,high,4,10.408,114333.9,92854.31
CLM000819,1,0,0,0,1,0,0,medium,2,3.029,50697.9,39630.51
CLM000820,0,0,1,0,0,1,0,low,2,1.357,15559.04,11322.67
CLM000821,0,0,1,1,0,1,1,low,4,3.83,36232.3,27406.0
CLM000822,0,1,1,1,1,1,0,medium,5,10.387,118572.81,84447.1
CLM000823,0,1,1,0,0,1,0,medium,3,6.294,75079.02,57261.2
CLM000824,1,1,1,0,1,1,0,high,5,11.697,147300.62,116583.16
CLM000825,0,0,1,0,0,0,0,low,1,0.761,4169.6,0.0
CLM000826,0,0,0,1,0,1,0,low,2,1.824,27344.22,14256.12
CLM000827,1,1,1,0,0,1,0,high,4,11.098,221235.35,150394.41
CLM000828,1,0,0,0,1,0,0,high,2,4.74,56685.71,47998.0
CLM000829,1,1,1,0,0,0,0,medium,3,4.788,48916.52,39894.88
CLM000830,0,1,1,1,0,1,0,high,4,9.37,123193.2,73437.19
CLM000831,0,1,1,1,0,1,0,low,4,4.146,62053.82,52092.58
CLM000832,0,0,0,0,0,1,0,low,1,0.704,9981.87,3925.59
CLM000833,0,0,1,0,0,1,0,low,2,1.754,16378.75,11935.74
CLM000834,1,0,0,0,0,0,0,low,1,0.835,6999.32,0.0
CLM000835,0,0,1,0,0,0,0,medium,1,1.578,31298.24,12110.63
CLM000836,1,0,0,0,1,0,0,high,2,7.64,85929.05,59986.02
CLM000837,1,0,1,0,0,0,0,low,2,1.54,23356.24,17049.81
CLM000838,1,1,0,1,1,1,0,high,5,11.275,192668.46,137883.21
CLM000839,0,1,1,1,0,1,0,high,4,8.179,81411.15,47544.59
CLM000840,0,0,1,0,0,1,0,medium,2,3.739,30586.74,16186.49
CLM000841,1,0,1,0,1,1,0,medium,4,4.974,62867.27,40020.49
CLM000842,0,1,1,0,1,1,0,high,4,8.749,131590.73,116051.91
CLM000843,1,0,0,1,0,1,0,medium,3,5.615,53087.36,40359.21
CLM000844,0,0,1,0,0,0,0,low,1,0.715,6876.69,1185.73
CLM000845,0,0,1,0,0,0,0,low,1,0.844,13642.65,0.0
CLM000846,0,1,1,0,1,1,0,high,4,6.994,61324.61,43597.73
CLM000847,1,0,0,0,1,1,0,medium,3,4.23,45941.12,34600.8
CLM000848,0,0,1,1,0,0,0,medium,2,2.385,35195.41,28695.1
CLM000849,0,0,1,0,0,1,0,low,2,1.995,40728.83,15267.76
CLM000850,1,0,1,0,0,0,0,medium,2,3.239,48545.77,34748.2
CLM000851,0,0,1,0,1,0,0,low,2,1.977,22480.08,12410.62
CLM000852,0,1,1,0,0,0,0,low,2,1.404,28402.02,20873.14
CLM000853,0,1,1,0,1,0,0,medium,3,3.969,46250.38,32537.81
CLM000854,0,0,1,1,0,0,0,medium,2,2.899,54659.13,29077.17
CLM000855,0,1,1,0,1,1,0,high,4,8.114,147622.12,108324.18
CLM000856,0,1,1,0,1,1,0,high,4,9.359,98439.49,53274.49
CLM000857,0,1,1,0,0,0,0,high,2,5.624,64408.56,49942.32
CLM000858,0,0,1,0,1,1,0,medium,3,4.681,53839.95,23795.38
CLM000859,1,0,0,0,1,0,0,medium,2,3.531,50923.76,40007.83
CLM000860,0,0,1,0,1,0,1,medium,3,4.04,56580.3,33514.15
CLM000861,1,0,0,0,1,0,0,medium,2,2.549,27513.64,16798.58
CLM000862,0,0,0,0,1,0,0,low,1,0.746,8294.49,0.0
CLM000863,1,0,0,0,0,0,0,low,1,1.076,12822.48,6423.26
CLM000864,0,0,1,0,1,1,0,high,3,7.724,81400.59,52518.06
CLM000865,0,0,0,0,0,1,1,medium,2,2.933,45051.64,29954.52
CLM000866,0,1,1,0,0,1,1,high,4,13.054,140531.41,110050.05
CLM000867,0,1,0,0,0,0,0,medium,1,1.724,29136.66,21750.04
CLM000868,1,0,0,0,1,0,0,medium,2,3.44,42722.57,33767.32
CLM000869,0,0,1,0,1,0,0,medium,2,2.427,28067.47,18276.45
CLM000870,1,1,1,0,0,1,0,high,4,9.204,145024.23,97637.29
CLM000871,0,0,1,0,0,0,0,low,1,0.691,8773.48,0.0
CLM000872,0,1,1,1,1,1,0,high,5,14.91,152945.4,119781.88
CLM000873,1,0,0,0,1,1,0,high,3,6.486,63518.0,26190.56
CLM000874,1,0,1,0,0,0,0,low,2,1.921,26532.06,20206.52
CLM000875,1,1,0,0,1,1,0,low,4,4.78,49830.26,38226.19
CLM000876,0,0,1,0,0,1,0,medium,2,2.34,27147.75,15663.93
CLM000877,1,0,0,0,0,0,0,low,1,1.152,12576.47,7721.1
CLM000878,1,0,0,0,0,1,0,medium,2,3.353,32174.26,27048.48
CLM000879,0,1,1,0,1,1,0,low,4,3.402,38896.51,24905.92
CLM000880,0,0,1,1,0,1,0,low,3,3.478,58421.14,47179.88
CLM000881,0,0,1,0,0,0,0,medium,1,1.451,17536.97,11464.96
CLM000882,1,0,1,0,0,0,0,medium,2,2.575,42090.53,24639.71
CLM000883,1,0,1,0,1,0,0,medium,3,2.695,40963.76,28086.82
CLM000884,1,0,0,0,1,0,0,medium,2,3.519,40438.07,22706.12
CLM000885,0,0,1,0,0,0,0,low,1,0.726,8854.51,0.0
CLM000886,0,1,1,0,1,1,0,high,4,11.352,118238.36,84501.82
CLM000887,1,0,0,1,0,0,0,low,2,1.468,13620.22,4733.63
CLM000888,0,0,1,0,0,0,0,low,1,0.687,6211.6,3739.05
CLM000889,0,1,1,0,0,1,1,medium,4,6.958,75621.28,51233.45
CLM000890,0,0,1,1,0,1,0,medium,3,4.212,47906.97,34861.09
CLM000891,1,0,1,0,1,0,0,medium,3,4.776,54801.9,45129.56
CLM000892,0,1,1,0,0,1,0,high,3,8.922,135360.18,90615.77
CLM000893,0,1,1,1,0,1,0,high,4,11.256,139304.69,114061.84
CLM000894,0,1,1,0,1,1,0,medium,4,5.452,68727.57,59086.55
CLM000895,1,0,0,0,1,0,0,medium,2,2.846,44378.86,23803.96
CLM000896,1,0,1,1,0,1,0,medium,4,6.997,81489.12,56674.32
CLM000897,0,0,1,1,0,0,0,low,2,2.236,27493.56,16223.86
CLM000898,1,1,1,0,1,0,0,high,4,9.853,81624.89,54543.86
CLM000899,1,0,0,0,0,1,0,low,2,1.944,30973.23,21303.87
CLM000900,0,1,1,0,1,0,0,high,3,5.666,51735.42,30524.34
CLM000901,0,1,0,0,0,1,1,medium,3,6.187,106882.56,64198.05
CLM000902,0,1,1,0,1,1,0,medium,4,7.372,108305.98,97468.86
CLM000903,0,0,0,0,1,0,0,medium,1,1.535,18363.46,6041.73
CLM000904,1,0,0,0,1,1,0,medium,3,5.036,76197.59,69822.07
CLM000905,0,1,1,0,1,1,0,high,4,9.7,144569.11,117432.81
CLM000906,1,0,0,0,1,0,1,high,3,7.182,111607.38,78350.31
CLM000907,0,1,1,0,1,1,0,high,4,12.52,218480.2,155414.19
CLM000908,0,0,1,0,0,1,1,high,3,8.995,175242.76,119829.87
CLM000909,0,0,1,0,0,1,1,low,3,2.574,53721.68,43712.89
CLM000910,1,1,0,0,0,1,0,medium,3,4.731,66835.84,37084.42
CLM000911,1,0,0,0,1,0,0,medium,2,2.775,30629.07,18523.07
CLM000912,1,0,1,0,0,1,0,low,3,3.119,40501.22,25670.05
CLM000913,0,1,1,0,1,1,0,medium,4,7.558,159865.79,147714.29
CLM000914,0,1,1,0,0,1,0,low,3,3.525,67642.06,45597.07
CLM000915,0,0,1,1,0,1,0,high,3,7.747,105482.34,63951.82
CLM000916,0,1,1,0,1,1,0,high,4,12.437,147105.46,117091.86
CLM000917,0,1,1,0,1,1,0,medium,4,6.072,77666.55,49815.29
CLM000918,0,0,1,0,0,1,0,medium,2,3.157,34673.55,30491.86
CLM000919,0,1,1,0,1,1,0,high,4,10.15,126518.37,116017.64
CLM000920,1,0,0,0,1,0,0,medium,2,2.538,38380.35,32340.08
CLM000921,0,0,0,0,0,1,0,low,1,1.086,9185.2,1916.38
CLM000922,0,0,1,1,0,1,0,medium,3,4.774,74341.82,56865.38
CLM000923,1,0,0,0,1,1,0,high,3,5.752,57451.83,26425.66
CLM000924,0,0,1,1,0,1,0,low,3,1.89,34889.07,21598.28
CLM000925,0,1,1,0,1,0,0,high,3,9.618,110403.63,98910.34
CLM000926,0,1,1,1,1,0,1,high,5,9.943,121654.75,98466.73
CLM000927,0,1,1,0,1,1,0,high,4,14.685,190757.69,166283.95
CLM000928,0,1,0,0,1,1,0,high,3,7.195,84683.18,74176.69
CLM000929,0,1,1,1,1,1,0,high,5,10.951,155118.98,121004.94
CLM000930,0,0,1,1,0,1,0,medium,3,4.498,66296.37,48752.38
CLM000931,0,1,1,0,0,0,1,medium,3,6.202,79641.77,64588.53
CLM000932,0,0,1,0,0,0,0,low,1,0.955,7982.57,0.0
CLM000933,1,0,1,0,0,0,0,low,2,2.066,21356.55,12373.42
CLM000934,0,0,1,0,0,0,0,low,1,0.777,13091.69,6607.96
CLM000935,0,0,1,1,0,0,0,medium,2,2.815,29941.11,7951.07
CLM000936,0,0,1,1,1,0,0,low,3,2.439,21742.83,8369.98
CLM000937,0,0,1,0,0,1,0,medium,2,3.173,63689.39,48686.44
CLM000938,1,0,0,0,0,0,0,low,1,0.9,12508.16,5184.57
CLM000939,1,0,0,0,0,0,0,low,1,0.838,12407.23,5940.98
CLM000940,0,1,1,0,1,1,0,high,4,11.05,209023.8,139621.64
CLM000941,0,1,1,0,0,0,0,low,2,2.193,30031.3,13111.83
CLM000942,0,1,1,0,1,1,0,high,4,11.952,195543.44,156778.98
CLM000943,0,0,1,1,0,0,0,medium,2,3.259,30316.5,26548.62
CLM000944,0,0,1,1,1,0,0,low,3,2.334,32109.02,26520.36
CLM000945,0,0,1,1,0,0,0,high,2,6.165,84202.22,50014.85
CLM000946,0,1,1,1,1,0,0,high,4,10.512,116463.85,94655.12
CLM000947,0,0,1,1,0,0,0,low,2,2.016,30716.96,14910.76
CLM000948,1,0,1,0,0,0,0,low,2,2.596,49450.28,31789.91
CLM000949,0,1,0,0,1,0,0,low,2,1.712,31440.62,21213.69
CLM000950,1,1,0,1,0,1,0,high,4,7.503,127108.51,89617.07
CLM000951,0,1,1,0,1,1,0,high,4,14.962,238036.31,174238.27
CLM000952,0,0,1,1,0,1,0,medium,3,5.196,64712.71,49458.74
CLM000953,1,0,0,0,0,0,0,low,1,0.783,7311.38,4047.52
CLM000954,1,0,0,1,1,0,0,medium,3,4.707,51553.72,39263.49
CLM000955,1,0,0,0,0,0,0,low,1,0.896,14721.88,4279.61
CLM000956,0,1,0,0,0,1,1,high,3,10.936,144152.21,128452.8
CLM000957,1,0,0,0,1,1,0,high,3,6.774,73756.07,22846.47
CLM000958,1,0,1,0,1,0,0,low,3,2.113,22676.59,13333.83
CLM000959,0,1,1,0,0,1,0,medium,3,4.37,91898.32,72773.66
CLM000960,1,0,0,0,1,1,0,medium,3,4.809,59762.29,47967.85
CLM000961,0,0,1,0,0,0,0,low,1,0.976,11397.87,8800.94
CLM000962,0,0,1,1,0,0,0,low,2,1.519,23423.37,16461.0
CLM000963,0,0,1,0,0,0,1,high,2,4.966,56532.35,40487.76
CLM000964,1,1,1,0,0,1,0,low,4,4.128,59999.84,35732.75
CLM000965,0,0,1,1,0,1,0,high,3,7.676,90025.41,77565.05
CLM000966,1,1,1,1,0,1,0,medium,5,9.406,126593.47,114937.31
CLM000967,1,1,1,0,0,1,0,medium,4,7.715,76701.26,43899.72
CLM000968,0,0,1,1,0,1,0,high,3,8.251,103319.74,62955.11
CLM000969,0,0,1,1,1,1,0,medium,4,5.293,71440.41,59303.25
CLM000970,1,0,0,0,0,0,0,low,1,0.935,11029.11,2996.36
CLM000971,1,0,1,0,0,0,0,low,2,1.966,28012.57,18511.23
CLM000972,1,0,1,1,0,1,0,medium,4,6.984,78986.01,59004.67
CLM000973,0,1,1,0,1,0,0,high,3,8.743,154431.74,106643.27
CLM000974,1,0,0,0,0,1,0,medium,2,3.739,39056.36,27259.02
CLM000975,0,0,1,0,1,0,0,low,2,1.67,31348.18,25749.05
CLM000976,0,1,1,0,1,0,0,medium,3,4.439,73221.81,46714.96
CLM000977,1,0,1,0,1,0,0,medium,3,4.451,54804.1,37541.67
CLM000978,1,0,1,0,1,0,0,medium,3,4.072,38917.38,25648.89
CLM000979,1,1,1,0,1,1,0,medium,5,7.433,80659.06,49914.21
CLM000980,1,0,0,0,1,0,0,high,2,3.599,45524.46,12640.2
CLM000981,0,1,1,0,1,1,0,high,4,11.721,132543.65,109934.92
CLM000982,0,0,1,0,0,0,0,low,1,1.001,11682.54,4233.87
CLM000983,0,0,1,1,0,0,0,high,2,6.166,86312.59,41431.3
CLM000984,1,0,0,0,1,1,0,medium,3,4.442,59817.57,53007.12
CLM000985,0,1,1,0,1,0,0,medium,3,5.11,67310.36,50996.08
CLM000986,0,1,1,1,1,1,0,high,5,12.008,144559.25,126764.06
CLM000987,0,0,0,0,0,1,0,low,1,0.97,9645.68,0.0
CLM000988,0,0,1,1,0,0,0,medium,2,3.253,34229.37,21691.54
CLM000989,1,0,1,1,1,0,0,low,4,4.215,31635.28,20570.24
CLM000990,1,0,1,0,1,0,0,low,3,2.155,33194.98,19011.42
CLM000991,0,0,1,0,0,0,0,low,1,0.829,11135.76,5035.47
CLM000992,0,1,1,0,1,1,0,high,4,10.928,209889.29,157465.37
CLM000993,1,0,0,0,1,1,0,high,3,5.984,95457.24,61524.27
CLM000994,1,1,0,0,1,1,0,medium,4,6.832,65156.48,49288.25
CLM000995,0,1,1,0,0,1,0,high,3,8.49,80084.25,58428.64
CLM000996,0,0,1,0,0,1,0,medium,2,2.844,37511.62,19694.27
CLM000997,1,0,0,0,0,0,0,medium,1,1.849,29673.85,17269.16
CLM000998,1,0,0,1,0,0,0,low,2,1.508,23603.51,14751.38
CLM000999,0,1,1,0,1,0,0,medium,3,4.192,46248.11,30198.13
CLM001000,1,0,0,0,1,0,0,low,2,1.518,22783.07,11629.71
CLM001001,0,0,1,0,1,0,0,low,2,2.024,22985.24,14888.4
CLM001002,1,0,1,0,1,0,0,low,3,2.946,25602.26,12364.5
CLM001003,0,0,0,1,0,1,0,low,2,2.538,34713.61,24056.3
CLM001004,0,1,1,0,0,0,0,medium,2,3.818,58171.28,41153.12
CLM001005,0,1,1,0,1,1,0,high,4,7.156,68158.14,49000.21
CLM001006,0,0,1,1,0,1,0,medium,3,3.039,24807.23,18567.99
CLM001007,1,1,0,0,1,0,0,low,3,2.381,34329.88,20831.83
CLM001008,0,0,1,0,0,0,0,low,1,0.74,13156.75,4653.6
CLM001009,0,0,1,0,0,0,1,low,2,2.52,29998.16,15231.16
CLM001010,0,1,1,0,1,1,0,high,4,11.55,172834.06,142041.07
CLM001011,0,1,1,0,1,1,0,high,4,12.1,203559.42,187302.54
CLM001012,0,1,0,0,1,0,0,medium,2,2.865,42960.55,24589.09
CLM001013,0,1,1,0,1,1,0,high,4,7.546,86349.5,60974.85
CLM001014,0,1,1,0,0,1,0,low,3,2.786,34327.68,17187.33
CLM001015,0,1,1,0,1,1,0,medium,4,7.086,141810.65,102109.64
CLM001016,1,0,1,0,0,0,0,low,2,2.621,33759.89,20025.8
CLM001017,1,0,0,0,0,0,0,low,1,1.068,16593.15,13402.01
CLM001018,0,1,1,1,1,1,0,high,5,14.889,197048.75,166829.35
CLM001019,0,1,1,0,1,1,1,high,5,15.686,360756.42,328656.8
CLM001020,0,0,1,0,0,0,0,low,1,0.601,5407.39,0.0
CLM001021,0,0,1,1,0,0,0,low,2,2.448,37785.91,21598.68
CLM001022,0,0,1,0,0,0,0,low,1,0.881,14672.89,10075.16
CLM001023,0,1,0,0,0,1,1,high,3,7.824,81350.35,60284.92
CLM001024,1,1,1,0,0,0,0,high,3,5.258,78295.32,71733.86
CLM001025,1,1,0,0,0,0,0,medium,2,3.217,45546.24,32144.75
CLM001026,0,1,1,0,1,1,0,high,4,10.253,212813.09,169413.82
CLM001027,0,1,1,0,1,1,0,high,4,12.482,210130.38,149531.34
CLM001028,1,0,0,0,0,0,0,low,1,0.777,7900.44,1707.32
CLM001029,1,0,0,0,1,1,0,low,3,2.817,18654.41,8558.48
CLM001030,0,0,1,0,0,0,0,low,1,0.681,6624.87,127.7
CLM001031,0,1,1,0,1,0,0,medium,3,2.573,27272.69,20922.31
CLM001032,1,1,0,0,1,1,0,high,4,13.221,184671.17,142296.67
CLM001033,0,1,1,0,1,1,0,high,4,7.823,115184.77,80612.19
CLM001034,1,0,0,0,1,1,0,high,3,7.813,76032.13,51600.22
CLM001035,0,1,1,0,0,1,0,low,3,3.093,50164.54,27148.13
CLM001036,1,0,0,0,1,0,0,low,2,1.964,27402.25,14678.59
CLM001037,0,1,1,0,1,1,0,high,4,5.886,84858.04,66964.42
CLM001038,0,0,1,1,0,1,0,medium,3,4.395,53167.59,40593.91
CLM001039,1,0,1,0,1,1,0,high,4,9.829,153029.18,133382.53
CLM001040,0,0,1,1,0,0,0,medium,2,4.004,59473.15,42191.41
CLM001041,1,0,1,0,1,1,0,medium,4,4.442,53667.41,42198.46
CLM001042,0,0,1,0,0,1,0,low,2,1.818,33072.79,26966.7
CLM001043,1,0,0,0,1,0,0,low,2,1.844,20857.52,15920.55
CLM001044,1,0,0,0,1,0,0,high,2,4.793,51923.55,34282.3
CLM001045,0,0,1,0,0,0,0,low,1,0.903,8376.3,0.0
CLM001046,1,0,0,0,0,0,0,low,1,1.092,12510.2,7706.43
CLM001047,0,0,1,1,0,0,0,low,2,2.07,29310.06,19642.27
CLM001048,0,0,1,1,0,0,1,high,3,6.913,60949.61,54965.64
CLM001049,0,0,1,0,0,0,0,low,1,0.655,5211.26,0.0
CLM001050,1,0,0,0,1,0,0,low,2,1.281,16959.51,10771.15
CLM001051,0,0,1,0,1,0,0,low,2,1.862,21701.29,16037.08
CLM001052,1,0,0,0,1,0,0,medium,2,3.124,49736.79,35511.02
CLM001053,1,0,1,0,1,0,0,high,3,8.964,133876.98,95855.25
CLM001054,0,0,1,1,1,0,0,medium,3,3.866,39331.97,31911.21
CLM001055,1,0,0,0,1,1,0,medium,3,3.497,37399.09,29054.56
CLM001056,1,0,0,0,1,1,0,high,3,5.471,74362.62,56642.13
CLM001057,0,1,1,0,1,1,0,high,4,8.524,130104.02,101249.08
CLM001058,0,1,0,0,1,1,1,medium,4,7.043,134947.6,84818.27
CLM001059,0,1,1,1,0,1,0,medium,4,7.225,141018.88,116712.9
CLM001060,0,1,1,1,1,0,0,medium,4,4.795,66182.12,52258.66
CLM001061,0,0,1,0,0,0,0,low,1,0.821,10697.47,5582.56
CLM001062,1,0,0,0,0,0,0,medium,1,1.48,25491.27,21132.58
CLM001063,0,0,1,1,0,0,0,medium,2,3.567,33020.76,25244.95
CLM001064,0,1,1,0,0,1,1,high,4,14.854,317894.0,281594.23
CLM001065,0,1,1,0,0,1,1,high,4,15.673,274063.74,222554.25
CLM001066,1,0,0,1,1,0,0,low,3,2.495,23140.08,13612.09
CLM001067,1,0,0,1,0,0,0,low,2,1.823,15696.75,11705.89
CLM001068,1,0,0,0,0,1,0,medium,2,3.727,71193.61,43709.96
CLM001069,1,0,1,0,1,0,0,medium,3,5.237,71481.47,44880.47
CLM001070,0,0,1,1,0,1,0,medium,3,4.205,37851.36,24082.79
CLM001071,0,0,1,1,0,0,1,high,3,6.603,61498.91,53611.12
CLM001072,0,0,1,0,1,0,0,low,2,1.529,25578.08,16431.6
CLM001073,1,0,0,1,0,0,0,medium,2,3.545,58799.34,53456.12
CLM001074,1,0,0,0,1,1,0,low,3,3.442,44231.51,26212.79
CLM001075,0,0,1,0,0,0,0,medium,1,1.537,23445.12,18628.45
CLM001076,1,0,0,0,1,1,0,high,3,6.747,138829.89,115457.91
CLM001077,0,0,1,0,0,0,0,low,1,0.845,14127.01,0.0
CLM001078,0,0,1,1,0,0,0,high,2,5.458,113821.64,85935.47
CLM001079,0,0,1,1,0,0,1,high,3,10.21,114489.12,83659.76
CLM001080,0,0,1,1,0,1,0,high,3,10.841,102881.64,82585.0
CLM001081,0,0,1,1,1,0,0,low,3,3.635,39399.82,19450.87
CLM001082,1,1,1,0,1,0,0,medium,4,8.426,140408.42,111175.22
CLM001083,0,1,1,0,0,0,0,low,2,2.12,29211.22,22774.91
CLM001084,0,1,1,0,0,1,0,medium,3,5.087,112874.7,88712.33
CLM001085,0,1,1,0,1,1,0,high,4,11.337,131508.46,87664.91
CLM001086,0,1,0,1,1,1,1,high,5,13.839,208846.0,180952.04
CLM001087,0,0,1,0,1,1,0,medium,3,4.778,90230.14,70517.61
CLM001088,1,0,1,1,0,0,0,medium,3,4.395,49288.27,43328.68
CLM001089,1,0,0,0,1,1,0,medium,3,4.72,70647.28,52724.84
CLM001090,0,0,1,0,0,0,0,low,1,0.799,6076.15,2591.96
CLM001091,1,0,0,0,1,0,0,medium,2,3.507,59771.08,34076.12
CLM001092,0,0,1,0,1,1,0,low,3,2.293,32765.22,22953.5
CLM001093,0,1,1,1,1,0,1,high,5,16.258,250862.34,213233.99
CLM001094,0,0,1,1,0,1,0,medium,3,6.168,80045.13,63106.05
CLM001095,0,1,1,0,1,1,0,high,4,7.847,113871.69,88926.39
CLM001096,0,1,1,0,1,0,0,high,3,7.137,96885.25,74457.75
CLM001097,0,1,1,0,0,0,0,medium,2,3.503,27627.08,16780.97
CLM001098,1,1,1,0,0,0,0,low,3,2.912,51088.32,38814.49
CLM001099,0,1,1,0,0,0,1,low,3,3.27,37522.64,26268.17
CLM001100,0,1,1,0,1,0,0,high,3,6.277,67761.59,55535.32
CLM001101,0,0,1,1,0,0,0,medium,2,3.009,56407.28,33175.02
CLM001102,1,0,0,1,1,1,0,high,4,8.7,125689.08,99167.45
CLM001103,1,0,0,0,1,0,0,low,2,2.069,36495.1,21420.26
CLM001104,0,0,0,1,0,0,0,medium,1,1.63,13536.19,1720.72
CLM001105,0,1,1,0,0,0,1,high,3,11.51,182759.81,138640.65
CLM001106,0,0,1,0,0,1,0,low,2,1.866,16800.35,12489.06
CLM001107,1,0,0,1,1,1,0,high,4,10.654,122010.72,82260.87
CLM001108,0,1,1,0,0,1,0,medium,3,5.076,60969.82,33648.9
CLM001109,0,1,0,0,0,1,1,low,3,3.696,63182.44,54676.14
CLM001110,1,0,0,0,0,0,0,medium,1,1.62,17407.14,7557.58
CLM001111,0,0,1,1,0,1,0,medium,3,5.476,76327.81,59613.84
CLM001112,0,0,1,0,0,0,0,low,1,1.047,7145.22,637.5
CLM001113,0,0,0,0,1,1,0,medium,2,3.237,37335.52,18332.25
CLM001114,1,0,0,0,1,1,1,medium,4,6.693,68731.54,51156.78
CLM001115,0,0,1,1,0,1,0,medium,3,4.606,40619.71,18940.88
CLM001116,1,0,0,0,1,1,0,low,3,3.041,30476.51,21468.32
CLM001117,1,0,1,0,1,0,0,medium,3,4.635,59846.48,54322.11
CLM001118,1,0,0,0,1,0,0,low,2,2.098,23295.3,20050.65
CLM001119,0,0,1,1,0,1,0,medium,3,4.734,60341.65,38202.19
CLM001120,0,0,1,0,1,1,0,medium,3,4.039,43777.67,28716.37
CLM001121,1,0,1,0,1,0,0,medium,3,3.774,50259.47,36609.6
CLM001122,0,0,1,0,0,0,0,low,1,0.841,10667.86,7447.83
CLM001123,0,0,1,0,0,0,0,medium,1,1.466,12601.44,4107.63
CLM001124,1,0,0,1,1,0,0,medium,3,4.348,40172.51,17393.37
CLM001125,1,0,0,0,1,0,0,medium,2,3.217,37071.68,25943.07
CLM001126,0,0,1,0,1,0,0,low,2,2.098,27312.89,17236.72
CLM001127,1,0,0,0,1,0,0,high,2,5.087,96762.47,65605.39
CLM001128,1,0,0,0,0,1,0,low,2,2.192,23442.24,18107.56
CLM001129,0,1,1,1,1,1,1,high,6,23.287,459031.26,320222.84
CLM001130,0,0,1,0,0,0,0,low,1,0.883,17705.52,7927.43
CLM001131,0,1,1,0,0,0,0,medium,2,2.38,35578.25,24271.53
CLM001132,1,0,0,0,1,1,0,high,3,6.003,79293.16,67831.05
CLM001133,0,0,1,0,0,0,0,medium,1,1.504,19626.99,13587.88
CLM001134,1,1,1,0,1,1,0,high,5,9.986,168804.78,132693.69
CLM001135,1,0,0,0,0,1,0,medium,2,3.531,51622.25,42938.54
CLM001136,0,0,1,1,0,1,0,medium,3,4.355,48936.87,29602.14
CLM001137,0,0,1,1,0,0,0,low,2,2.179,17115.39,10164.46
CLM001138,1,0,0,0,1,1,0,low,3,2.559,33347.11,25437.87
CLM001139,0,0,1,0,0,1,0,low,2,1.803,22026.55,18081.53
CLM001140,0,1,1,1,0,1,1,high,5,16.438,162940.6,120047.37
CLM001141,0,0,1,1,0,1,0,medium,3,4.106,33378.19,22265.85
CLM001142,0,0,1,0,0,0,0,low,1,0.871,12430.76,1950.92
CLM001143,0,0,1,0,0,0,0,low,1,0.913,9938.43,0.0
CLM001144,0,0,1,0,0,1,0,low,2,1.372,13396.78,0.0
CLM001145,1,0,0,1,1,0,0,high,3,7.574,74898.69,55123.06
CLM001146,0,0,1,0,0,0,1,medium,2,3.787,53527.67,38225.57
CLM001147,0,0,1,0,1,1,0,medium,3,3.7,56620.53,48684.53
CLM001148,0,1,1,1,1,1,0,high,5,17.18,240358.78,155219.97
CLM001149,0,0,1,1,1,1,0,low,4,4.284,67480.26,42187.84
CLM001150,1,0,1,1,1,0,0,high,4,8.993,125914.44,115031.08
CLM001151,0,0,0,0,1,0,0,low,1,0.906,9019.98,5861.48
CLM001152,1,0,0,0,1,0,0,medium,2,3.7,42040.65,32150.77
CLM001153,0,1,1,0,1,1,0,high,4,9.78,102083.41,53070.59
CLM001154,0,0,1,0,0,1,0,medium,2,3.022,40712.0,29003.68
CLM001155,0,1,0,0,0,0,1,low,2,3.0,47264.51,29409.93
CLM001156,1,0,0,1,0,1,0,medium,3,4.412,51335.35,38272.24
CLM001157,0,1,1,0,0,1,1,high,4,9.358,98653.05,59471.38
CLM001158,0,0,1,0,0,1,0,low,2,2.248,30054.62,19626.86
CLM001159,0,1,1,1,1,1,0,medium,5,10.683,140805.63,123008.95
CLM001160,0,0,1,0,0,0,0,low,1,0.793,4689.9,0.0
CLM001161,0,0,1,0,0,1,0,medium,2,3.49,42739.73,37303.26
CLM001162,0,1,1,0,0,0,0,medium,2,2.928,29519.91,19464.21
CLM001163,0,0,1,0,0,1,1,high,3,6.18,90670.91,73161.24
CLM001164,0,1,0,0,0,1,1,medium,3,7.082,85827.48,61353.13
CLM001165,1,1,1,0,1,1,1,high,6,19.503,488913.6,438608.59
CLM001166,1,0,0,1,1,0,0,high,3,7.09,68437.1,43862.5
CLM001167,1,1,1,1,0,1,1,high,6,14.482,155537.17,124518.76
CLM001168,1,0,0,0,1,1,0,low,3,2.802,30351.82,24283.55
CLM001169,1,0,0,0,1,0,0,low,2,1.834,22190.78,12763.42
CLM001170,0,1,1,0,0,0,0,medium,2,2.766,46219.95,24920.55
CLM001171,0,0,1,0,0,0,0,low,1,0.772,11926.92,3161.0
CLM001172,0,0,1,0,0,0,0,low,1,0.912,12413.46,5321.52
CLM001173,0,0,1,1,0,1,0,medium,3,5.371,75475.21,49203.67
CLM001174,0,0,1,0,1,1,0,low,3,3.577,48908.8,39604.23
CLM001175,1,0,0,0,1,1,0,high,3,6.948,92404.92,74244.28
CLM001176,0,0,1,1,0,0,0,low,2,2.32,27247.96,15107.47
CLM001177,0,0,1,1,0,0,0,medium,2,3.595,45017.4,27997.74
CLM001178,0,0,1,1,0,0,0,low,2,2.008,23806.81,18599.75
CLM001179,0,0,1,0,1,0,0,low,2,1.651,24378.82,18309.11
CLM001180,0,0,1,0,0,1,0,medium,2,2.77,26179.02,13245.14
CLM001181,1,0,0,0,1,0,1,high,3,10.079,149364.43,85394.43
CLM001182,1,1,1,0,1,1,0,medium,5,10.577,132598.4,92016.52
CLM001183,1,0,0,0,1,1,0,low,3,2.618,33352.93,26525.82
CLM001184,0,1,1,0,1,1,0,high,4,8.83,116041.77,76277.23
CLM001185,0,0,1,0,0,0,1,medium,2,3.506,30279.86,15009.63
CLM001186,1,0,0,0,1,1,0,medium,3,4.552,73530.88,60887.3
CLM001187,0,1,1,0,1,0,0,medium,3,3.983,66739.48,54319.42
CLM001188,0,0,1,1,0,0,0,low,2,2.056,29546.18,10712.97
CLM001189,0,1,1,0,1,1,0,high,4,9.64,131927.44,77922.53
CLM001190,1,0,0,0,1,0,0,high,2,3.503,55135.86,43291.29
CLM001191,0,1,1,1,1,1,0,high,5,10.893,159627.18,131401.47
CLM001192,0,0,1,0,0,1,0,medium,2,2.865,34880.24,19126.19
CLM001193,0,0,0,0,0,0,1,low,1,1.226,16427.72,9650.51
CLM001194,0,0,1,1,0,0,0,medium,2,4.023,62238.46,51880.72
CLM001195,0,1,0,0,0,1,1,medium,3,5.948,78473.4,53485.11
CLM001196,1,0,0,0,1,1,0,medium,3,6.029,129156.04,112664.09
CLM001197,0,1,1,1,0,0,0,low,3,3.723,37802.92,18454.37
CLM001198,1,0,0,0,1,0,0,medium,2,2.395,37170.45,30113.43
CLM001199,1,0,0,0,1,1,0,low,3,2.419,34931.91,22436.82
CLM001200,0,0,1,1,0,0,0,medium,2,2.445,42206.2,37250.32
CLM001201,0,0,1,1,0,1,0,high,3,5.763,106258.25,75202.46
CLM001202,0,1,0,0,1,0,0,low,2,2.382,23829.91,14418.9
CLM001203,1,0,0,0,0,0,0,medium,1,1.797,22002.31,5600.39
CLM001204,0,0,1,0,0,0,0,low,1,0.763,5491.23,0.0
CLM001205,1,0,1,0,0,0,0,low,2,1.823,25063.19,16229.61
CLM001206,0,0,1,1,0,0,0,low,2,1.932,22176.42,5890.9
CLM001207,0,0,1,0,1,0,0,low,2,1.497,21716.4,14895.98
CLM001208,1,0,1,1,0,1,0,low,4,3.461,59570.87,43964.15
CLM001209,0,0,0,0,1,0,0,low,1,0.671,5265.74,724.15
CLM001210,0,0,1,0,0,1,0,low,2,1.707,16772.29,8170.82
CLM001211,0,1,1,0,1,1,0,high,4,7.194,70978.36,48656.75
CLM001212,0,0,1,0,1,0,0,low,2,1.225,12197.23,5812.67
CLM001213,0,1,1,1,0,1,0,high,4,8.653,85680.23,77395.12
CLM001214,0,0,0,0,0,0,1,medium,1,2.09,22036.8,11395.41
CLM001215,1,0,1,0,0,0,0,low,2,1.727,18950.2,9190.5
CLM001216,0,1,1,0,1,1,0,high,4,8.477,132150.13,87439.42
CLM001217,0,1,1,0,0,1,0,low,3,3.098,46172.07,32102.71
CLM001218,0,0,1,0,0,0,0,low,1,0.894,10268.47,7312.37
CLM001219,0,0,1,1,0,1,0,medium,3,4.174,44414.8,32413.18
CLM001220,1,1,0,0,1,0,0,medium,3,4.889,58443.69,47923.01
CLM001221,0,0,1,1,0,1,0,high,3,8.915,68917.31,32013.37
CLM001222,1,0,0,0,0,0,0,low,1,0.94,10086.03,6560.12
CLM001223,0,1,1,0,1,1,0,high,4,10.14,128229.5,108677.97
CLM001224,1,0,0,0,1,0,0,high,2,6.016,68892.36,57603.46
CLM001225,0,0,1,0,0,0,0,low,1,0.722,7472.96,0.0
CLM001226,0,0,0,1,0,0,0,low,1,0.959,8998.57,4179.02
CLM001227,1,1,1,1,0,1,0,high,5,14.956,195907.79,173980.32
CLM001228,1,1,0,0,1,0,0,low,3,2.571,38528.89,26651.84
CLM001229,0,0,0,1,0,0,0,low,1,0.959,9344.75,6472.14
CLM001230,1,0,0,0,1,1,0,medium,3,5.39,63568.95,47291.41
CLM001231,0,0,1,0,0,1,0,medium,2,3.515,34200.78,28105.89
CLM001232,0,1,1,0,1,1,0,high,4,8.443,92462.97,68699.38
CLM001233,0,1,0,0,0,0,0,low,1,1.265,10765.89,0.0
CLM001234,1,0,0,0,1,1,0,medium,3,3.965,48674.74,36662.09
CLM001235,1,0,0,0,0,1,0,low,2,1.513,12648.88,316.45
CLM001236,1,1,0,1,0,0,1,high,4,12.396,188405.6,151342.19
CLM001237,0,0,1,0,1,0,0,low,2,1.522,24806.73,18958.92
CLM001238,1,1,1,1,1,1,0,high,6,20.042,345378.03,323368.07
CLM001239,0,0,1,1,0,0,1,medium,3,6.033,94943.82,80886.62
CLM001240,1,0,0,0,1,0,0,medium,2,2.636,39025.57,18278.4
CLM001241,0,1,1,0,1,0,0,low,3,2.762,26519.9,19638.85
CLM001242,1,0,0,1,1,0,0,low,3,2.138,20524.82,12715.12
CLM001243,0,0,1,1,0,1,0,medium,3,4.183,45123.86,30850.19
CLM001244,1,1,1,1,1,0,0,medium,5,9.138,106352.68,88158.3
CLM001245,0,0,0,0,1,0,0,low,1,0.566,6868.67,621.51
CLM001246,0,0,0,0,1,0,0,low,1,0.622,10044.39,5436.47
CLM001247,0,1,1,0,1,1,0,high,4,11.797,166566.41,135727.54
CLM001248,1,0,0,0,1,0,0,medium,2,3.32,39738.05,28625.09
CLM001249,0,1,1,0,1,0,0,high,3,6.279,73257.37,56766.94
CLM001250,1,0,1,0,0,0,0,low,2,1.978,23538.71,16858.96
CLM001251,1,0,0,0,1,1,0,high,3,8.096,83092.22,55288.92
CLM001252,0,1,1,0,1,1,0,low,4,4.213,67556.76,42358.92
CLM001253,0,1,1,0,1,1,0,medium,4,6.47,100288.15,65970.33
CLM001254,0,1,1,0,0,1,0,medium,3,4.477,72025.58,49257.99
CLM001255,0,0,1,1,0,1,0,low,3,3.114,36416.09,22825.48
CLM001256,1,0,1,1,0,0,0,low,3,2.987,44269.97,31384.7
CLM001257,0,1,1,0,0,0,0,medium,2,2.924,29296.4,18824.17
CLM001258,0,0,1,1,0,1,0,medium,3,4.789,40095.14,20292.95
CLM001259,0,0,1,0,0,0,0,low,1,0.963,7695.08,3358.27
CLM001260,0,0,1,0,0,0,0,medium,1,1.324,16939.38,13404.77
CLM001261,0,1,1,1,1,1,1,high,6,16.2,200807.1,160430.38
CLM001262,1,0,0,0,1,0,0,medium,2,2.605,22323.16,12061.04
CLM001263,0,0,1,1,0,0,0,high,2,6.153,74969.38,55252.25
CLM001264,1,0,0,0,1,0,0,low,2,1.757,24676.39,15690.52
CLM001265,0,1,1,0,1,1,0,high,4,11.04,170636.28,126397.19
CLM001266,0,0,1,0,0,0,0,low,1,0.86,6259.84,2761.65
CLM001267,0,1,1,0,0,1,0,medium,3,5.167,51026.29,31622.78
CLM001268,1,0,0,0,1,0,0,low,2,1.659,17575.48,10294.77
CLM001269,0,0,1,1,0,0,0,high,2,6.115,88199.42,67284.33
CLM001270,0,1,1,0,0,1,0,low,3,3.835,54635.39,48376.4
CLM001271,0,0,0,0,1,0,0,low,1,0.663,11788.71,7205.93
CLM001272,0,1,1,0,1,1,0,high,4,9.358,129301.55,111863.45
CLM001273,0,0,1,1,0,1,0,medium,3,5.541,88693.38,49356.54
CLM001274,1,0,0,0,1,1,0,high,3,5.684,99115.99,69280.07
CLM001275,1,0,0,0,1,0,0,low,2,1.503,22841.45,10100.24
CLM001276,0,0,1,0,0,0,0,low,1,0.913,10629.84,4587.22
CLM001277,0,1,1,0,0,0,0,medium,2,2.59,31644.51,23814.81
CLM001278,0,0,1,1,0,1,0,high,3,8.87,95134.74,83072.98
CLM001279,0,1,1,0,0,1,1,medium,4,6.729,108825.63,88902.71
CLM001280,0,1,1,0,1,1,0,medium,4,7.116,96608.12,61681.6
CLM001281,0,1,1,0,1,1,0,medium,4,7.58,151582.6,134163.51
CLM001282,1,0,0,1,0,1,0,high,3,8.001,130030.06,89225.43
CLM001283,1,0,0,1,0,0,0,low,2,2.182,23191.09,6960.56
CLM001284,0,1,1,0,1,0,0,low,3,2.391,25325.48,2978.0
CLM001285,0,0,1,1,1,0,0,medium,3,4.406,65775.86,53516.1
CLM001286,0,1,1,0,0,0,1,high,3,7.951,92857.66,74526.46
CLM001287,0,1,0,0,1,0,0,low,2,1.967,31574.21,25673.46
CLM001288,0,1,1,0,1,1,0,high,4,9.308,174579.35,118656.04
CLM001289,1,0,0,0,1,0,0,medium,2,2.445,48101.02,29680.3
CLM001290,0,1,1,0,0,1,0,medium,3,5.383,81920.5,69464.27
CLM001291,1,0,0,0,0,0,0,medium,1,1.815,22410.22,15628.65
CLM001292,0,0,1,0,0,0,0,low,1,0.628,8769.16,3451.91
CLM001293,0,1,1,0,1,1,1,high,5,12.161,125696.07,89190.49
CLM001294,0,0,0,0,1,1,0,low,2,1.47,10187.97,5280.47
CLM001295,0,0,1,1,0,0,0,medium,2,2.704,39398.42,22721.25
CLM001296,0,1,1,0,0,1,0,medium,3,4.305,29095.21,19155.68
CLM001297,1,0,0,0,1,0,0,medium,2,3.406,51694.94,41489.27
CLM001298,0,0,1,0,0,0,0,low,1,0.766,12439.03,1343.68
CLM001299,0,1,1,0,1,0,0,medium,3,3.869,91653.42,66617.79
CLM001300,0,0,1,1,0,1,0,medium,3,5.573,80282.68,61039.96
CLM001301,1,0,1,1,0,0,0,medium,3,5.418,63317.6,41170.12
CLM001302,0,1,1,0,1,1,0,medium,4,6.032,69854.43,44046.67
CLM001303,0,0,1,1,0,0,0,medium,2,3.759,36181.26,24143.61
CLM001304,0,0,0,0,1,0,0,low,1,0.834,12902.56,0.0
CLM001305,1,0,0,0,1,0,0,low,2,1.851,26091.06,19581.52
CLM001306,0,1,1,0,1,1,0,high,4,7.78,90191.67,41593.84
CLM001307,0,0,1,0,0,0,0,medium,1,1.147,13358.14,8062.88
CLM001308,1,0,0,0,0,1,0,low,2,1.861,23162.18,17077.71
CLM001309,0,0,1,1,0,1,0,high,3,7.001,75099.23,43984.99
CLM001310,0,0,0,0,0,1,0,medium,1,1.602,30074.67,19378.28
CLM001311,0,1,1,0,0,1,1,high,4,8.874,129195.16,96896.2
CLM001312,0,1,1,1,0,1,1,medium,5,7.608,95838.5,85765.03
CLM001313,0,1,1,0,1,0,0,high,3,5.466,67752.83,46214.21
CLM001314,0,0,1,1,1,1,0,medium,4,7.013,114945.28,96373.59
CLM001315,0,0,1,0,1,1,0,medium,3,4.019,65579.34,49214.32
CLM001316,1,0,1,1,0,0,1,low,4,3.47,47928.78,36287.9
CLM001317,1,0,0,0,0,1,0,low,2,2.23,28295.95,13748.94
CLM001318,0,1,0,0,0,1,1,medium,3,4.617,46795.67,31023.11
CLM001319,1,1,1,0,0,0,1,low,4,5.023,70329.59,49259.61
CLM001320,0,0,1,1,0,0,0,low,2,1.701,26189.76,22695.0
CLM001321,0,1,1,0,1,0,0,medium,3,3.981,49582.17,30185.11
CLM001322,0,0,1,1,0,0,0,medium,2,3.16,53494.14,46434.04
CLM001323,0,0,1,0,1,0,0,medium,2,2.926,27502.62,18237.72
CLM001324,0,0,1,0,0,1,0,low,2,1.482,23856.56,11255.53
CLM001325,0,1,1,1,1,1,0,high,5,12.284,179389.6,119539.92
CLM001326,0,0,1,0,1,1,0,medium,3,5.258,82349.08,58523.57
CLM001327,0,0,0,0,1,0,0,low,1,0.72,5938.16,2504.45
CLM001328,1,0,0,0,1,0,0,medium,2,2.627,24445.83,12697.51
CLM001329,1,0,1,0,1,0,0,medium,3,5.141,58896.11,43841.85
CLM001330,0,1,1,0,1,1,0,low,4,3.143,61135.06,51761.55
CLM001331,0,1,1,0,0,1,1,high,4,13.308,373675.31,311710.12
CLM001332,0,1,1,1,0,0,0,low,3,2.934,49597.56,39549.85
CLM001333,0,1,1,1,0,0,0,medium,3,4.855,52179.32,40212.34
CLM001334,1,1,1,0,1,1,0,high,5,13.262,140473.46,122742.99
CLM001335,0,0,1,0,1,0,0,low,2,1.684,24118.85,15051.74
CLM001336,0,1,1,0,0,0,0,low,2,1.746,37552.28,30617.91
CLM001337,0,0,1,1,0,0,0,medium,2,3.65,58447.78,51774.16
CLM001338,0,0,1,0,0,0,0,medium,1,1.285,17338.56,10566.29
CLM001339,0,1,1,0,1,1,0,medium,4,5.876,89651.52,72832.24
CLM001340,0,1,1,0,0,0,0,medium,2,3.915,74058.15,56492.47
CLM001341,0,0,1,0,0,1,0,low,2,1.441,9460.35,3657.18
CLM001342,1,1,1,1,0,1,0,medium,5,9.115,129212.77,98155.33
CLM001343,0,1,1,0,0,0,0,medium,2,2.798,40191.59,32324.15
CLM001344,0,1,1,0,1,0,0,medium,3,5.442,71451.37,59237.74
CLM001345,0,1,0,0,0,1,1,low,3,3.638,50861.79,40197.49
CLM001346,0,0,1,0,0,1,0,low,2,1.571,21029.65,10345.28
CLM001347,0,0,0,0,1,0,0,low,1,0.732,10050.24,1472.24
CLM001348,0,0,1,0,0,0,0,medium,1,1.222,12906.55,9241.08
CLM001349,0,1,1,1,1,1,0,high,5,14.341,244470.52,198754.82
CLM001350,0,1,1,0,0,1,0,medium,3,4.719,35607.2,29748.45
CLM001351,0,0,1,0,1,1,1,high,4,12.557,174180.95,139425.07
CLM001352,1,0,0,0,1,0,0,medium,2,3.58,47925.89,35199.34
CLM001353,1,0,1,0,0,1,0,low,3,2.471,20034.36,15001.03
CLM001354,1,0,0,0,0,0,1,medium,2,3.972,62234.91,53129.78
CLM001355,0,1,1,0,1,0,0,low,3,2.154,25035.18,21399.21
CLM001356,0,0,1,0,0,0,0,low,1,0.746,10469.51,6467.78
CLM001357,1,0,0,0,1,0,0,medium,2,2.425,21039.67,15743.73
CLM001358,0,0,1,0,0,0,0,low,1,0.808,11460.73,7332.01
CLM001359,0,0,1,1,0,0,0,medium,2,2.846,56038.81,40268.89
CLM001360,1,0,0,0,1,0,0,medium,2,3.01,51784.57,34687.25
CLM001361,0,1,1,0,1,1,1,high,5,10.973,205814.6,139666.63
CLM001362,0,1,1,0,0,1,0,high,3,6.522,80104.96,57506.29
CLM001363,0,1,0,0,1,0,0,medium,2,3.153,34939.09,26211.0
CLM001364,1,0,0,0,1,0,0,medium,2,3.534,48786.6,27925.19
CLM001365,0,1,1,0,0,1,0,low,3,3.941,59052.43,47786.44
CLM001366,0,0,1,0,1,1,1,medium,4,6.79,87337.03,68153.64
CLM001367,1,0,1,0,0,0,0,low,2,2.159,32491.38,25259.06
CLM001368,0,0,1,0,1,0,0,low,2,1.237,12041.49,8347.99
CLM001369,0,0,1,0,0,0,0,low,1,0.811,8115.08,835.6
CLM001370,1,0,0,0,1,0,0,low,2,1.594,21708.8,15217.17
CLM001371,1,0,0,0,0,0,0,low,1,0.774,9360.43,4343.32
CLM001372,0,1,1,1,0,0,0,medium,3,4.49,54054.06,26180.29
CLM001373,0,0,1,1,0,0,0,low,2,2.361,21817.23,17042.93
CLM001374,0,0,0,1,0,1,0,low,2,2.385,21455.36,7549.37
CLM001375,0,0,1,1,1,1,0,high,4,10.095,124578.75,95307.31
CLM001376,0,1,1,0,0,1,1,medium,4,6.922,90997.62,61131.05
CLM001377,0,1,1,0,1,0,0,medium,3,5.221,87458.85,56072.35
CLM001378,0,0,1,1,0,1,0,medium,3,4.167,52525.74,41238.1
CLM001379,0,1,1,0,0,0,0,medium,2,3.492,44221.93,36506.36
CLM001380,1,0,0,0,0,0,0,low,1,0.957,15823.42,6171.38
CLM001381,1,0,1,0,0,0,0,low,2,1.839,28358.38,17789.72
CLM001382,1,0,1,0,1,0,0,medium,3,4.98,75420.27,66565.56
CLM001383,1,0,0,0,0,0,0,medium,1,1.709,20381.09,5794.71
CLM001384,0,1,1,0,1,0,0,medium,3,4.646,60999.02,43945.39
CLM001385,1,0,1,1,0,1,0,medium,4,6.622,80581.6,50430.65
CLM001386,0,0,1,0,0,0,0,low,1,0.972,13169.99,5271.0
CLM001387,1,1,1,0,1,1,0,high,5,15.576,283550.16,229356.02
CLM001388,1,0,0,1,1,1,0,medium,4,8.048,93014.27,82840.28
CLM001389,0,1,1,0,0,0,0,medium,2,3.118,48388.04,31554.58
CLM001390,0,0,1,0,0,0,0,low,1,0.89,10191.6,7001.43
CLM001391,0,1,1,0,1,1,0,high,4,11.525,212429.2,145149.44
CLM001392,0,0,1,0,1,1,0,medium,3,3.982,31695.63,13805.61
CLM001393,1,0,0,0,1,0,0,low,2,1.442,26680.7,17355.49
CLM001394,1,0,0,0,0,1,0,high,2,4.801,50419.44,30294.27
CLM001395,1,0,1,0,1,0,0,high,3,6.401,54799.87,40314.87
CLM001396,0,0,1,0,1,1,1,high,4,11.872,172629.62,125554.1
CLM001397,1,0,0,0,0,0,0,medium,1,1.842,37889.26,23136.05
CLM001398,0,0,1,1,0,0,0,medium,2,4.169,51579.92,33567.17
CLM001399,0,0,1,1,0,1,1,high,4,9.593,152598.78,133529.79
CLM001400,0,0,1,0,1,1,0,medium,3,4.815,53572.56,37790.78
CLM001401,0,0,1,0,0,0,0,low,1,0.594,10052.62,0.0
CLM001402,0,0,1,0,0,0,0,low,1,0.949,13533.89,7637.65
CLM001403,0,0,1,0,0,0,0,low,1,0.776,8382.36,2104.96
CLM001404,0,0,0,0,1,0,0,low,1,0.776,14789.71,9962.97
CLM001405,0,1,1,0,0,1,1,high,4,14.82,242615.38,171764.83
CLM001406,0,0,1,0,1,1,1,high,4,11.871,232427.09,200411.75
CLM001407,1,1,0,0,1,0,0,medium,3,5.359,51769.21,40879.63
CLM001408,0,0,1,0,1,1,0,high,3,8.908,104381.95,63182.35
CLM001409,0,0,1,1,0,1,0,medium,3,5.314,38497.47,22812.48
CLM001410,1,0,0,1,1,1,0,high,4,8.304,94777.02,74162.82
CLM001411,1,0,0,0,1,1,0,medium,3,4.668,56988.23,45467.78
CLM001412,1,1,1,1,0,1,1,high,6,23.421,367039.14,330169.81
CLM001413,0,1,1,0,1,1,1,high,5,15.02,368260.22,297152.46
CLM001414,1,0,0,0,1,0,0,medium,2,2.404,25135.28,20608.49
CLM001415,0,0,1,0,0,0,0,low,1,0.719,7874.7,3856.09
CLM001416,1,0,0,0,0,0,1,high,2,5.837,116437.08,96570.41
CLM001417,0,0,0,0,1,0,0,low,1,0.701,12578.92,5067.21
CLM001418,1,0,1,1,0,0,0,medium,3,5.721,77208.58,63718.86
CLM001419,0,0,1,1,0,0,0,low,2,2.534,22793.15,13854.04
CLM001420,0,0,1,0,0,0,0,low,1,1.036,16898.27,10358.53
CLM001421,0,0,1,1,0,0,0,low,2,1.655,29653.98,22699.21
CLM001422,0,0,1,0,0,0,0,medium,1,1.156,14502.47,6501.44
CLM001423,1,0,0,0,0,0,0,medium,1,1.36,17015.03,12113.38
CLM001424,0,0,1,0,0,0,0,medium,1,1.249,20484.87,13026.37
CLM001425,1,1,1,1,0,0,0,low,4,4.978,54422.56,40706.78
CLM001426,1,1,1,0,1,1,0,high,5,12.582,222148.73,193734.97
CLM001427,0,0,1,1,0,1,0,medium,3,3.416,40903.34,36593.7
CLM001428,0,0,1,0,1,0,0,low,2,1.734,17823.38,4607.75
CLM001429,1,0,0,0,1,1,0,low,3,2.319,35189.81,15300.55
CLM001430,0,1,1,1,1,0,0,low,4,5.076,54302.9,40255.25
CLM001431,0,1,1,0,1,0,0,medium,3,5.459,83155.51,60833.62
CLM001432,0,0,1,1,0,1,0,medium,3,5.431,68304.03,48777.38
CLM001433,0,1,1,0,1,0,0,medium,3,4.82,88093.29,55776.06
CLM001434,1,0,0,0,0,1,0,high,2,4.172,57793.88,41751.89
CLM001435,0,1,1,0,1,0,0,medium,3,3.921,39552.15,26430.4
CLM001436,0,0,1,0,0,1,1,low,3,2.805,46842.03,35204.81
CLM001437,0,1,1,0,1,0,0,medium,3,5.673,107556.34,97111.55
CLM001438,0,1,1,0,1,1,0,high,4,10.208,79709.38,55445.08
CLM001439,1,1,1,0,0,0,1,high,4,10.128,167393.5,131059.03
CLM001440,0,0,0,0,1,0,0,low,1,0.91,12158.79,9047.4
CLM001441,1,0,1,0,0,0,0,low,2,2.278,25566.19,20438.16
CLM001442,1,0,0,0,1,0,0,medium,2,2.813,19962.86,13321.4
CLM001443,0,1,0,0,0,1,1,medium,3,6.089,82160.76,67316.26
CLM001444,0,0,0,0,1,0,0,low,1,1.016,13270.38,9315.01
CLM001445,0,1,1,0,1,1,1,high,5,17.56,214801.47,186859.03
CLM001446,0,0,1,1,0,1,0,high,3,8.528,93339.32,65660.52
CLM001447,0,0,1,1,1,0,0,high,3,7.392,78229.33,62963.8
CLM001448,0,0,1,1,0,0,0,low,2,1.758,25738.73,8432.3
CLM001449,0,1,1,0,0,1,1,high,4,11.244,172677.03,129944.89
CLM001450,1,0,0,0,1,1,0,medium,3,4.159,40171.16,26728.27
CLM001451,1,0,1,0,0,0,0,low,2,1.533,24839.88,10131.56
CLM001452,0,0,1,1,1,1,0,high,4,8.504,88044.36,35093.63
CLM001453,0,1,1,0,0,0,0,low,2,2.617,23323.66,19818.51
CLM001454,0,1,0,0,0,1,0,medium,2,3.601,50444.59,36710.89
CLM001455,0,1,1,0,1,0,0,high,3,6.487,144639.01,104268.95
CLM001456,1,0,1,0,1,0,0,low,3,2.375,27226.18,5099.4
CLM001457,1,0,0,0,1,0,0,high,2,5.208,63068.24,56564.62
CLM001458,1,0,0,0,1,0,0,low,2,2.023,15127.02,10837.66
CLM001459,0,0,1,1,0,1,0,high,3,7.128,79147.82,43835.69
CLM001460,0,0,1,0,0,1,0,low,2,1.973,27178.6,21003.16
CLM001461,0,1,1,0,1,1,0,medium,4,5.64,54393.88,43268.6
CLM001462,0,0,1,0,1,1,0,medium,3,4.315,41543.58,29087.32
CLM001463,1,0,0,0,0,0,0,medium,1,1.657,16660.82,724.0
CLM001464,0,1,1,0,0,0,0,medium,2,3.53,63678.58,57493.97
CLM001465,0,0,0,1,0,0,0,low,1,1.078,11447.3,7563.82
CLM001466,1,0,1,0,0,1,0,medium,3,4.234,52851.81,39728.39
CLM001467,0,1,1,0,1,1,0,high,4,13.41,156341.93,108132.68
CLM001468,1,0,0,0,1,0,0,high,2,4.994,67742.95,55449.9
CLM001469,0,1,1,0,0,1,1,high,4,10.958,194686.96,145327.93
CLM001470,0,0,1,1,0,0,0,low,2,1.981,37608.45,26230.5
CLM001471,1,1,1,0,1,1,0,medium,5,7.331,132925.06,109953.51
CLM001472,1,0,0,0,1,0,0,medium,2,3.128,42728.98,29874.33
CLM001473,1,0,0,0,1,0,0,low,2,2.193,28338.26,16720.96
CLM001474,1,0,1,1,0,1,0,high,4,9.277,134606.82,101106.97
CLM001475,0,1,1,0,1,1,0,high,4,11.462,150487.68,103788.93
CLM001476,0,0,1,0,0,0,0,low,1,0.903,16516.62,10145.65
CLM001477,0,0,1,0,1,1,0,medium,3,4.089,61627.62,48025.61
CLM001478,0,0,1,1,0,0,0,medium,2,3.794,58346.72,41642.46
CLM001479,0,1,1,1,1,1,0,medium,5,6.892,92588.36,74385.07
CLM001480,1,0,0,0,0,0,0,low,1,1.172,10633.81,4791.0
CLM001481,1,0,0,0,0,0,0,low,1,0.824,11605.65,6578.31
CLM001482,0,0,1,1,0,1,1,high,4,10.955,93458.36,59167.42
CLM001483,0,1,0,0,1,1,0,medium,3,5.001,58111.2,49630.29
CLM001484,0,0,1,1,0,1,0,low,3,3.068,35688.72,18292.75
CLM001485,0,0,1,1,0,1,0,medium,3,4.578,68187.93,43013.63
CLM001486,0,0,1,0,0,0,0,low,1,0.91,12579.34,7383.35
CLM001487,1,0,0,0,1,0,0,medium,2,3.297,43780.85,30138.73
CLM001488,0,0,1,1,0,0,0,medium,2,3.208,37672.25,33523.42
CLM001489,0,1,1,0,0,1,0,high,3,5.629,85434.44,49867.82
CLM001490,1,0,0,0,0,1,0,low,2,1.813,16317.65,87.41
CLM001491,1,0,0,0,0,1,0,low,2,2.408,30672.82,19579.89
CLM001492,0,0,1,1,0,1,1,medium,4,8.035,108796.22,84218.48
CLM001493,0,0,1,0,0,0,0,low,1,0.955,12090.48,4347.93
CLM001494,0,1,1,0,0,1,0,medium,3,5.015,79249.4,53621.92
CLM001495,0,1,1,0,1,1,0,high,4,9.748,126028.34,88614.07
CLM001496,0,1,1,0,1,1,0,high,4,10.766,173111.23,129582.68
CLM001497,0,1,1,0,1,1,1,high,5,14.521,195520.89,132700.21
CLM001498,0,0,1,1,0,1,0,medium,3,6.331,115259.67,82011.75
CLM001499,1,0,0,0,1,0,0,low,2,1.366,18391.6,8189.13
CLM001500,0,1,1,0,1,1,0,high,4,8.771,143376.35,125282.5
CLM001501,0,1,1,1,1,1,0,high,5,15.5,163382.61,130425.19
CLM001502,0,0,1,1,0,0,0,low,2,2.049,22059.89,13467.44
CLM001503,1,0,0,1,0,0,0,medium,2,2.596,24041.06,19166.4
CLM001504,1,0,0,0,1,0,0,medium,2,3.462,47754.0,33530.47
CLM001505,1,0,0,1,1,1,0,medium,4,4.063,47590.33,29133.91
CLM001506,0,1,1,1,0,1,0,high,4,8.259,87312.55,41631.98
CLM001507,1,0,0,0,1,0,0,low,2,1.871,21217.03,15111.23
CLM001508,1,1,1,0,0,0,0,low,3,3.252,39319.06,31014.16
CLM001509,0,0,1,1,0,1,0,low,3,2.407,22865.24,13460.77
CLM001510,0,0,1,0,0,0,0,low,1,0.706,8554.56,4872.0
CLM001511,1,0,0,0,0,0,0,low,1,1.177,9663.87,3809.14
CLM001512,0,1,1,0,0,1,1,high,4,10.6,94999.53,52476.0
CLM001513,0,0,1,0,0,0,0,low,1,0.664,9080.93,4594.04
CLM001514,0,1,1,0,0,0,0,high,2,6.574,68039.8,49553.94
CLM001515,0,0,1,0,0,0,0,low,1,0.792,6791.59,0.0
CLM001516,0,0,1,1,0,1,0,low,3,2.715,37827.7,20389.26
CLM001517,1,0,0,1,1,1,0,medium,4,7.727,96535.25,86208.72
CLM001518,0,0,1,1,1,0,0,medium,3,3.58,40047.45,25605.31
CLM001519,0,1,1,1,1,0,0,high,4,8.469,97496.08,80944.32
CLM001520,1,0,1,1,0,1,0,high,4,10.239,159832.08,108978.3
CLM001521,0,0,0,0,1,0,0,low,1,0.627,5445.2,2565.5
CLM001522,0,0,1,1,0,1,1,medium,4,7.79,130106.78,88852.93
CLM001523,0,0,1,1,0,0,0,low,2,2.582,26637.8,19374.59
CLM001524,0,1,1,0,0,0,0,medium,2,3.732,42472.87,36928.25
CLM001525,0,0,1,0,0,0,0,low,1,0.869,9178.01,0.0
CLM001526,1,1,0,0,1,1,0,high,4,9.938,120798.6,98990.02
CLM001527,0,0,1,0,0,0,0,low,1,0.802,12826.37,7925.14
CLM001528,0,0,1,0,0,0,0,low,1,0.669,7882.72,0.0
CLM001529,0,1,1,1,1,1,0,high,5,13.007,265760.45,220374.98
CLM001530,1,0,0,1,1,0,0,low,3,3.086,50710.03,35351.72
CLM001531,0,1,1,0,1,1,0,high,4,9.456,117806.81,106071.97
CLM001532,0,1,1,0,1,0,0,high,3,8.552,85355.23,66509.18
CLM001533,1,0,0,0,1,0,0,medium,2,3.218,38098.09,16508.39
CLM001534,1,1,0,0,1,0,0,low,3,3.831,33305.48,13853.94
CLM001535,1,0,0,0,1,0,0,low,2,1.593,26114.62,19195.77
CLM001536,0,0,1,1,0,0,0,medium,2,3.809,46969.51,40198.69
CLM001537,0,0,0,0,1,0,0,low,1,0.787,12660.48,6528.65
CLM001538,0,0,1,0,1,0,0,low,2,1.621,21196.92,12892.23
CLM001539,0,1,1,0,0,0,0,low,2,1.683,23289.52,16427.7
CLM001540,0,0,1,0,1,0,0,medium,2,2.718,35778.57,25260.77
CLM001541,1,0,0,0,1,0,0,medium,2,3.363,46851.93,28053.46
CLM001542,0,0,1,0,1,0,0,low,2,1.461,12722.99,9928.97
CLM001543,1,1,1,0,0,1,0,high,4,14.081,168747.49,122108.5
CLM001544,0,1,1,0,1,1,0,high,4,8.484,138472.14,112450.55
CLM001545,0,0,1,0,1,0,0,low,2,2.116,31341.29,19696.18
CLM001546,0,0,1,0,0,0,0,low,1,0.848,17608.76,14287.37
CLM001547,0,0,1,0,0,1,0,low,2,1.98,33319.13,15434.32
CLM001548,0,0,1,0,0,1,0,medium,2,3.269,39394.95,18763.94
CLM001549,0,0,1,1,0,1,0,low,3,2.11,28994.29,20546.35
CLM001550,1,0,0,1,1,0,0,high,3,7.685,101151.12,63943.95
CLM001551,0,0,1,1,0,0,0,low,2,2.223,27051.74,12150.15
CLM001552,1,0,1,0,0,0,0,low,2,1.798,18791.25,12932.17
CLM001553,0,1,1,1,0,0,0,low,3,3.255,33201.96,26141.39
CLM001554,1,0,1,0,0,0,0,low,2,2.15,27015.59,18216.1
CLM001555,0,1,1,0,1,0,0,medium,3,5.946,92625.42,82022.27
CLM001556,0,0,1,0,0,0,0,medium,1,1.502,23510.0,18550.34
CLM001557,1,0,0,0,1,0,0,low,2,2.299,25904.42,14154.57
CLM001558,0,0,1,1,0,0,0,medium,2,3.7,41523.35,21603.41
CLM001559,1,0,0,0,0,1,0,medium,2,2.938,29908.46,19853.16
CLM001560,0,0,1,1,1,0,0,medium,3,4.884,98734.19,77773.48
CLM001561,0,1,0,0,0,1,1,low,3,3.074,57739.27,42281.45
CLM001562,1,0,0,0,1,1,0,low,3,2.656,24528.16,12366.04
CLM001563,0,1,1,0,0,1,0,high,3,9.625,160676.65,128077.55
CLM001564,1,1,1,0,0,0,0,medium,3,5.513,49999.01,32312.53
CLM001565,0,0,1,0,0,0,0,low,1,0.661,6916.38,3290.74
CLM001566,1,0,0,0,0,0,0,low,1,1.033,16159.19,7463.12
CLM001567,0,1,1,0,1,1,0,medium,4,6.436,77865.49,60018.94
CLM001568,0,0,1,0,0,0,0,medium,1,0.988,14232.4,7677.86
CLM001569,0,0,1,1,0,0,1,high,3,9.395,146996.18,130685.93
CLM001570,0,1,1,0,1,0,0,medium,3,4.629,53517.15,36738.79
CLM001571,0,0,1,1,0,1,0,high,3,7.908,80869.9,59321.17
CLM001572,0,0,1,1,0,1,1,medium,4,6.531,97501.92,81789.62
CLM001573,0,0,1,0,0,0,0,low,1,0.841,7163.71,4204.22
CLM001574,1,0,0,0,0,0,0,low,1,0.898,8287.67,0.0
CLM001575,1,0,0,0,0,1,0,low,2,1.866,23417.14,19152.76
CLM001576,0,1,1,0,1,0,0,high,3,7.41,102507.85,85072.31
CLM001577,1,1,1,1,1,0,0,medium,5,5.561,53856.67,37340.85
CLM001578,0,0,1,1,0,0,0,high,2,3.469,38020.66,4675.72
CLM001579,1,0,0,0,0,0,0,medium,1,1.986,27801.53,18907.34
CLM001580,1,0,0,1,0,1,0,medium,3,5.405,45362.73,17821.73
CLM001581,0,1,1,0,1,0,0,high,3,7.1,100752.24,65634.57
CLM001582,1,0,1,0,1,0,0,low,3,2.498,31378.13,20656.37
CLM001583,0,0,1,1,0,1,0,low,3,2.616,37584.79,27834.68
CLM001584,1,0,0,0,0,1,0,medium,2,2.19,15454.28,9410.95
CLM001585,0,0,1,0,0,0,0,medium,1,1.203,18841.77,10167.33
CLM001586,1,0,0,0,1,0,0,medium,2,2.807,39230.09,23113.72
CLM001587,1,0,0,1,1,0,0,low,3,1.931,23711.54,16521.77
CLM001588,0,1,1,0,1,1,0,medium,4,8.526,102240.64,87950.4
CLM001589,0,0,0,0,0,1,1,medium,2,3.477,50698.85,38771.59
CLM001590,0,1,1,0,0,0,0,medium,2,2.886,33257.17,9111.8
CLM001591,1,0,1,0,1,0,0,low,3,2.876,37278.28,19878.84
CLM001592,0,1,1,0,1,0,0,high,3,5.734,108569.32,96088.46
CLM001593,0,1,1,0,1,1,0,medium,4,3.67,52473.69,35439.14
CLM001594,1,0,0,0,1,0,0,medium,2,2.809,42480.78,29168.77
CLM001595,0,0,1,1,0,1,0,medium,3,5.406,53859.82,33764.31
CLM001596,1,0,0,0,1,1,0,medium,3,4.598,54605.68,41309.63
CLM001597,0,0,1,0,0,1,1,medium,3,4.913,53438.93,34591.91
CLM001598,1,0,0,0,1,1,0,high,3,7.073,125181.07,112869.03
CLM001599,0,0,1,0,0,0,0,medium,1,1.099,14313.31,9886.13
CLM001600,1,0,0,0,1,0,0,medium,2,2.803,16764.84,3715.89
CLM001601,0,1,1,0,0,0,1,medium,3,6.035,136582.17,109942.63
CLM001602,0,0,1,0,1,0,0,high,2,3.931,49360.25,30003.01
CLM001603,0,1,1,0,0,0,0,medium,2,3.905,37220.65,25493.4
CLM001604,0,1,1,0,1,0,0,high,3,8.771,103279.07,71677.34
CLM001605,1,0,0,0,1,1,0,low,3,2.355,25752.35,20679.93
CLM001606,1,0,0,0,0,0,0,low,1,1.064,18507.44,12137.19
CLM001607,1,0,0,0,1,0,0,high,2,5.033,61520.91,46103.22
CLM001608,0,0,1,0,0,1,0,medium,2,2.964,40042.26,28701.25
CLM001609,0,0,1,1,0,0,0,medium,2,3.002,39226.62,22718.96
CLM001610,1,1,1,0,1,0,0,high,4,8.709,153265.77,115388.08
CLM001611,0,1,1,0,1,1,0,high,4,10.491,112381.45,85971.01
CLM001612,1,0,1,0,1,0,0,low,3,2.445,40701.09,26590.2
CLM001613,1,0,1,0,1,0,0,medium,3,5.361,62918.26,56024.3
CLM001614,0,0,0,0,0,0,1,low,1,1.202,12668.14,9459.53
CLM001615,0,0,1,0,0,1,0,medium,2,3.051,51416.3,34120.63
CLM001616,1,0,0,0,1,0,0,medium,2,3.265,39194.38,26257.74
CLM001617,0,0,1,1,0,0,0,low,2,1.847,23379.83,6742.18
CLM001618,1,0,1,1,0,0,0,low,3,3.939,33128.92,14967.88
CLM001619,1,0,1,0,0,0,0,low,2,1.631,18589.2,13857.02
CLM001620,0,0,0,1,0,0,0,low,1,1.433,25408.43,15826.27
CLM001621,0,0,1,0,0,1,1,high,3,5.81,80864.36,53952.34
CLM001622,0,1,1,0,0,0,0,medium,2,2.999,51475.53,34850.14
CLM001623,0,1,1,1,1,0,0,high,4,11.799,153903.52,115962.02
CLM001624,0,0,1,1,0,0,0,low,2,2.173,24969.14,11323.0
CLM001625,1,0,0,0,1,1,0,high,3,7.735,97629.17,76581.08
CLM001626,1,0,0,0,1,0,0,low,2,2.024,26491.76,19148.2
CLM001627,1,0,0,0,0,0,0,low,1,1.256,14398.62,5509.4
CLM001628,0,0,1,1,0,1,0,medium,3,4.942,67572.67,51382.95
CLM001629,1,0,0,0,0,0,0,low,1,1.119,12408.61,7354.55
CLM001630,1,0,1,1,1,0,0,medium,4,7.814,70855.32,47278.41
CLM001631,0,0,1,0,0,0,0,medium,1,1.417,14572.58,10234.65
CLM001632,0,1,1,0,1,0,0,medium,3,4.211,79126.31,67066.98
CLM001633,0,1,1,1,1,0,0,low,4,3.849,55840.79,47504.43
CLM001634,1,0,0,0,0,1,0,medium,2,3.363,57665.77,47967.07
CLM001635,0,0,1,1,0,0,0,medium,2,3.282,48377.1,33531.05
CLM001636,1,0,0,0,0,0,0,medium,1,1.353,20285.02,13114.49
CLM001637,0,1,1,0,0,0,0,low,2,1.147,15740.61,11254.98
CLM001638,0,1,1,0,1,1,0,medium,4,3.828,59223.12,40176.68
CLM001639,0,0,1,1,0,1,0,low,3,2.891,39097.52,17894.89
CLM001640,0,1,1,0,0,1,0,medium,3,5.498,65646.08,53552.63
CLM001641,1,0,0,0,0,0,0,low,1,1.148,21645.5,12579.76
CLM001642,0,0,1,1,0,1,0,low,3,2.933,39926.05,34293.85
CLM001643,1,0,1,1,0,0,0,low,3,3.996,57331.47,38774.18
CLM001644,0,0,1,1,0,1,0,high,3,6.755,76489.84,66157.69
CLM001645,1,0,0,0,1,1,0,medium,3,5.74,83160.93,74899.77
CLM001646,1,0,1,1,0,0,0,medium,3,4.779,73101.61,50135.96
CLM001647,0,0,1,1,0,1,0,medium,3,4.656,66115.64,39465.52
CLM001648,1,0,0,0,1,1,0,high,3,8.54,135891.27,117284.9
CLM001649,0,0,1,0,1,0,1,medium,3,4.002,52853.02,37798.98
CLM001650,0,0,1,0,0,0,0,low,1,0.659,7199.54,3577.78
CLM001651,0,0,1,1,0,0,0,low,2,1.874,17101.83,5420.31
CLM001652,0,1,1,0,0,1,1,high,4,8.178,121536.49,70156.3
CLM001653,1,1,1,0,1,1,0,high,5,11.72,196707.28,172691.06
CLM001654,0,1,1,1,0,1,0,high,4,13.368,215760.21,161301.91
CLM001655,1,0,0,0,0,0,0,low,1,1.137,12544.27,4448.42
CLM001656,0,1,1,0,1,0,0,medium,3,6.081,46021.01,35218.01
CLM001657,0,0,1,0,0,0,0,low,1,0.912,13156.71,9139.35
CLM001658,0,0,1,0,0,1,1,medium,3,4.747,52937.9,43976.54
CLM001659,0,0,1,0,1,0,0,low,2,1.686,24042.93,15551.07
CLM001660,1,0,1,0,1,1,0,high,4,11.205,210385.39,151032.91
CLM001661,0,1,1,1,0,1,0,high,4,11.57,87715.4,26515.66
CLM001662,0,0,1,1,0,1,0,low,3,3.203,43220.97,26502.03
CLM001663,0,1,1,0,1,1,1,high,5,14.67,202946.1,134651.31
CLM001664,1,0,0,0,1,0,0,low,2,1.772,26897.26,20838.28
CLM001665,1,0,1,0,0,0,0,low,2,2.195,27583.67,23257.74
CLM001666,1,1,1,0,1,0,0,high,4,11.349,136960.45,111012.02
CLM001667,1,1,1,0,0,1,0,high,4,13.738,178009.04,116838.86
CLM001668,0,1,1,1,1,1,0,high,5,11.304,140624.82,120343.47
CLM001669,1,0,0,0,1,1,0,medium,3,4.194,35920.23,31381.51
CLM001670,1,0,0,0,1,0,0,low,2,1.987,27551.0,12291.65
CLM001671,0,1,1,0,0,1,0,medium,3,4.253,55641.44,42598.88
CLM001672,0,1,1,0,1,0,0,low,3,4.054,53472.05,42979.25
CLM001673,1,0,1,0,1,0,0,medium,3,4.506,51841.74,38549.74
CLM001674,1,0,0,0,1,1,0,high,3,7.928,88078.42,65425.7
CLM001675,0,1,1,0,1,1,0,high,4,10.372,108604.64,82270.91
CLM001676,0,1,1,1,1,1,1,high,6,14.256,164442.51,109907.18
CLM001677,1,1,0,0,1,1,0,medium,4,6.532,83742.16,71567.29
CLM001678,0,0,1,0,1,1,0,medium,3,4.307,46791.28,33379.97
CLM001679,0,1,0,0,1,1,0,low,3,2.531,55008.1,48672.38
CLM001680,1,0,0,0,1,1,0,low,3,2.583,27355.99,13863.69
CLM001681,0,1,1,0,0,0,0,low,2,2.054,28182.34,19205.91
CLM001682,0,0,1,1,1,0,0,medium,3,5.4,87318.54,69049.9
CLM001683,1,1,1,0,0,1,1,high,5,13.43,152788.66,140016.97
CLM001684,0,0,1,0,0,1,0,medium,2,2.579,36214.38,14604.91
CLM001685,0,1,0,0,0,0,0,medium,1,1.755,32899.82,28055.24
CLM001686,1,0,1,0,0,1,1,high,4,13.837,146141.52,117515.66
CLM001687,0,1,1,0,1,0,0,high,3,6.805,44794.61,37954.54
CLM001688,0,1,1,1,1,1,0,high,5,12.308,135219.73,95329.63
CLM001689,1,0,0,0,1,1,0,medium,3,4.2,63846.93,49961.52
CLM001690,0,0,0,0,0,0,1,medium,1,1.736,17732.24,12732.63
CLM001691,0,0,1,1,0,0,0,medium,2,3.692,67601.15,46749.46
CLM001692,1,0,0,0,0,0,0,low,1,0.758,10803.23,0.0
CLM001693,0,1,1,0,1,0,0,medium,3,4.39,66869.85,58492.68
CLM001694,1,0,0,0,1,0,0,medium,2,3.176,42368.5,33413.03
CLM001695,1,0,0,0,1,0,0,medium,2,2.972,26246.4,17231.25
CLM001696,0,0,1,1,1,0,0,low,3,2.963,32366.91,21251.89
CLM001697,0,1,1,0,1,1,0,high,4,13.07,215124.15,174068.36
CLM001698,0,0,1,0,0,0,0,low,1,0.931,11064.15,0.0
CLM001699,0,1,1,0,1,1,0,low,4,2.909,35631.64,30736.48
CLM001700,0,0,0,0,1,0,0,low,1,0.589,5610.8,3263.14
CLM001701,0,1,1,0,1,1,0,high,4,11.801,169856.58,111057.16
CLM001702,1,0,0,1,1,1,0,high,4,9.095,149154.0,110068.38
CLM001703,0,1,1,0,1,1,0,high,4,10.894,128390.96,91248.28
CLM001704,0,1,1,0,1,1,0,medium,4,6.643,120376.63,85022.61
CLM001705,0,0,1,0,0,0,0,low,1,1.008,16851.09,5754.86
CLM001706,1,0,0,0,1,1,0,low,3,2.773,30197.0,14075.04
CLM001707,1,0,1,1,1,1,0,medium,5,7.494,99710.81,78175.52
CLM001708,1,0,0,0,0,0,1,medium,2,3.168,49567.86,34851.11
CLM001709,0,0,1,0,0,1,0,medium,2,3.392,30825.45,18641.86
CLM001710,0,1,1,0,0,0,0,high,2,4.558,61127.22,39097.43
CLM001711,1,0,1,1,1,1,0,high,5,12.727,82006.28,51854.14
CLM001712,0,0,0,0,0,1,0,medium,1,1.579,15017.84,1504.51
CLM001713,0,0,1,1,0,1,0,low,3,2.305,32548.97,15890.83
CLM001714,1,0,0,0,1,0,0,low,2,2.314,26207.31,15504.29
CLM001715,1,0,0,0,0,0,0,medium,1,1.454,13890.39,8324.83
CLM001716,1,0,0,0,1,1,0,medium,3,4.165,52828.12,29274.72
CLM001717,1,0,0,1,1,1,0,high,4,9.633,88494.75,56748.25
CLM001718,0,0,0,0,0,1,0,low,1,1.138,12752.93,0.0
CLM001719,0,1,1,1,0,1,1,high,5,15.327,147461.67,84535.36
CLM001720,1,1,1,0,1,0,0,high,4,11.042,140306.01,117475.61
CLM001721,0,1,1,0,1,0,0,medium,3,4.379,41100.95,31656.14
CLM001722,0,0,1,1,0,1,0,low,3,3.109,34460.62,29901.47
CLM001723,0,0,1,0,0,0,0,low,1,0.83,9635.8,4221.61
CLM001724,0,0,1,0,0,1,0,low,2,1.787,24564.36,7613.46
CLM001725,1,0,0,0,0,0,0,low,1,0.829,7706.36,0.0
CLM001726,1,0,0,0,1,0,0,high,2,5.46,48501.78,27681.85
CLM001727,0,1,1,0,1,1,0,medium,4,4.749,73589.7,44650.88
CLM001728,0,0,1,0,0,0,0,medium,1,1.302,13757.97,651.24
CLM001729,0,0,1,0,0,0,1,high,2,6.87,119104.86,85086.63
CLM001730,0,1,1,0,1,1,1,high,5,8.233,81545.94,56258.88
CLM001731,0,0,1,0,0,0,1,low,2,2.781,58150.67,51259.11
CLM001732,0,0,1,0,0,0,1,high,2,7.096,95903.73,66896.73
CLM001733,1,1,1,0,0,1,1,high,5,13.593,181420.64,153279.0
CLM001734,0,0,1,0,0,0,0,low,1,0.934,6764.37,4019.84
CLM001735,1,1,1,0,1,0,0,low,4,4.114,49032.7,35359.51
CLM001736,0,1,0,1,1,0,0,low,3,2.854,30664.69,17891.33
CLM001737,1,0,0,0,1,1,0,medium,3,5.549,41852.13,27390.28
CLM001738,0,1,1,0,1,1,0,high,4,8.305,97180.11,68072.74
CLM001739,0,0,0,0,1,1,0,low,2,1.843,22568.69,13921.89
CLM001740,0,0,0,0,1,1,0,high,2,3.88,52273.31,17047.16
CLM001741,0,0,1,0,0,0,0,low,1,0.854,10733.63,73.47
CLM001742,1,0,0,0,1,1,0,medium,3,4.387,66707.62,43102.5
CLM001743,0,0,1,1,0,1,0,high,3,8.568,160682.2,117200.51
CLM001744,1,0,1,1,0,0,0,medium,3,4.748,63710.7,44529.37
CLM001745,1,0,0,0,0,1,0,medium,2,2.609,23848.12,17406.71
CLM001746,0,1,0,0,1,0,0,low,2,2.035,32812.27,27150.67
CLM001747,0,0,1,0,1,1,0,medium,3,3.927,59099.41,53271.07
CLM001748,1,1,1,0,0,0,1,high,4,9.057,175770.28,132664.39
CLM001749,0,1,1,1,0,0,0,medium,3,5.304,84728.78,58378.99
CLM001750,1,0,0,0,1,0,0,low,2,1.812,12777.03,7523.19
CLM001751,0,0,1,0,0,0,0,low,1,0.948,11616.43,1104.26
CLM001752,1,0,0,0,0,0,0,low,1,1.429,17482.69,14372.31
CLM001753,0,0,1,1,0,1,0,medium,3,3.868,38517.88,32760.11
CLM001754,1,0,1,0,0,0,0,medium,2,3.184,43009.35,25391.05
CLM001755,1,1,1,1,0,0,0,low,4,5.296,69322.66,46602.83
CLM001756,0,0,1,1,0,1,0,medium,3,4.425,56067.4,43981.72
CLM001757,0,1,1,0,0,0,0,low,2,1.778,25849.67,14933.51
CLM001758,0,0,1,1,0,1,0,high,3,5.878,55977.08,40794.65
CLM001759,1,0,0,0,1,0,0,medium,2,2.968,34658.21,20301.77
CLM001760,1,1,0,0,0,1,0,low,3,2.429,33226.52,26981.22
CLM001761,1,0,0,0,1,1,0,medium,3,6.04,57626.08,40702.1
CLM001762,0,1,1,1,1,1,0,high,5,11.178,201521.16,150719.04
CLM001763,1,0,0,0,1,1,0,medium,3,4.736,75774.39,56030.01
CLM001764,1,1,0,0,1,1,0,high,4,11.965,167489.45,143304.53
CLM001765,1,0,0,0,0,0,0,medium,1,1.373,14521.88,2012.46
CLM001766,0,1,0,0,0,0,1,medium,2,3.056,47551.39,35922.07
CLM001767,0,1,0,0,1,0,0,low,2,1.714,25739.67,18156.11
CLM001768,1,0,0,0,0,0,0,low,1,0.797,10132.71,5324.87
CLM001769,0,0,1,1,0,1,0,medium,3,6.953,82402.27,61334.43
CLM001770,0,1,1,0,1,0,1,medium,4,6.304,96986.91,81006.89
CLM001771,0,1,1,0,1,1,0,high,4,11.485,172134.69,112584.32
CLM001772,0,1,1,0,1,0,0,high,3,6.239,61873.88,55650.31
CLM001773,1,0,0,0,1,1,0,low,3,2.089,30963.0,19368.28
CLM001774,0,0,1,1,0,1,0,high,3,6.902,52200.17,33518.46
CLM001775,0,0,1,1,0,0,0,low,2,2.241,35838.8,24329.68
CLM001776,0,0,0,0,1,0,0,low,1,0.853,13004.25,9613.36
CLM001777,1,1,1,0,1,1,0,high,5,8.698,122544.07,108717.49
CLM001778,1,0,0,0,1,1,1,high,4,6.845,112344.76,63978.46
CLM001779,0,0,1,0,0,0,0,low,1,0.789,11307.24,6511.66
CLM001780,0,0,1,1,0,1,0,low,3,2.783,30624.52,26052.87
CLM001781,0,1,1,0,1,1,0,medium,4,6.272,77865.61,65748.94
CLM001782,0,1,1,1,1,0,0,medium,4,8.079,108013.18,78448.21
CLM001783,0,1,1,0,0,0,0,low,2,1.677,20926.52,12439.68
CLM001784,0,0,1,0,1,0,0,medium,2,2.616,29542.37,21513.99
CLM001785,0,1,1,0,0,0,1,medium,3,5.565,110260.5,72953.03
CLM001786,0,0,1,0,1,0,0,medium,2,3.277,32697.82,20273.44
CLM001787,1,0,0,0,1,0,0,medium,2,2.287,28309.96,23464.19
CLM001788,0,1,1,0,0,0,0,medium,2,4.232,52318.1,34042.6
CLM001789,1,0,1,1,0,0,0,medium,3,5.365,100994.64,70060.98
CLM001790,0,1,1,1,1,1,0,medium,5,7.013,99510.51,79040.06
CLM001791,1,1,0,0,0,1,0,low,3,2.619,46291.22,19066.18
CLM001792,0,1,1,0,1,0,0,medium,3,4.485,45096.3,22757.67
CLM001793,0,1,1,0,0,0,0,medium,2,3.423,59827.71,43269.3
CLM001794,0,0,1,0,1,0,0,low,2,1.16,11759.93,5275.07
CLM001795,0,0,1,1,0,0,0,low,2,1.594,17266.9,13118.84
CLM001796,0,0,1,1,0,0,0,low,2,1.597,28078.96,16075.2
CLM001797,0,0,1,0,0,0,0,low,1,0.761,5563.46,90.12
CLM001798,1,0,0,0,0,0,0,low,1,1.248,12634.84,0.0
CLM001799,0,1,1,0,1,0,0,medium,3,4.767,62098.03,47819.34
CLM001800,0,0,1,0,1,0,0,high,2,5.507,65852.03,33740.95
CLM001801,0,0,1,1,0,1,0,medium,3,4.517,58367.6,43996.45
CLM001802,0,1,1,0,1,1,0,medium,4,6.686,85720.81,47248.83
CLM001803,0,0,0,0,0,1,0,medium,1,1.632,20508.55,11391.99
CLM001804,0,0,1,0,1,0,0,low,2,0.922,8586.16,5590.02
CLM001805,0,1,1,0,1,1,0,high,4,9.0,116929.88,87724.16
CLM001806,0,0,1,0,0,1,0,high,2,4.149,64095.43,49701.82
CLM001807,0,0,1,0,1,1,0,medium,3,3.879,58034.5,32625.73
CLM001808,0,0,1,0,0,0,0,low,1,0.752,10387.16,0.0
CLM001809,0,1,1,0,1,1,0,medium,4,7.373,113675.53,69371.14
CLM001810,0,1,1,0,0,0,1,high,3,8.256,123603.9,71413.94
CLM001811,0,1,1,0,1,1,0,high,4,8.321,105402.78,70143.75
CLM001812,1,0,0,1,1,1,0,high,4,11.893,110425.14,80278.73
CLM001813,1,0,1,0,0,1,0,low,3,2.484,45204.39,31306.88
CLM001814,0,0,0,0,1,1,0,medium,2,2.339,39173.32,25651.66
CLM001815,0,1,1,0,1,0,1,high,4,9.391,159208.44,129409.55
CLM001816,0,0,1,0,0,0,0,low,1,1.053,14854.79,8573.25
CLM001817,1,0,0,0,1,0,0,high,2,4.281,36751.34,22822.14
CLM001818,0,1,1,0,0,1,1,high,4,10.274,177188.42,134936.4
CLM001819,0,0,1,1,1,1,0,high,4,13.735,200629.43,151425.56
CLM001820,0,1,1,0,1,1,0,medium,4,5.36,86806.6,80082.27
CLM001821,0,0,1,1,0,0,0,low,2,2.341,22799.7,17706.78
CLM001822,0,1,1,0,0,0,1,medium,3,4.814,101773.73,82459.05
CLM001823,0,0,1,1,0,1,0,high,3,6.748,100264.28,86821.03
CLM001824,1,1,1,0,1,1,1,high,6,16.18,221237.22,168255.66
CLM001825,1,0,0,1,0,1,0,medium,3,4.008,51834.66,43547.3
CLM001826,0,0,0,0,0,0,1,low,1,1.047,13246.49,5713.73
CLM001827,0,0,1,0,0,0,0,low,1,0.958,21158.32,12542.62
CLM001828,1,0,1,0,1,0,0,low,3,2.041,26681.89,17117.07
CLM001829,0,0,1,1,0,0,0,medium,2,3.069,37884.37,28969.12
CLM001830,1,0,0,1,1,1,0,high,4,11.48,198897.43,173147.98
CLM001831,0,1,1,0,1,0,0,low,3,2.053,30936.29,24070.13
CLM001832,0,1,1,0,1,0,0,medium,3,4.954,78857.41,63943.04
CLM001833,1,0,0,0,0,0,1,low,2,2.471,23624.1,16867.8
CLM001834,0,0,1,0,0,0,0,low,1,0.77,7784.86,0.0
CLM001835,0,1,1,0,1,1,0,high,4,7.797,96276.9,72463.73
CLM001836,0,1,1,1,0,1,0,medium,4,6.034,57983.58,45550.84
CLM001837,0,0,1,1,0,1,0,medium,3,5.427,72562.7,48926.15
CLM001838,1,0,0,0,1,0,0,medium,2,2.619,38791.38,26515.06
CLM001839,0,0,1,0,1,1,0,high,3,6.74,79683.78,64099.24
CLM001840,0,0,0,0,0,1,0,low,1,0.803,9687.33,5114.89
CLM001841,1,0,1,1,1,0,0,medium,4,5.407,81345.59,67139.79
CLM001842,0,0,1,1,0,1,0,medium,3,5.141,70699.04,60494.3
CLM001843,1,0,0,0,0,1,0,medium,2,2.649,30260.36,16746.31
CLM001844,0,0,1,1,0,1,0,medium,3,5.456,72583.93,56341.3
CLM001845,0,1,1,0,0,1,0,medium,3,5.833,71856.53,58709.91
CLM001846,1,1,1,0,0,0,0,medium,3,5.208,78614.96,64647.57
CLM001847,0,0,1,0,1,0,0,low,2,1.599,33965.34,28560.42
CLM001848,1,0,0,0,1,1,0,medium,3,4.765,33257.3,17574.39
CLM001849,0,0,1,1,0,1,0,low,3,2.273,39574.95,30555.46
CLM001850,0,1,1,0,0,0,0,low,2,2.172,34053.52,21918.34
CLM001851,0,0,1,1,0,1,0,medium,3,6.306,99276.16,67809.94
CLM001852,0,1,1,0,0,1,0,low,3,3.166,54882.14,31555.85
CLM001853,0,0,1,1,0,1,0,low,3,2.994,40870.55,25185.2
CLM001854,0,0,0,1,0,0,0,low,1,1.219,13608.07,5108.4
CLM001855,1,0,1,0,1,0,0,high,3,5.481,65101.69,42312.53
CLM001856,1,0,0,0,0,1,0,low,2,2.188,42691.92,33020.04
CLM001857,0,0,1,0,1,1,0,medium,3,4.622,73727.77,67740.03
CLM001858,0,0,1,1,0,1,0,high,3,8.534,127542.81,108141.54
CLM001859,0,1,1,0,0,0,0,low,2,1.873,35349.96,16040.36
CLM001860,0,1,1,1,1,0,0,medium,4,6.306,98176.76,66331.25
CLM001861,0,0,1,1,0,1,0,low,3,2.288,22690.83,13202.17
CLM001862,0,0,0,0,1,0,0,low,1,0.61,8062.26,0.0
CLM001863,1,0,0,0,1,0,0,low,2,1.456,15347.72,11269.54
CLM001864,0,0,1,1,0,0,0,low,2,1.718,15891.28,11456.06
CLM001865,1,0,0,0,1,0,0,medium,2,2.518,47014.08,27862.34
CLM001866,0,0,1,1,0,0,0,low,2,2.508,31310.75,24890.8
CLM001867,1,0,1,1,0,1,1,high,5,14.418,341182.84,300092.41
CLM001868,1,0,1,1,0,1,0,high,4,12.818,155277.33,143102.72
CLM001869,0,0,1,0,0,0,0,medium,1,1.356,21840.5,13131.74
CLM001870,0,0,1,1,0,1,0,medium,3,4.755,69683.44,55347.2
CLM001871,0,1,0,0,0,0,1,low,2,2.271,34710.64,27165.52
CLM001872,1,0,0,0,1,0,0,medium,2,2.923,38390.02,29649.85
CLM001873,0,1,1,1,0,1,0,high,4,12.246,121782.05,86538.04
CLM001874,1,0,1,0,0,0,0,medium,2,3.067,32795.07,21695.34
CLM001875,1,1,0,0,0,0,0,high,2,6.721,67874.42,46661.83
CLM001876,1,0,1,0,1,0,0,low,3,2.065,23453.3,16633.81
CLM001877,0,1,1,1,1,1,0,medium,5,8.041,84945.27,61703.54
CLM001878,1,0,1,0,1,1,0,medium,4,6.025,69272.14,48132.37
CLM001879,1,0,1,0,1,0,0,low,3,2.64,35228.19,29197.07
CLM001880,0,1,1,0,1,0,0,high,3,6.691,135130.22,111405.46
CLM001881,0,0,0,0,1,0,0,medium,1,1.313,16809.13,12319.87
CLM001882,0,0,1,0,0,0,0,low,1,0.848,8257.82,2129.32
CLM001883,0,1,1,0,0,1,0,high,3,9.879,129944.37,87071.06
CLM001884,0,0,1,1,0,0,0,medium,2,3.48,44451.03,25115.07
CLM001885,0,0,1,0,1,1,0,medium,3,5.525,72420.07,54576.72
CLM001886,0,0,0,0,1,0,0,low,1,0.695,8019.47,4602.25
CLM001887,0,0,1,1,1,1,0,high,4,11.377,89787.89,74645.28
CLM001888,0,0,1,0,1,1,0,medium,3,4.377,33731.79,24525.73
CLM001889,0,0,1,1,1,1,0,high,4,11.253,131971.95,91264.85
CLM001890,0,1,1,0,1,0,0,medium,3,4.847,57975.02,41764.05
CLM001891,1,0,0,0,1,1,0,high,3,5.12,64666.94,36076.98
CLM001892,0,1,1,0,1,1,0,high,4,10.152,147235.72,103278.29
CLM001893,0,1,1,1,0,1,1,high,5,11.078,172650.86,126399.17
CLM001894,0,0,1,0,0,0,0,low,1,0.838,11873.52,4273.2
CLM001895,0,0,1,1,0,0,0,low,2,1.696,19244.64,13219.21
CLM001896,1,0,0,0,1,1,0,medium,3,4.788,64799.16,49579.26
CLM001897,1,0,0,0,0,1,0,low,2,1.817,22542.42,9817.3
CLM001898,1,0,0,0,0,1,0,low,2,1.881,16711.44,12853.96
CLM001899,0,1,1,0,0,0,0,medium,2,3.806,46633.84,36117.45
CLM001900,0,0,1,0,0,0,0,low,1,0.616,4440.88,0.0
CLM001901,0,0,1,1,0,0,0,medium,2,3.228,31160.87,12952.26
CLM001902,1,0,0,0,1,1,0,low,3,2.736,28528.75,20528.72
CLM001903,0,1,1,0,1,1,0,medium,4,7.26,148230.95,111136.19
CLM001904,1,0,0,0,1,0,0,low,2,1.553,19054.59,6321.3
CLM001905,0,1,1,0,0,1,0,medium,3,4.573,63590.64,47894.38
CLM001906,0,1,1,0,0,1,0,high,3,6.667,130422.5,101166.34
CLM001907,1,0,1,1,1,1,0,high,5,11.14,126835.04,68773.33
CLM001908,0,0,1,0,0,0,0,low,1,0.77,7147.57,714.32
CLM001909,0,1,0,0,0,1,1,high,3,8.092,132774.75,85590.32
CLM001910,0,0,1,0,0,0,0,medium,1,1.523,15472.24,11083.37
CLM001911,1,1,0,0,0,0,0,medium,2,3.249,50122.69,25360.64
CLM001912,0,1,0,0,0,0,0,medium,1,2.442,39349.1,19105.97
CLM001913,1,0,0,0,0,1,0,medium,2,3.09,30196.4,22907.37
CLM001914,0,0,1,1,1,1,0,high,4,9.296,114003.64,76143.4
CLM001915,0,0,1,0,1,1,0,high,3,7.026,136857.34,125022.17
CLM001916,0,1,1,0,0,1,0,medium,3,4.232,44770.17,26884.69
CLM001917,1,0,0,0,1,0,0,medium,2,2.892,39210.47,21275.0
CLM001918,0,1,1,0,1,0,0,low,3,2.47,19245.63,11834.29
CLM001919,1,0,0,0,0,0,0,low,1,1.073,11010.36,5086.23
CLM001920,1,0,0,1,1,0,0,medium,3,4.487,54491.65,42542.06
CLM001921,1,0,0,0,0,0,0,low,1,1.106,12490.11,8777.21
CLM001922,0,1,0,0,0,1,1,medium,3,5.958,87942.3,68591.1
CLM001923,0,1,1,0,1,1,1,high,5,12.821,167679.19,134507.87
CLM001924,0,1,1,0,1,0,0,low,3,2.462,26890.87,17027.94
CLM001925,0,1,1,0,1,1,1,high,5,19.949,346073.56,283169.55
CLM001926,0,1,1,1,0,1,0,high,4,10.305,87912.16,68552.42
CLM001927,0,0,1,0,0,0,0,low,1,0.962,9638.47,5487.78
CLM001928,0,0,0,1,0,0,0,low,1,1.137,14768.96,9143.93
CLM001929,1,0,0,0,1,0,0,medium,2,3.09,40540.6,27231.48
CLM001930,0,0,1,1,0,0,0,medium,2,3.255,28341.52,11807.7
CLM001931,1,0,0,0,0,1,0,medium,2,3.521,32620.46,15052.54
CLM001932,0,1,1,0,1,1,0,medium,4,6.99,68604.56,55987.41
CLM001933,1,0,1,0,1,0,0,medium,3,4.061,33473.21,14513.61
CLM001934,0,1,1,1,0,0,0,medium,3,4.609,49336.98,27709.91
CLM001935,0,1,1,0,0,1,1,high,4,11.146,195452.54,174669.81
CLM001936,0,0,0,0,1,0,0,medium,1,1.294,16803.23,2310.41
CLM001937,0,0,0,0,1,0,0,low,1,0.644,7282.33,1083.01
CLM001938,0,0,1,0,1,0,0,medium,2,2.844,29946.06,23120.34
CLM001939,1,0,1,0,0,0,0,low,2,1.827,25309.88,2755.23
CLM001940,0,0,0,0,0,1,0,low,1,0.987,12297.32,8740.01
CLM001941,0,0,1,0,0,0,0,low,1,0.758,7623.37,4817.26
CLM001942,0,0,1,0,0,0,0,low,1,0.847,9277.1,4576.28
CLM001943,1,1,1,1,1,1,0,medium,6,12.222,162443.79,141817.1
CLM001944,0,0,1,1,0,0,0,medium,2,3.192,56352.89,44157.41
CLM001945,1,1,1,0,0,1,0,medium,4,7.452,118307.53,87437.55
CLM001946,1,0,1,0,0,0,0,low,2,1.661,16394.17,5334.8
CLM001947,1,0,1,0,0,1,0,high,3,8.985,160652.09,98198.41
CLM001948,0,0,1,1,0,1,0,medium,3,4.586,77948.29,53770.17
CLM001949,1,0,1,0,0,0,0,low,2,2.421,37589.93,23540.21
CLM001950,1,0,0,0,1,1,0,medium,3,3.7,50290.77,40134.57
CLM001951,1,0,0,1,0,1,0,low,3,2.545,38106.88,28178.77
CLM001952,1,0,0,1,1,0,0,low,3,4.317,46068.2,36714.49
CLM001953,0,0,1,0,0,1,0,medium,2,3.439,35880.43,23421.63
CLM001954,0,1,0,0,0,0,0,low,1,1.534,19922.76,13458.57
CLM001955,0,1,1,0,1,1,0,high,4,10.963,115361.31,90626.17
CLM001956,0,0,1,1,0,0,0,low,2,2.096,41659.39,29181.04
CLM001957,0,0,1,0,0,0,0,low,1,0.931,14236.09,11406.78
CLM001958,0,0,1,1,0,0,0,medium,2,2.719,35796.36,25610.62
CLM001959,0,1,1,0,1,1,0,high,4,8.007,88788.7,58236.36
CLM001960,0,0,0,0,1,1,0,low,2,1.386,15072.76,676.47
CLM001961,0,0,1,0,0,1,0,low,2,2.481,41444.51,32184.83
CLM001962,1,0,1,0,1,1,0,high,4,9.698,136010.4,111409.01
CLM001963,1,0,0,0,1,1,0,high,3,5.727,89249.8,60595.34
CLM001964,1,1,1,0,1,1,0,high,5,12.284,226669.08,172003.76
CLM001965,0,1,1,0,0,0,0,medium,2,3.214,68086.4,48367.51
CLM001966,1,0,0,0,1,0,0,medium,2,3.489,58180.6,35794.72
CLM001967,0,0,1,0,0,0,0,low,1,0.918,12703.5,5685.99
CLM001968,0,1,1,0,1,1,0,high,4,10.881,204569.1,142873.23
CLM001969,0,0,1,0,1,0,0,medium,2,2.675,33029.78,22462.54
CLM001970,1,0,0,0,1,0,0,high,2,5.959,81489.9,68413.56
CLM001971,0,0,1,0,0,0,0,low,1,0.856,7506.89,3845.66
CLM001972,0,0,1,1,0,0,0,medium,2,3.376,44540.57,24229.36
CLM001973,0,1,1,0,1,0,0,high,3,8.861,128656.66,89343.33
CLM001974,0,1,0,0,0,0,1,low,2,2.115,28438.44,24311.06
CLM001975,0,0,1,0,0,0,0,medium,1,1.253,17123.65,12627.3
CLM001976,0,0,1,0,0,0,0,low,1,1.054,7575.89,0.0
CLM001977,1,1,1,0,0,0,0,medium,3,5.087,63156.7,45049.0
CLM001978,0,1,1,1,1,1,1,high,6,13.173,226680.63,198288.47
CLM001979,0,0,1,0,0,1,0,medium,2,2.771,41210.27,23605.23
CLM001980,0,1,1,0,0,1,0,high,3,8.418,88584.49,57050.84
CLM001981,1,0,0,1,1,0,0,low,3,3.162,45645.35,30098.36
CLM001982,0,0,0,0,1,0,0,low,1,0.692,10738.55,7148.98
CLM001983,0,0,1,0,0,0,1,medium,2,2.885,32648.6,20836.16
CLM001984,1,1,1,0,1,0,0,high,4,9.354,117996.72,97403.57
CLM001985,0,0,1,0,0,0,1,medium,2,2.975,71316.86,48105.77
CLM001986,0,0,1,0,1,1,0,low,3,2.855,54042.29,39957.97
CLM001987,1,0,1,0,0,0,0,low,2,1.687,21731.65,3438.08
CLM001988,0,0,1,0,0,0,0,low,1,0.623,9988.63,5994.37
CLM001989,0,0,1,0,1,1,0,medium,3,4.153,64194.75,44035.28
CLM001990,0,0,1,0,0,0,0,low,1,0.74,11413.0,6866.47
CLM001991,0,0,1,0,1,0,0,medium,2,2.675,29862.88,18627.48
CLM001992,0,0,1,1,0,1,0,high,3,8.386,121132.76,96787.59
CLM001993,0,0,1,0,0,1,0,low,2,1.708,17568.19,12294.0
CLM001994,0,1,1,0,1,1,0,high,4,12.334,137911.24,94763.82
CLM001995,0,1,1,1,0,1,1,high,5,14.231,208225.92,159002.12
CLM001996,0,1,1,0,0,0,0,medium,2,3.08,28365.44,18836.47
CLM001997,1,0,1,0,0,0,0,low,2,2.197,17872.91,10826.5
CLM001998,0,1,1,0,1,0,1,high,4,12.458,121949.34,67854.52
CLM001999,0,0,1,1,0,1,0,high,3,6.555,83032.56,70994.45
CLM002000,0,0,1,0,0,0,0,low,1,0.697,12460.81,6017.0
CLM002001,1,0,0,0,0,0,0,low,1,1.05,10459.44,0.0
CLM002002,0,0,1,0,0,0,0,medium,1,1.291,18803.87,8037.81
CLM002003,0,0,0,0,0,1,0,low,1,1.037,11404.5,0.0
CLM002004,0,0,0,0,0,1,0,low,1,1.315,13616.7,9041.08
CLM002005,1,0,1,0,0,0,0,medium,2,3.453,29608.15,21483.11
CLM002006,1,0,0,0,0,0,0,low,1,1.109,19301.99,2323.34
CLM002007,0,0,1,1,1,1,0,high,4,12.681,99678.81,57628.76
CLM002008,1,0,1,0,1,0,0,low,3,2.185,39200.13,25057.61
CLM002009,1,0,0,0,0,0,0,low,1,0.689,7087.32,3786.5
CLM002010,0,0,1,1,0,0,0,medium,2,3.004,39300.01,24987.2
CLM002011,0,0,1,0,0,0,0,low,1,0.831,12677.01,4157.78
CLM002012,0,0,1,1,1,0,0,medium,3,4.097,52998.4,34752.92
CLM002013,1,0,1,1,0,0,0,low,3,2.643,35809.49,20422.45
CLM002014,0,1,1,0,1,1,0,high,4,9.3,157777.8,112026.66
CLM002015,0,1,1,0,1,1,0,high,4,10.128,153378.97,126906.88
CLM002016,0,1,1,0,0,0,0,high,2,6.163,95364.88,79944.69
CLM002017,1,1,0,0,0,0,0,medium,2,3.283,42540.18,32770.17
CLM002018,0,0,1,0,0,0,0,low,1,0.725,10010.59,6099.0
CLM002019,0,0,1,0,0,0,0,low,1,0.871,13570.73,8841.6
CLM002020,0,0,1,1,1,1,0,medium,4,5.758,56551.15,44025.48
CLM002021,0,0,1,1,0,0,0,low,2,1.393,15851.63,0.0
CLM002022,0,1,1,1,0,1,0,high,4,9.037,163948.89,121797.94
CLM002023,0,0,1,0,0,0,0,low,1,1.19,14966.74,3213.18
CLM002024,0,1,1,1,0,0,0,high,3,6.813,82556.48,63461.09
CLM002025,0,1,0,1,1,1,0,high,4,12.21,144768.75,99078.61
CLM002026,0,1,1,0,1,0,0,medium,3,5.401,84575.12,56163.6
CLM002027,1,0,0,0,1,0,0,low,2,1.744,18718.09,9398.86
CLM002028,0,1,1,0,1,0,0,medium,3,3.121,52171.27,37368.26
CLM002029,0,0,1,1,0,0,0,medium,2,3.736,64995.4,45440.94
CLM002030,1,0,0,0,1,1,0,high,3,9.124,136054.54,90461.62
CLM002031,0,1,1,0,0,1,1,low,4,3.438,64079.06,40870.84
CLM002032,0,1,1,0,1,0,0,medium,3,4.396,38426.58,27656.45
CLM002033,0,1,1,0,1,1,0,medium,4,5.924,100031.34,70565.71
CLM002034,0,1,1,0,1,1,0,high,4,9.162,104649.82,92962.87
CLM002035,0,1,1,0,0,0,0,low,2,2.444,40410.9,30773.46
CLM002036,1,0,1,0,0,1,0,medium,3,4.261,32427.87,27178.8
CLM002037,1,1,0,0,0,0,0,low,2,1.979,19406.44,8884.0
CLM002038,0,0,1,0,1,0,0,medium,2,1.961,28170.49,15050.57
CLM002039,0,0,1,0,0,0,1,high,2,5.067,66892.9,51175.43
CLM002040,0,0,1,1,0,0,0,low,2,1.811,11609.79,8101.54
CLM002041,1,0,0,1,0,0,0,low,2,2.563,29184.6,19795.08
CLM002042,0,1,1,1,0,0,0,medium,3,6.916,61918.27,47447.11
CLM002043,1,0,0,0,1,0,0,low,2,1.462,23552.53,14072.13
CLM002044,0,0,1,0,1,0,0,low,2,1.678,16894.66,8147.24
CLM002045,0,0,1,1,0,1,0,high,3,7.833,109695.35,66210.46
CLM002046,1,0,0,0,0,0,0,low,1,0.952,7221.54,4046.86
CLM002047,1,0,0,0,0,0,0,low,1,0.932,8714.27,1775.51
CLM002048,0,1,1,0,1,1,1,medium,5,8.837,138724.97,111214.54
CLM002049,0,0,1,0,0,0,0,low,1,0.913,11245.16,6832.29
CLM002050,0,0,1,1,0,0,0,low,2,2.308,38594.08,32611.66
CLM002051,1,1,1,1,0,1,0,medium,5,9.291,164084.01,132673.49
CLM002052,1,0,1,0,1,1,0,medium,4,5.092,47581.26,26866.25
CLM002053,0,0,1,1,0,0,0,high,2,3.596,49125.47,38588.64
CLM002054,0,1,1,0,1,1,0,medium,4,4.89,60928.76,42453.32
CLM002055,0,0,1,0,0,0,0,low,1,0.624,7884.56,2393.8
CLM002056,0,1,1,0,0,1,1,high,4,10.612,151414.61,82715.61
CLM002057,1,1,1,0,1,1,1,high,6,16.23,187867.57,144971.8
CLM002058,0,0,1,0,0,1,0,low,2,1.88,24897.77,12356.35
CLM002059,0,1,1,0,0,0,0,medium,2,3.199,32867.8,22025.07
CLM002060,0,0,1,1,0,1,0,low,3,2.679,39481.4,34334.15
CLM002061,0,1,1,0,1,1,0,high,4,13.117,302593.16,265139.51
CLM002062,0,0,1,0,1,0,0,medium,2,3.127,33803.5,23145.05
CLM002063,0,1,1,0,1,1,1,high,5,12.996,222069.76,184801.4
CLM002064,0,0,1,0,0,0,0,low,1,0.7,9484.77,2825.08
CLM002065,0,1,1,0,1,1,0,high,4,10.989,171163.5,136771.71
CLM002066,0,1,1,1,1,1,0,high,5,10.779,163320.35,129779.37
CLM002067,1,0,0,0,1,1,0,medium,3,4.395,43845.51,37872.15
CLM002068,0,1,1,0,1,1,0,high,4,11.083,83115.72,54242.26
CLM002069,0,1,1,0,0,0,0,medium,2,2.764,26683.69,20080.15
CLM002070,0,0,0,1,0,1,0,low,2,2.778,31306.75,20867.94
CLM002071,0,1,1,1,0,0,0,medium,3,4.86,65263.68,43769.85
CLM002072,0,1,1,0,0,0,0,high,2,6.606,99416.32,72891.18
CLM002073,1,0,1,0,1,0,0,medium,3,3.546,65391.33,48709.03
CLM002074,1,1,1,1,1,1,0,high,6,15.074,196426.72,139918.96
CLM002075,0,1,1,0,1,1,0,high,4,10.992,152018.0,119931.77
CLM002076,1,1,0,1,1,1,0,high,5,13.031,153516.47,102448.59
CLM002077,0,0,0,0,1,0,0,low,1,0.805,13232.87,8933.33
CLM002078,0,0,1,0,1,0,0,high,2,4.35,39824.74,26579.41
CLM002079,1,0,1,0,1,1,1,high,5,9.181,146506.62,114725.64
CLM002080,1,0,0,0,1,0,0,medium,2,3.173,36578.93,27330.65
CLM002081,1,0,0,0,1,1,0,medium,3,3.99,47175.0,33024.82
CLM002082,0,0,0,1,1,0,0,low,2,2.589,48666.53,23483.6
CLM002083,0,0,1,0,0,0,0,low,1,0.822,11268.13,5124.47
CLM002084,0,0,0,0,0,0,1,low,1,1.27,20651.9,12115.45
CLM002085,0,1,1,0,1,1,0,high,4,12.029,133060.53,94161.65
CLM002086,0,0,1,0,0,0,0,low,1,0.94,10834.87,6638.14
CLM002087,0,0,1,1,0,0,0,low,2,2.395,28698.31,23852.99
CLM002088,1,0,0,0,0,0,0,medium,1,1.716,18597.58,10946.0
CLM002089,0,0,1,0,0,0,0,low,1,0.926,12650.06,8490.9
CLM002090,0,0,1,1,0,0,0,high,2,4.136,53979.79,38754.92
CLM002091,0,0,1,0,0,0,0,low,1,0.94,17048.29,3801.83
CLM002092,0,1,1,0,1,0,0,low,3,3.16,34883.97,27845.41
CLM002093,1,0,0,0,0,0,0,low,1,0.952,11368.11,7774.2
CLM002094,1,1,0,0,0,1,0,medium,3,4.734,74826.54,59480.31
CLM002095,0,0,1,0,1,0,0,low,2,1.895,26517.52,17853.86
CLM002096,0,0,1,1,0,1,0,high,3,9.359,133163.23,78685.52
CLM002097,1,0,0,0,1,0,0,medium,2,3.064,32285.83,22041.89
CLM002098,0,0,1,0,0,0,0,low,1,0.618,6490.21,3176.55
CLM002099,1,1,1,0,0,0,0,medium,3,3.695,48233.15,26338.11
CLM002100,1,1,1,0,0,1,0,high,4,10.898,169883.23,127929.73
CLM002101,0,0,1,1,0,1,0,medium,3,4.744,50335.41,35771.33
CLM002102,1,1,0,0,1,0,0,high,3,7.429,59132.79,41141.86
CLM002103,0,0,1,0,1,0,0,medium,2,2.68,35266.0,30967.06
CLM002104,1,0,0,1,1,0,0,medium,3,5.655,67447.59,53366.68
CLM002105,0,0,1,0,0,0,0,low,1,1.024,8254.16,4371.02
CLM002106,0,0,1,1,0,0,0,low,2,1.775,25932.01,16527.03
CLM002107,0,0,0,0,0,1,0,low,1,1.072,11800.99,7810.51
CLM002108,0,1,1,0,0,0,0,low,2,1.959,23514.44,9208.23
CLM002109,0,0,1,1,0,0,0,medium,2,3.275,39614.95,24065.31
CLM002110,0,0,1,1,0,1,0,medium,3,4.79,50112.32,37393.12
CLM002111,1,0,0,0,0,0,0,medium,1,1.672,17184.44,4076.56
CLM002112,0,1,1,1,1,1,0,high,5,13.189,238616.39,154573.46
CLM002113,0,1,1,0,1,1,0,medium,4,5.276,77125.49,64243.48
CLM002114,1,0,0,0,0,0,0,low,1,0.856,13178.68,0.0
CLM002115,1,1,1,1,0,0,1,high,5,11.074,160369.85,113078.69
CLM002116,0,0,1,0,1,0,0,medium,2,2.775,32706.63,27559.79
CLM002117,1,1,1,0,1,0,0,high,4,9.946,163430.42,137845.85
CLM002118,0,0,1,1,0,1,0,low,3,2.473,34850.71,17882.9
CLM002119,1,0,1,1,1,0,0,high,4,7.659,88916.41,64997.14
CLM002120,0,0,1,1,0,0,0,medium,2,3.316,41624.97,33819.29
CLM002121,1,0,0,0,1,0,0,low,2,1.769,19310.2,6423.7
CLM002122,0,0,0,0,1,0,0,low,1,0.718,7369.72,0.0
CLM002123,0,0,1,1,0,0,0,low,2,1.594,20144.4,6585.33
CLM002124,1,0,0,0,1,0,0,medium,2,2.674,16591.26,0.0
CLM002125,0,0,1,0,0,0,0,low,1,0.761,5626.27,0.0
CLM002126,0,1,1,0,1,1,0,medium,4,6.458,59092.7,40053.68
CLM002127,0,1,1,1,1,0,0,medium,4,4.933,85863.57,67245.39
CLM002128,1,0,0,0,1,1,0,high,3,8.07,162438.73,138469.92
CLM002129,0,0,1,1,0,1,0,medium,3,4.467,73060.87,48740.32
CLM002130,0,0,1,0,1,1,0,medium,3,4.788,54914.75,43050.65
CLM002131,0,0,0,0,0,1,1,medium,2,3.755,43257.61,36093.17
CLM002132,1,1,1,0,0,1,1,high,5,16.968,371139.52,291632.9
CLM002133,1,0,0,0,1,1,1,high,4,9.094,117193.45,74444.08
CLM002134,0,0,1,0,1,0,0,low,2,1.469,11367.24,280.91
CLM002135,0,1,1,0,1,1,0,high,4,7.775,83653.1,64244.84
CLM002136,1,0,0,0,0,0,0,low,1,1.093,11966.54,3861.07
CLM002137,0,0,1,0,1,0,0,medium,2,2.649,41533.6,30047.23
CLM002138,0,0,1,0,0,0,0,low,1,0.766,15398.43,11981.92
CLM002139,1,0,0,0,1,0,0,medium,2,3.539,58573.18,40839.85
CLM002140,1,0,0,0,1,1,0,medium,3,3.852,69551.31,59242.94
CLM002141,0,0,1,0,0,0,0,low,1,0.836,9884.5,4187.19
CLM002142,1,0,0,0,1,0,0,medium,2,2.961,49560.3,28598.0
CLM002143,1,1,1,1,1,1,0,medium,6,11.253,102305.84,73211.14
CLM002144,0,1,1,0,1,0,0,medium,3,4.701,58140.33,47672.04
CLM002145,0,0,1,1,0,1,0,medium,3,4.112,34886.08,26809.41
CLM002146,0,1,1,0,0,1,0,medium,3,4.219,77430.7,55644.58
CLM002147,0,1,1,0,1,1,0,high,4,11.748,206883.38,162600.4
CLM002148,1,0,0,0,0,1,0,high,2,5.755,70339.23,46713.53
CLM002149,0,0,1,1,0,0,0,low,2,1.764,16448.98,10009.11
CLM002150,0,1,1,0,1,0,0,high,3,5.957,56140.14,5476.85
CLM002151,0,0,1,0,0,0,0,low,1,0.775,8807.72,3286.96
CLM002152,0,0,0,0,1,0,0,low,1,0.643,6884.92,2015.36
CLM002153,0,1,1,0,0,0,1,high,3,6.58,80898.13,71015.11
CLM002154,1,0,1,1,0,0,0,high,3,8.982,141936.43,95871.6
CLM002155,1,1,1,1,1,1,0,high,6,9.858,193330.78,131469.3
CLM002156,0,1,1,0,0,0,0,low,2,1.489,13871.39,10706.91
CLM002157,0,0,1,0,0,1,0,low,2,1.8,25808.94,21996.51
CLM002158,0,0,1,1,0,1,0,medium,3,4.834,65552.9,48711.22
CLM002159,1,1,0,0,1,0,0,medium,3,3.518,48549.48,32252.88
CLM002160,0,0,1,1,0,0,0,low,2,1.364,15308.86,5018.33
CLM002161,0,1,1,0,1,1,0,medium,4,5.677,76308.5,58577.2
CLM002162,0,0,1,1,0,1,0,high,3,6.015,60219.3,52050.46
CLM002163,1,0,1,0,1,0,1,low,4,4.761,64651.21,41785.73
CLM002164,1,0,1,1,1,1,1,high,6,20.537,268757.03,238565.64
CLM002165,1,0,1,1,0,1,0,medium,4,5.092,56640.96,39163.82
CLM002166,0,1,1,0,0,1,0,medium,3,4.678,64750.48,52495.52
CLM002167,0,0,1,0,1,0,0,medium,2,2.89,44537.69,21839.03
CLM002168,1,0,0,1,1,0,0,medium,3,4.301,60002.28,45272.39
CLM002169,0,0,1,0,0,0,0,low,1,0.958,12449.6,0.0
CLM002170,1,1,0,0,1,0,0,low,3,2.76,44717.65,31046.76
CLM002171,0,0,1,1,0,0,0,low,2,2.092,33666.73,18433.27
CLM002172,0,1,1,1,1,1,0,high,5,11.632,185124.44,119329.07
CLM002173,0,1,1,1,0,1,0,high,4,15.145,230809.24,203715.51
CLM002174,0,0,1,1,0,1,0,medium,3,5.478,59784.22,40590.06
CLM002175,0,1,0,0,0,0,0,medium,1,1.605,20687.98,14921.2
CLM002176,0,1,1,0,0,0,0,low,2,1.727,20248.58,11978.44
CLM002177,0,1,1,0,0,1,0,high,3,9.167,106297.9,76974.07
CLM002178,0,0,1,0,0,0,0,low,1,0.814,8005.19,4187.78
CLM002179,0,0,1,1,0,0,0,high,2,3.798,51506.82,37474.56
CLM002180,0,1,1,1,1,0,0,medium,4,6.309,46891.78,41787.33
CLM002181,1,0,0,0,1,0,0,medium,2,2.748,51145.04,33832.16
CLM002182,0,0,1,1,0,1,0,medium,3,5.887,70595.25,53946.01
CLM002183,0,0,1,0,1,1,0,low,3,2.287,20087.98,2883.93
CLM002184,0,0,1,1,0,1,0,high,3,8.223,70075.41,58813.89
CLM002185,1,0,1,1,1,1,0,high,5,14.91,204755.2,151612.41
CLM002186,1,0,0,0,0,1,0,low,2,1.411,15694.51,12162.28
CLM002187,0,0,1,0,0,0,0,low,1,0.771,6142.71,0.0
CLM002188,0,0,1,0,1,1,0,low,3,3.194,27571.76,21896.67
CLM002189,0,0,1,1,0,0,0,low,2,1.871,27611.18,17337.14
CLM002190,0,0,1,0,0,0,0,low,1,0.978,15078.54,11149.28
CLM002191,1,1,0,0,1,0,0,low,3,3.421,54475.05,42315.99
CLM002192,0,0,1,1,1,0,0,low,3,2.796,29779.87,19108.38
CLM002193,0,0,0,0,1,0,0,low,1,0.709,6711.33,0.0
CLM002194,1,0,0,0,0,0,0,medium,1,1.748,28576.52,16915.13
CLM002195,0,0,1,0,1,1,0,low,3,2.51,41569.24,29677.71
CLM002196,1,0,0,0,1,1,0,medium,3,4.19,83694.89,63239.35
CLM002197,1,0,1,0,1,1,0,medium,4,7.111,85368.59,46856.71
CLM002198,0,0,1,1,0,1,0,medium,3,5.575,57235.5,43806.39
CLM002199,1,0,1,0,0,0,0,low,2,1.91,31913.83,24336.41
CLM002200,0,1,0,0,0,0,1,medium,2,3.557,52079.26,35042.2
CLM002201,1,0,1,1,0,1,0,high,4,10.73,91564.4,54987.17
CLM002202,0,0,1,1,0,1,0,low,3,2.719,39134.51,14068.8
CLM002203,0,0,1,0,1,0,0,low,2,1.281,18528.53,3625.45
CLM002204,1,0,0,1,1,1,0,high,4,10.093,156757.96,140465.27
CLM002205,1,1,1,0,0,0,1,low,4,3.98,44105.71,31977.24
CLM002206,0,0,1,0,1,1,0,high,3,7.448,86583.24,52474.22
CLM002207,0,0,1,1,0,0,0,low,2,2.262,35916.13,21526.71
CLM002208,1,1,1,0,0,0,0,high,3,10.397,169886.31,154358.13
CLM002209,1,0,0,1,1,0,0,low,3,2.701,50084.93,38726.78
CLM002210,0,0,1,1,0,0,0,medium,2,3.967,55538.75,43203.27
CLM002211,0,1,1,0,1,1,1,high,5,13.599,155099.61,119920.01
CLM002212,0,1,0,0,0,1,1,medium,3,6.175,116663.32,88691.59
CLM002213,0,0,1,0,0,0,1,low,2,2.671,25371.61,5973.33
CLM002214,0,0,1,0,0,0,0,low,1,0.744,8572.72,5935.52
CLM002215,1,0,1,0,1,1,0,high,4,9.71,112492.57,88316.69
CLM002216,1,0,1,0,0,0,0,low,2,2.0,22990.89,2486.81
CLM002217,1,0,0,0,1,1,0,low,3,2.573,39166.47,33676.02
CLM002218,0,0,1,0,1,0,0,low,2,2.466,33514.25,28323.17
CLM002219,0,0,0,1,0,0,0,low,1,1.137,10667.24,3903.26
CLM002220,0,0,1,0,0,1,0,low,2,2.376,25992.41,7200.89
CLM002221,0,0,1,0,0,0,0,low,1,0.928,8759.79,4364.31
CLM002222,1,1,1,0,1,1,0,high,5,13.021,165261.61,107745.92
CLM002223,1,0,0,0,1,0,0,low,2,1.642,26556.52,18171.74
CLM002224,1,0,1,0,0,1,0,medium,3,4.669,38650.83,20603.5
CLM002225,1,1,0,0,1,1,0,medium,4,6.529,66875.64,55184.08
CLM002226,0,1,1,1,1,1,1,high,6,14.951,208240.06,164833.04
CLM002227,0,0,1,0,0,1,1,medium,3,5.227,57100.97,31612.86
CLM002228,0,0,1,1,0,1,0,medium,3,3.976,47269.47,26539.42
CLM002229,0,0,1,0,1,0,0,medium,2,2.824,27546.35,21488.19
CLM002230,0,1,1,1,1,1,0,high,5,10.927,183228.61,158654.55
CLM002231,1,1,1,0,0,0,1,medium,4,6.619,113268.02,89009.91
CLM002232,1,1,0,0,0,0,0,low,2,2.251,35405.28,17411.57
CLM002233,1,1,1,0,1,1,0,high,5,11.658,116560.4,58319.09
CLM002234,0,0,1,1,0,1,0,medium,3,5.546,38521.85,12066.42
CLM002235,0,0,1,1,0,0,0,high,2,4.841,61557.3,37083.83
CLM002236,1,0,1,0,0,0,0,medium,2,3.065,52596.7,32716.32
CLM002237,0,0,1,0,0,0,0,medium,1,1.396,27679.99,17403.19
CLM002238,1,0,0,0,0,1,0,medium,2,3.218,42434.75,34349.15
CLM002239,0,0,0,1,0,0,0,low,1,0.764,10703.78,6004.62
CLM002240,0,0,1,0,1,0,0,low,2,1.714,26162.43,9724.32
CLM002241,0,0,1,0,0,0,0,low,1,1.088,15366.88,0.0
CLM002242,1,0,1,1,0,1,0,high,4,14.0,146692.26,105044.01
CLM002243,0,0,0,0,1,1,0,low,2,1.589,15322.2,9528.05
CLM002244,0,0,1,1,0,0,0,medium,2,3.863,68321.28,61524.09
CLM002245,1,0,0,0,1,1,0,high,3,4.73,55070.96,39225.55
CLM002246,0,0,0,1,0,1,0,medium,2,3.92,45700.47,27191.82
CLM002247,1,0,1,0,0,0,0,medium,2,3.221,36802.37,13773.92
CLM002248,0,0,1,0,0,1,0,low,2,1.628,16678.34,12104.24
CLM002249,1,0,1,0,0,0,0,medium,2,3.342,22847.93,15377.26
CLM002250,1,1,0,0,1,1,0,medium,4,6.863,109665.91,86895.46
CLM002251,1,1,1,0,1,1,0,high,5,14.943,222835.03,163526.15
CLM002252,0,0,0,1,0,0,0,medium,1,1.779,20681.73,16265.88
CLM002253,0,1,1,0,1,1,0,medium,4,6.172,77379.09,64713.76
CLM002254,1,0,1,0,0,0,0,medium,2,3.664,40126.35,34440.29
CLM002255,0,0,1,0,1,0,0,low,2,1.388,16738.75,0.0
CLM002256,1,0,0,0,0,0,0,low,1,1.05,11650.23,3374.28
CLM002257,0,0,1,1,0,1,0,low,3,2.707,41971.29,25050.06
CLM002258,0,0,1,0,0,0,0,low,1,0.939,11473.4,5493.15
CLM002259,1,0,0,0,1,0,0,medium,2,2.969,43695.06,32317.67
CLM002260,1,0,0,0,1,1,0,high,3,6.396,85028.27,65288.3
CLM002261,0,0,1,0,0,0,0,low,1,0.73,5986.31,0.0
CLM002262,1,1,0,0,1,0,0,low,3,2.993,44881.24,26672.28
CLM002263,0,1,1,0,0,0,1,medium,3,5.367,49084.6,41128.97
CLM002264,1,1,0,0,1,0,0,low,3,2.794,39315.47,27802.71
CLM002265,0,1,1,0,1,0,0,high,3,8.383,90738.33,53383.24
CLM002266,1,0,0,1,0,1,0,medium,3,4.226,55418.94,41340.1
CLM002267,1,0,0,0,1,1,0,medium,3,5.111,70746.69,55101.93
CLM002268,0,1,1,1,0,0,0,medium,3,4.649,73317.81,55219.83
CLM002269,0,0,1,1,1,1,0,medium,4,6.284,92909.79,71175.04
CLM002270,0,1,1,1,0,1,0,low,4,3.163,34914.06,19707.65
CLM002271,0,0,1,1,0,1,0,medium,3,5.48,53748.28,29292.57
CLM002272,1,0,0,0,1,1,0,high,3,8.31,110656.36,69656.77
CLM002273,0,0,1,0,0,0,0,low,1,0.797,11862.54,6562.62
CLM002274,0,0,1,1,0,1,0,high,3,10.355,67088.04,47870.14
CLM002275,1,0,0,0,1,0,0,low,2,1.844,21019.09,12225.92
CLM002276,0,1,1,0,1,0,0,medium,3,4.133,40505.11,26400.97
CLM002277,0,1,1,0,1,1,0,medium,4,6.529,60105.0,49643.7
CLM002278,0,1,1,0,0,1,0,high,3,6.626,112308.25,66886.37
CLM002279,0,0,1,0,0,0,0,low,1,0.835,8466.58,5966.14
CLM002280,1,0,1,1,0,1,0,medium,4,7.265,62749.62,56061.96
CLM002281,0,1,1,0,1,0,0,medium,3,4.665,67833.31,48670.09
CLM002282,0,1,1,0,1,1,0,high,4,10.163,204140.93,143135.15
CLM002283,0,1,1,1,0,1,0,medium,4,8.829,90565.42,69045.67
CLM002284,0,0,1,1,0,0,0,low,2,2.084,33878.44,25580.19
CLM002285,1,0,0,1,1,0,0,low,3,2.684,37400.77,27123.14
CLM002286,1,0,0,0,1,1,0,medium,3,4.135,62660.65,55864.45
CLM002287,1,0,0,0,0,0,0,low,1,1.268,17405.08,9454.09
CLM002288,1,0,0,0,1,0,0,low,2,1.886,25790.87,13720.62
CLM002289,1,0,1,0,1,1,1,high,5,17.921,424605.49,358286.7
CLM002290,1,0,0,0,1,1,0,medium,3,4.398,61093.81,39851.52
CLM002291,1,0,0,0,1,1,0,medium,3,3.843,43284.02,28388.22
CLM002292,1,0,0,0,1,0,0,low,2,1.818,26513.35,15175.91
CLM002293,0,1,1,0,1,0,0,medium,3,5.183,51138.96,36183.76
CLM002294,0,0,1,0,0,1,0,low,2,2.074,23425.21,17623.45
CLM002295,0,1,1,0,1,0,0,high,3,9.312,175292.0,146111.52
CLM002296,1,1,0,0,1,0,0,low,3,2.534,44510.13,19506.85
CLM002297,0,0,1,0,0,0,0,low,1,0.737,6788.88,3428.09
CLM002298,1,0,0,0,1,1,1,high,4,9.523,141143.63,127811.29
CLM002299,0,0,1,1,0,0,0,medium,2,3.023,41950.69,20725.38
CLM002300,0,0,0,0,1,1,0,low,2,1.494,19149.37,11391.95
CLM002301,0,0,1,0,0,0,0,medium,1,1.733,16460.24,8124.77
CLM002302,0,1,1,0,0,0,1,high,3,8.436,113011.26,85415.76
CLM002303,0,0,0,0,1,0,0,medium,1,1.087,15941.64,11386.07
CLM002304,1,0,0,0,1,1,0,medium,3,4.025,44640.09,37141.78
CLM002305,0,1,0,0,1,1,0,medium,3,5.276,80555.23,64238.32
CLM002306,0,0,1,0,0,0,0,medium,1,1.502,14075.52,10335.82
CLM002307,1,0,0,0,1,0,0,low,2,1.774,21958.79,8879.4
CLM002308,0,0,0,0,0,1,0,medium,1,1.377,12316.45,3299.32
CLM002309,0,0,1,1,0,1,0,medium,3,5.573,76581.44,38634.63
CLM002310,0,0,1,1,0,0,0,low,2,1.9,30874.48,17614.33
CLM002311,1,0,0,1,1,1,0,high,4,8.281,106746.22,90210.57
CLM002312,1,0,1,0,1,1,0,medium,4,6.461,123454.46,96892.99
CLM002313,1,0,1,0,1,1,0,high,4,8.82,141770.0,98144.45
CLM002314,0,0,0,0,1,0,0,low,1,0.759,7208.69,3263.36
CLM002315,0,1,0,0,0,0,1,medium,2,4.167,40339.77,27602.69
CLM002316,1,1,0,0,0,0,0,medium,2,3.164,52360.65,31121.16
CLM002317,0,0,1,1,0,1,0,medium,3,3.924,30473.36,22446.07
CLM002318,0,0,1,1,0,0,0,low,2,1.448,15624.26,4478.64
CLM002319,1,0,0,0,1,0,0,low,2,1.668,21757.34,8729.07
CLM002320,0,0,1,0,1,0,0,low,2,1.767,10003.29,707.84
CLM002321,0,0,1,0,0,0,0,low,1,0.635,10059.6,6547.23
CLM002322,0,0,1,0,0,0,0,low,1,0.669,8545.05,360.92
CLM002323,1,0,1,1,1,1,0,high,5,14.844,189727.78,130588.85
CLM002324,0,1,1,0,1,0,0,medium,3,4.743,57086.2,43801.31
CLM002325,1,0,1,1,0,0,0,medium,3,4.281,63918.84,46174.69
CLM002326,1,0,0,0,1,0,0,high,2,5.106,43426.5,30837.33
CLM002327,1,0,0,1,1,0,0,medium,3,5.906,75590.9,51666.91
CLM002328,1,0,0,0,0,1,0,medium,2,3.434,52150.54,31850.93
CLM002329,1,0,1,0,0,0,0,low,2,1.615,28694.87,8870.61
CLM002330,1,0,0,0,0,0,0,low,1,1.141,12337.88,7935.84
CLM002331,0,0,0,1,0,0,0,low,1,1.058,14558.78,8098.82
CLM002332,0,0,1,0,0,0,0,low,1,0.583,7389.97,3746.18
CLM002333,1,0,0,1,1,1,1,high,5,10.743,156456.52,106048.96
CLM002334,1,0,1,0,0,0,0,medium,2,3.564,21196.81,11917.45
CLM002335,0,0,1,0,0,1,0,low,2,2.362,23597.38,17142.68
CLM002336,1,1,1,1,1,1,0,high,6,13.988,265562.77,231774.02
CLM002337,1,0,1,0,1,0,0,medium,3,4.52,55007.2,45300.88
CLM002338,0,0,1,1,0,0,0,medium,2,2.853,51132.71,45292.38
CLM002339,0,0,1,0,0,1,1,high,3,9.645,173931.09,161173.06
CLM002340,0,0,0,0,1,0,0,low,1,1.041,13657.7,10754.01
CLM002341,0,0,1,0,1,0,0,medium,2,2.608,41329.7,34260.68
CLM002342,1,0,1,0,1,0,0,medium,3,4.196,49556.34,41705.93
CLM002343,0,1,1,0,0,1,0,high,3,12.067,219571.6,198004.95
CLM002344,0,0,1,1,0,0,0,low,2,1.887,23824.56,16268.39
CLM002345,1,1,1,0,0,1,0,medium,4,5.592,89104.85,56532.71
CLM002346,0,0,1,0,1,0,0,low,2,1.631,20695.91,446.16
CLM002347,0,0,1,0,0,0,0,low,1,0.993,16526.36,5348.74
CLM002348,1,0,0,0,0,0,0,low,1,1.028,17686.27,14791.37
CLM002349,0,1,1,0,0,0,1,medium,3,6.359,65885.34,44706.61
CLM002350,1,0,0,0,1,0,0,medium,2,2.853,25078.37,5087.61
CLM002351,1,0,0,0,0,0,0,medium,1,1.451,17818.47,11479.48
CLM002352,1,0,1,0,1,0,0,medium,3,5.764,76851.15,59359.6
CLM002353,1,0,0,0,1,1,1,high,4,14.065,110207.18,77877.7
CLM002354,1,0,0,0,1,0,0,low,2,2.027,23845.08,19418.23
CLM002355,0,1,1,1,1,1,0,high,5,12.275,194791.48,131874.61
CLM002356,0,0,1,1,0,0,0,high,2,5.547,77556.12,68799.66
CLM002357,0,1,1,0,1,0,0,low,3,3.051,34594.86,22349.15
CLM002358,0,0,1,0,0,0,0,low,1,0.95,9894.84,4175.93
CLM002359,0,1,1,1,1,1,1,high,6,19.915,320585.01,222854.68
CLM002360,1,1,1,0,0,1,1,high,5,17.332,259636.75,192095.38
CLM002361,0,0,1,1,1,0,0,medium,3,3.885,45128.68,38983.7
CLM002362,0,1,1,0,1,1,0,high,4,9.36,126199.95,111653.52
CLM002363,0,0,1,1,0,1,0,medium,3,4.744,49414.25,34955.15
CLM002364,1,0,0,0,0,0,0,low,1,1.386,14163.27,7435.8
CLM002365,1,0,0,0,1,0,0,medium,2,3.985,55355.13,42192.16
CLM002366,0,1,1,1,1,0,0,medium,4,6.022,85469.71,55146.58
CLM002367,0,0,1,0,0,0,0,low,1,0.789,12950.26,6376.97
CLM002368,1,0,0,0,1,0,0,low,2,1.334,19022.88,12028.25
CLM002369,0,0,1,0,0,1,0,medium,2,2.893,50776.52,39934.35
CLM002370,1,0,0,0,1,0,0,low,2,1.498,21970.82,12781.25
CLM002371,0,0,1,0,1,0,1,high,3,9.189,127883.09,101931.05
CLM002372,0,0,1,1,0,1,0,high,3,9.281,111723.09,84676.07
CLM002373,0,0,1,1,0,0,0,medium,2,3.159,50388.94,33761.85
CLM002374,1,0,0,0,1,1,0,low,3,2.778,33152.39,28175.68
CLM002375,0,0,1,1,0,0,0,low,2,2.348,29305.87,24393.25
CLM002376,0,0,1,1,1,1,0,high,4,12.874,189372.3,143343.3
CLM002377,0,1,1,0,1,1,0,high,4,13.375,192634.1,135459.42
CLM002378,0,0,1,0,0,0,0,low,1,0.892,13124.16,9220.48
CLM002379,1,0,1,0,1,0,0,medium,3,4.718,62028.12,46013.93
CLM002380,1,0,0,0,0,0,0,low,1,1.247,17912.29,10620.43
CLM002381,0,1,1,0,0,1,0,medium,3,4.669,54421.91,37130.3
CLM002382,1,0,0,0,1,0,0,medium,2,2.533,44715.22,30716.47
CLM002383,0,0,1,0,0,0,0,low,1,0.93,12166.36,9178.33
CLM002384,0,0,1,1,0,0,0,low,2,2.233,34999.13,22484.74
CLM002385,1,0,0,0,0,0,0,low,1,0.844,8454.39,2024.49
CLM002386,0,0,1,0,1,0,0,medium,2,2.891,42393.94,29239.68
CLM002387,0,0,1,1,0,0,0,medium,2,3.967,64068.01,50164.14
CLM002388,0,1,1,0,0,0,0,medium,2,3.255,28131.48,21429.81
CLM002389,1,0,1,0,1,1,0,medium,4,6.932,70174.92,59451.66
CLM002390,0,0,1,0,0,0,0,low,1,1.081,13492.65,7747.02
CLM002391,0,1,1,0,0,1,0,high,3,8.768,128842.46,71120.36
CLM002392,1,0,0,0,1,1,0,high,3,6.847,84042.33,61392.13
CLM002393,1,0,0,0,1,0,0,low,2,1.94,28060.43,16944.56
CLM002394,0,0,0,1,0,0,0,low,1,1.149,13883.18,2714.68
CLM002395,0,1,1,0,1,0,1,high,4,11.983,175643.62,155851.0
CLM002396,0,1,1,0,1,1,0,high,4,9.371,87132.59,39751.33
CLM002397,1,0,0,0,1,1,0,medium,3,4.939,61985.38,46304.13
CLM002398,0,0,1,1,0,0,0,low,2,1.933,24114.36,19697.82
CLM002399,0,1,1,0,1,1,0,medium,4,7.268,96800.9,81058.35
CLM002400,1,0,0,0,1,0,0,low,2,2.074,15857.21,9767.37
CLM002401,0,0,1,1,0,0,0,low,2,1.996,26863.11,13118.99
CLM002402,1,0,0,0,1,0,0,medium,2,2.367,21886.17,16753.42
CLM002403,0,0,1,1,1,0,0,medium,3,5.743,89160.29,59283.87
CLM002404,1,0,0,0,1,1,0,high,3,6.584,56830.39,32365.79
CLM002405,0,1,1,0,1,1,0,high,4,10.395,176420.33,115612.86
CLM002406,0,1,1,0,0,1,0,low,3,2.931,29410.35,21013.77
CLM002407,0,0,1,0,1,0,0,medium,2,2.758,20085.97,12822.81
CLM002408,0,1,1,0,1,1,0,high,4,9.076,100408.87,62003.18
CLM002409,0,0,1,1,0,1,0,medium,3,5.282,45935.15,18087.36
CLM002410,0,1,1,0,1,1,0,high,4,10.006,179449.73,153484.07
CLM002411,0,0,1,0,0,0,0,low,1,0.702,12764.8,9455.69
CLM002412,0,1,1,0,1,1,0,medium,4,6.14,80419.41,57931.99
CLM002413,0,0,1,1,0,0,0,low,2,2.159,29772.8,24699.26
CLM002414,1,0,0,0,0,0,0,low,1,1.381,18131.13,3962.97
CLM002415,1,0,1,1,0,1,0,high,4,12.098,107868.24,73263.4
CLM002416,0,0,0,0,1,0,0,medium,1,1.326,17975.94,6649.44
CLM002417,0,1,1,0,0,1,0,high,3,8.226,90963.87,61649.38
CLM002418,1,0,0,0,1,0,0,high,2,5.381,57503.83,39063.6
CLM002419,0,0,1,0,0,1,1,medium,3,4.229,66594.8,43336.18
CLM002420,0,0,1,0,0,1,0,medium,2,2.497,39349.43,20221.45
CLM002421,1,0,1,0,1,1,1,high,5,14.334,166476.84,130637.24
CLM002422,1,0,1,0,0,1,0,medium,3,5.93,55704.91,39832.65
CLM002423,0,0,1,1,0,1,0,medium,3,4.54,65832.43,57967.87
CLM002424,1,0,1,0,0,0,0,low,2,1.775,22296.77,17996.14
CLM002425,1,0,0,1,0,0,0,low,2,1.92,20807.67,14484.94
CLM002426,0,1,1,1,0,0,0,high,3,9.567,108407.35,79475.67
CLM002427,1,0,1,0,0,0,0,medium,2,3.532,28390.96,19983.68
CLM002428,1,1,0,0,1,0,0,medium,3,4.285,58859.25,47292.0
CLM002429,0,1,1,0,1,1,0,high,4,10.036,114656.9,83482.54
CLM002430,0,1,1,0,1,1,0,high,4,9.159,145183.47,96821.75
CLM002431,0,1,1,0,0,1,0,high,3,9.948,180396.03,137582.64
CLM002432,0,0,1,0,0,0,0,low,1,0.597,5365.11,0.0
CLM002433,1,0,0,0,1,1,0,high,3,5.41,67884.63,61878.41
CLM002434,0,1,1,0,1,1,0,high,4,10.802,150402.25,108474.77
CLM002435,0,1,1,0,0,1,0,high,3,8.325,98485.65,75569.6
CLM002436,0,0,1,0,0,0,0,low,1,0.896,15366.34,7146.61
CLM002437,0,1,1,0,0,0,0,low,2,2.399,20814.42,13364.34
CLM002438,1,0,1,0,1,0,0,low,3,3.332,36705.74,22140.82
CLM002439,0,0,1,0,0,1,0,low,2,2.131,31168.79,16350.14
CLM002440,1,0,0,0,1,0,0,medium,2,2.767,25211.7,19528.23
CLM002441,1,0,0,0,0,0,0,low,1,1.066,9910.8,0.0
CLM002442,1,0,0,0,0,0,0,low,1,0.909,7386.57,3758.86
CLM002443,0,0,1,0,0,0,1,high,2,5.612,90465.18,64504.42
CLM002444,0,1,1,1,0,0,0,high,3,9.556,160885.8,124599.88
CLM002445,0,0,1,1,0,1,0,medium,3,4.977,50412.96,35278.32
CLM002446,0,1,1,1,1,1,0,medium,5,8.698,118256.32,98211.89
CLM002447,0,0,1,0,1,0,0,medium,2,2.937,32867.47,23371.58
CLM002448,0,1,1,0,1,0,0,high,3,7.838,87931.92,62791.51
CLM002449,0,0,1,0,1,0,0,low,2,0.961,14350.01,128.01
CLM002450,1,0,0,0,0,0,0,medium,1,1.568,16332.77,11704.12
CLM002451,1,0,0,0,0,0,0,medium,1,1.663,17799.95,7525.46
CLM002452,0,0,1,1,0,1,0,medium,3,4.298,33766.85,28248.0
CLM002453,0,1,1,1,0,0,0,medium,3,4.426,60260.25,49166.96
CLM002454,1,1,1,0,1,1,1,high,6,24.409,516641.99,435983.13
CLM002455,0,1,0,0,0,0,1,low,2,2.027,22791.22,3990.96
CLM002456,0,1,1,1,0,0,0,medium,3,4.854,98842.6,64825.09
CLM002457,1,0,0,0,0,0,0,low,1,0.807,8711.92,5810.44
CLM002458,1,0,0,0,0,0,0,low,1,0.959,12401.81,5211.46
CLM002459,1,0,1,0,0,0,0,low,2,1.927,34644.59,27878.49
CLM002460,0,1,0,0,0,0,1,high,2,6.183,77867.4,40915.11
CLM002461,0,0,1,0,1,0,0,medium,2,2.911,22015.61,9161.79
CLM002462,0,0,1,1,0,0,0,low,2,1.273,16699.93,10217.42
CLM002463,1,0,0,0,1,0,0,high,2,5.12,70526.69,44964.01
CLM002464,0,1,1,0,0,1,0,medium,3,5.777,99638.49,78680.71
CLM002465,0,0,1,0,0,0,0,low,1,0.878,8835.29,3800.91
CLM002466,1,0,1,0,0,0,0,low,2,1.449,9644.32,92.0
CLM002467,1,0,1,0,1,1,0,low,4,4.274,65406.48,48018.7
CLM002468,0,0,1,1,0,1,0,low,3,3.476,33887.11,29055.89
CLM002469,1,0,0,0,0,1,0,low,2,1.802,26719.81,20040.25
CLM002470,0,1,1,0,0,1,0,medium,3,4.239,65218.66,40493.95
CLM002471,1,0,0,0,1,0,0,medium,2,2.683,32403.43,26313.97
CLM002472,0,1,1,0,1,1,0,medium,4,7.795,80720.55,58883.17
CLM002473,1,1,1,0,0,0,1,low,4,4.411,70504.02,63726.0
CLM002474,0,1,1,0,0,1,0,low,3,2.548,34598.49,22267.19
CLM002475,0,0,0,0,0,0,1,low,1,1.329,24909.12,14560.33
CLM002476,0,0,1,0,1,1,0,low,3,2.251,20264.75,10143.14
CLM002477,0,0,1,0,0,0,0,low,1,0.78,14562.86,8811.01
CLM002478,0,1,1,0,0,1,0,low,3,3.517,59652.98,45351.55
CLM002479,0,0,1,1,0,0,0,medium,2,3.184,35456.89,20763.33
CLM002480,1,0,0,0,0,0,0,medium,1,1.33,17998.24,7873.66
CLM002481,0,1,0,0,0,1,1,low,3,4.885,56202.88,41106.82
CLM002482,0,1,0,1,1,1,0,high,4,9.476,146433.82,114490.85
CLM002483,1,0,0,0,1,0,0,medium,2,2.873,34434.39,14281.15
CLM002484,0,0,1,0,1,0,0,low,2,1.915,25204.56,12823.25
CLM002485,0,1,1,0,1,1,0,high,4,9.427,100031.67,91192.73
CLM002486,0,0,1,0,0,1,1,high,3,10.959,135624.52,102321.1
CLM002487,0,1,1,0,0,1,0,high,3,9.961,156312.37,108966.47
CLM002488,0,0,1,0,0,0,0,low,1,0.668,9626.74,5166.48
CLM002489,0,0,1,1,0,1,0,medium,3,4.875,55901.99,39898.09
CLM002490,1,1,0,0,1,1,0,medium,4,5.985,69908.83,55952.24
CLM002491,0,0,0,1,0,0,0,low,1,1.049,7017.22,0.0
CLM002492,0,0,1,1,0,0,0,medium,2,3.087,53505.45,26389.2
CLM002493,0,0,1,1,0,1,0,medium,3,5.659,85973.42,70611.57
CLM002494,0,0,1,1,0,1,1,medium,4,8.08,100074.9,77615.47
CLM002495,1,1,0,1,0,1,0,medium,4,5.903,89424.97,60099.52
CLM002496,0,1,1,1,0,1,1,medium,5,8.993,96920.61,72565.05
CLM002497,0,1,1,0,1,1,0,high,4,10.663,167436.47,125924.23
CLM002498,1,0,0,0,1,1,0,high,3,6.719,79142.43,29342.91
CLM002499,0,1,0,1,0,1,1,low,4,3.388,68711.11,49135.01
CLM002500,1,0,0,0,1,1,0,low,3,2.608,50110.97,39303.6
CLM002501,0,0,1,0,0,0,0,low,1,0.635,8556.98,2408.1
CLM002502,1,0,1,1,0,1,0,medium,4,7.357,86119.83,69044.35
CLM002503,1,0,0,0,1,1,0,high,3,7.442,76487.75,48544.79
CLM002504,0,1,1,1,0,1,1,high,5,15.48,234248.99,184756.76
CLM002505,0,1,1,0,0,1,1,high,4,15.504,271137.53,210675.11
CLM002506,1,0,1,1,0,0,0,low,3,2.394,33899.11,26496.9
CLM002507,0,1,1,1,1,1,0,high,5,13.815,177875.08,150107.72
CLM002508,0,1,1,0,1,0,0,medium,3,4.96,64699.75,40593.03
CLM002509,1,0,0,0,1,0,0,low,2,1.766,25873.44,9448.43
CLM002510,1,0,1,0,0,0,1,high,3,7.937,115896.67,83222.07
CLM002511,1,1,1,0,0,0,1,medium,4,7.656,89300.51,69208.55
CLM002512,0,1,1,0,0,1,0,high,3,8.29,106829.89,73393.82
CLM002513,0,1,0,0,0,1,0,low,2,1.718,16539.86,7231.06
CLM002514,0,1,1,0,0,1,0,medium,3,4.174,36432.58,25368.05
CLM002515,0,1,1,0,1,1,0,medium,4,5.121,61389.46,36954.38
CLM002516,0,1,1,0,1,1,0,high,4,8.018,85043.41,42475.07
CLM002517,1,0,0,1,1,0,0,medium,3,5.043,45914.04,27373.41
CLM002518,0,1,1,1,0,0,1,high,4,14.671,304170.32,279970.28
CLM002519,1,1,1,0,1,1,0,high,5,12.125,146586.34,108501.07
CLM002520,0,0,1,0,0,0,0,low,1,0.818,7184.63,3335.65
CLM002521,1,0,0,0,1,1,0,high,3,8.644,117332.32,89798.44
CLM002522,1,0,0,0,0,0,0,low,1,0.882,7979.96,0.0
CLM002523,0,1,1,0,1,1,0,high,4,9.924,93347.81,60799.61
CLM002524,0,0,1,0,1,0,0,low,2,1.488,19370.74,9272.48
CLM002525,0,1,1,0,0,1,1,high,4,11.184,184393.5,133633.34
CLM002526,0,1,1,0,0,0,0,low,2,1.829,25099.61,15626.69
CLM002527,0,1,1,0,0,1,1,high,4,10.68,183745.55,143557.73
CLM002528,1,0,0,0,1,0,0,low,2,2.226,29150.05,17127.27
CLM002529,0,1,1,0,0,1,0,medium,3,6.192,100065.21,74900.39
CLM002530,0,0,1,0,1,0,0,medium,2,2.137,23016.38,13789.31
CLM002531,0,1,1,1,1,1,1,high,6,15.288,276500.4,227576.87
CLM002532,1,0,1,0,1,0,0,low,3,3.159,32291.54,16906.83
CLM002533,1,1,0,0,1,0,0,low,3,2.604,40277.93,27775.24
CLM002534,1,0,0,0,1,0,0,medium,2,4.263,54532.45,38309.48
CLM002535,0,0,0,1,0,1,0,low,2,2.01,26248.81,18205.81
CLM002536,0,0,1,1,0,0,0,low,2,1.762,20086.75,13568.1
CLM002537,0,0,1,1,1,1,0,medium,4,4.714,54668.71,47932.75
CLM002538,0,0,1,0,1,0,0,medium,2,2.545,44139.46,35260.84
CLM002539,0,0,1,0,0,0,0,low,1,0.879,12545.6,3231.09
CLM002540,1,1,1,0,0,0,1,high,4,12.441,172907.42,124206.27
CLM002541,1,0,0,1,1,1,0,high,4,9.22,152050.03,101133.41
CLM002542,1,1,0,0,0,1,0,medium,3,6.736,60152.43,45819.77
CLM002543,0,0,1,0,1,1,0,high,3,5.098,84363.16,54641.79
CLM002544,0,0,1,0,1,0,0,low,2,1.412,13319.63,4450.22
CLM002545,1,1,0,0,0,0,0,low,2,2.183,31796.32,27033.94
CLM002546,0,0,1,0,0,0,0,low,1,0.813,6639.06,2843.22
CLM002547,0,0,1,0,0,0,0,low,1,0.741,6246.36,0.0
CLM002548,1,0,1,0,1,0,0,low,3,2.052,34584.72,23619.67
CLM002549,1,0,0,0,1,0,0,high,2,4.181,56107.73,44627.71
CLM002550,0,0,0,0,1,0,0,low,1,0.763,6981.06,783.02
CLM002551,0,0,1,0,0,0,0,low,1,0.783,9309.72,910.59
CLM002552,1,0,0,0,0,1,0,low,2,1.539,16613.1,13119.05
CLM002553,0,1,1,0,0,0,0,high,2,5.81,74358.54,47031.84
CLM002554,0,0,1,1,0,1,0,medium,3,5.549,64668.22,43258.38
CLM002555,1,0,0,0,0,0,0,medium,1,1.675,21609.63,8642.49
CLM002556,0,1,1,1,0,1,0,high,4,12.408,91851.75,59373.97
CLM002557,1,0,0,0,1,1,0,high,3,8.308,98025.72,81710.7
CLM002558,1,0,1,0,0,0,0,medium,2,2.296,31154.32,19947.73
CLM002559,1,1,1,0,1,1,0,high,5,14.269,177249.05,131400.58
CLM002560,0,0,0,0,0,0,1,medium,1,2.094,19042.03,14284.99
CLM002561,0,1,1,0,0,1,0,medium,3,6.104,57974.29,50449.24
CLM002562,0,1,1,0,1,1,0,medium,4,5.939,40891.96,20894.36
CLM002563,0,1,1,0,1,1,1,high,5,15.54,316204.85,293986.37
CLM002564,0,0,1,1,0,0,0,low,2,1.713,11536.67,615.83
CLM002565,0,0,1,1,0,1,0,high,3,8.65,84866.69,57493.67
CLM002566,0,0,1,0,1,0,0,low,2,1.481,25336.81,19102.51
CLM002567,0,1,1,0,1,1,1,high,5,17.338,345687.36,291453.99
CLM002568,0,1,1,0,0,1,1,high,4,11.837,145984.44,125441.89
CLM002569,0,1,1,0,1,1,0,medium,4,6.688,130354.03,114471.81
CLM002570,0,0,1,0,0,0,0,low,1,0.947,12023.45,3681.61
CLM002571,0,1,1,0,1,1,0,high,4,11.202,95347.51,65435.48
CLM002572,0,1,1,0,0,1,0,low,3,2.757,31812.38,20979.31
CLM002573,0,0,1,1,0,0,0,medium,2,2.839,26410.29,17076.81
CLM002574,1,1,0,0,1,1,0,low,4,4.019,50395.52,33656.59
CLM002575,0,0,0,0,0,1,0,low,1,0.87,8599.05,4060.51
CLM002576,1,1,1,0,1,1,0,medium,5,7.056,80558.85,47272.23
CLM002577,0,1,1,0,1,1,0,medium,4,6.052,63730.73,43690.46
CLM002578,0,1,1,1,1,1,0,medium,5,6.241,92450.12,66770.77
CLM002579,0,1,1,1,1,1,1,high,6,14.346,226330.07,174235.16
CLM002580,1,1,1,0,0,0,0,medium,3,4.784,65286.27,53606.54
CLM002581,1,0,0,0,1,0,0,high,2,6.133,63611.39,56758.67
CLM002582,1,0,0,0,1,1,0,medium,3,4.725,83346.03,75353.44
CLM002583,0,0,1,0,0,0,0,low,1,0.949,6911.61,0.0
CLM002584,0,0,1,1,0,0,0,low,2,1.918,27269.1,14439.82
CLM002585,0,1,1,1,0,1,1,medium,5,9.909,204204.5,178116.85
CLM002586,1,0,1,0,0,0,0,low,2,1.7,18783.67,8334.07
CLM002587,1,1,0,0,1,0,0,medium,3,4.948,45629.17,31884.41
CLM002588,1,0,0,1,1,0,1,high,4,12.165,167102.66,119217.36
CLM002589,1,1,1,1,1,0,0,high,5,10.432,145011.12,91456.32
CLM002590,1,0,1,1,0,1,0,medium,4,5.908,64654.59,54897.32
CLM002591,0,0,1,0,0,1,0,medium,2,2.56,39753.83,26596.17
CLM002592,0,0,1,0,1,0,0,low,2,1.51,19988.52,13266.76
CLM002593,0,0,1,1,0,0,0,low,2,2.172,27876.92,16017.91
CLM002594,1,0,0,0,1,1,0,high,3,8.236,113648.49,103984.68
CLM002595,0,1,1,0,0,0,0,medium,2,3.951,44008.88,32585.49
CLM002596,0,1,1,0,0,1,1,medium,4,6.455,119318.69,83458.05
CLM002597,0,0,1,0,1,1,0,medium,3,3.689,39485.73,18367.73
CLM002598,0,0,1,0,0,0,0,low,1,1.012,10530.48,7863.55
CLM002599,0,0,1,0,0,0,0,low,1,1.123,10233.92,5367.97
CLM002600,0,0,1,0,0,0,0,low,1,0.902,10533.93,6513.08
CLM002601,1,0,1,1,0,0,0,medium,3,4.751,47157.31,28012.57
CLM002602,1,0,0,0,0,1,0,medium,2,3.119,43638.87,22749.2
CLM002603,0,1,1,0,1,1,0,high,4,7.321,99434.57,91133.46
CLM002604,0,0,1,0,0,0,0,low,1,0.947,19172.56,7107.16
CLM002605,1,0,0,0,1,0,0,medium,2,2.7,16036.73,2896.41
CLM002606,0,0,1,0,0,0,0,low,1,0.935,11497.25,606.48
CLM002607,1,0,0,0,1,1,0,medium,3,5.388,87509.19,71579.93
CLM002608,1,1,0,0,1,0,0,high,3,8.764,110796.69,91834.83
CLM002609,0,1,1,0,1,0,1,high,4,10.394,152694.98,111908.43
CLM002610,1,0,0,0,0,1,0,medium,2,2.608,44217.95,23746.09
CLM002611,1,0,0,0,1,0,0,medium,2,2.289,18470.36,14825.82
CLM002612,0,1,1,0,1,0,0,high,3,8.576,109357.63,95642.18
CLM002613,1,0,0,0,1,1,0,medium,3,4.678,55617.25,44150.17
CLM002614,1,0,0,0,1,0,0,high,2,4.349,65245.78,43563.73
CLM002615,0,1,1,0,0,0,0,low,2,2.525,27671.87,18301.71
CLM002616,0,0,1,0,0,1,0,medium,2,3.561,44335.3,20447.78
CLM002617,0,0,1,0,0,1,0,low,2,1.579,25407.74,18357.39
CLM002618,0,0,1,1,1,1,0,medium,4,7.108,72127.0,49590.43
CLM002619,0,0,1,0,1,0,0,low,2,1.745,18762.17,13738.38
CLM002620,1,0,1,0,0,1,0,high,3,7.683,89250.96,36269.3
CLM002621,0,0,1,1,0,1,0,medium,3,4.728,76784.11,62488.49
CLM002622,0,0,0,0,1,0,0,low,1,0.716,8995.23,2006.59
CLM002623,1,1,1,0,1,1,0,high,5,10.961,185066.6,128623.93
CLM002624,1,0,1,0,1,0,1,medium,4,5.765,94010.86,69536.99
CLM002625,0,0,1,0,0,0,0,low,1,1.036,12352.7,0.0
CLM002626,0,1,1,1,0,1,0,medium,4,7.111,158749.96,118923.92
CLM002627,1,0,0,0,0,0,0,low,1,1.067,15227.07,0.0
CLM002628,0,1,1,0,0,1,0,low,3,3.818,37142.09,18990.43
CLM002629,0,0,1,0,0,1,0,low,2,1.678,22585.36,16339.26
CLM002630,1,1,1,1,0,1,0,medium,5,8.268,80705.45,61616.36
CLM002631,0,0,1,0,1,0,0,low,2,1.568,18441.69,0.0
CLM002632,1,0,0,0,1,0,0,medium,2,2.64,20116.02,16532.14
CLM002633,0,1,1,0,0,1,0,high,3,10.805,141491.73,107577.36
CLM002634,1,0,0,0,0,1,0,medium,2,3.417,46948.28,41624.83
CLM002635,1,0,0,0,0,0,0,low,1,0.923,11297.85,6096.78
CLM002636,1,0,1,0,1,0,0,low,3,2.827,25090.58,16539.99
CLM002637,0,1,1,0,0,1,0,medium,3,4.554,51600.97,35296.66
CLM002638,0,0,1,1,1,0,0,medium,3,4.48,60952.79,43260.84
CLM002639,0,0,1,1,0,0,0,low,2,2.201,19966.23,13963.41
CLM002640,0,0,1,0,0,0,0,medium,1,1.224,13946.47,2716.61
CLM002641,0,0,1,1,0,1,0,high,3,7.786,106098.44,67689.88
CLM002642,0,0,1,0,0,0,0,low,1,0.864,12332.2,211.56
CLM002643,0,1,1,0,1,1,0,medium,4,7.259,71572.76,57244.59
CLM002644,1,0,1,0,0,1,0,medium,3,4.288,37341.91,27901.81
CLM002645,0,1,1,0,0,1,0,high,3,6.43,56034.13,40753.38
CLM002646,1,0,1,0,0,0,0,low,2,2.364,23463.61,14934.0
CLM002647,0,0,1,0,0,0,0,low,1,0.941,11776.13,3973.11
CLM002648,0,0,1,0,1,0,0,low,2,1.927,22737.41,13454.69
CLM002649,0,0,1,1,0,1,0,low,3,3.228,45857.17,36346.31
CLM002650,0,1,0,0,0,1,1,high,3,8.554,98639.08,71885.28
CLM002651,1,0,0,0,1,1,0,medium,3,4.413,62575.0,40233.91
CLM002652,0,1,1,1,1,1,0,high,5,16.188,213681.73,142123.61
CLM002653,0,0,1,0,0,0,0,low,1,0.973,16837.12,4688.85
CLM002654,1,0,0,0,1,0,0,medium,2,2.491,27611.62,17535.52
CLM002655,0,0,1,1,1,1,0,high,4,10.653,91664.86,70097.89
CLM002656,1,0,0,0,1,1,1,high,4,10.294,169031.0,119147.43
CLM002657,1,0,1,1,0,1,0,low,4,3.888,43017.17,33323.0
CLM002658,0,0,1,0,1,1,1,low,4,3.417,49723.31,25987.8
CLM002659,1,0,0,0,1,1,0,low,3,2.365,24603.16,14808.39
CLM002660,1,0,0,0,0,0,0,low,1,1.154,11861.06,7031.53
CLM002661,1,0,1,0,0,1,0,medium,3,5.488,51506.18,41579.79
CLM002662,1,0,0,0,0,0,0,low,1,1.002,11843.56,6825.37
CLM002663,0,1,1,0,1,0,0,medium,3,4.956,53395.6,28946.81
CLM002664,0,0,1,0,0,0,0,medium,1,1.561,16035.14,2672.68
CLM002665,1,0,1,0,1,0,0,medium,3,3.046,48364.64,37019.03
CLM002666,1,0,0,0,1,1,0,high,3,6.345,84552.42,66702.28
CLM002667,0,0,1,1,0,1,0,low,3,3.248,47360.67,31836.08
CLM002668,0,0,1,1,0,1,0,high,3,7.44,73734.38,53700.71
CLM002669,0,0,1,0,1,1,0,medium,3,4.072,68731.15,55585.87
CLM002670,0,0,1,0,0,1,0,low,2,1.723,26270.01,15737.65
CLM002671,1,0,0,0,0,0,0,low,1,0.838,13226.28,1184.06
CLM002672,0,0,1,0,0,0,0,low,1,0.786,13656.27,7297.35
CLM002673,0,1,1,0,1,1,0,high,4,12.22,180706.69,121485.95
CLM002674,0,1,1,0,1,1,0,medium,4,6.149,96896.49,84424.31
CLM002675,0,0,1,1,0,0,0,low,2,1.739,41045.98,19774.64
CLM002676,0,0,1,0,1,0,0,medium,2,2.186,28944.91,21539.69
CLM002677,0,0,1,1,0,0,0,medium,2,2.702,36066.62,27614.22
CLM002678,0,0,1,0,0,1,0,low,2,1.518,15290.14,8721.66
CLM002679,0,0,1,0,1,0,0,medium,2,2.109,31378.94,20797.14
CLM002680,0,1,1,0,0,1,0,medium,3,5.271,63776.4,44516.15
CLM002681,0,0,1,0,1,0,0,medium,2,2.288,14067.41,7711.47
CLM002682,0,1,1,1,0,0,0,medium,3,5.848,86803.52,80103.03
CLM002683,0,0,1,1,1,1,0,medium,4,5.78,52740.46,44162.0
CLM002684,0,1,1,0,1,1,0,high,4,11.099,128051.11,87849.3
CLM002685,1,0,0,0,0,0,0,low,1,0.791,10778.89,0.0
CLM002686,0,1,1,1,0,1,0,medium,4,6.191,68636.93,51445.19
CLM002687,0,0,1,0,0,0,0,low,1,0.847,8322.23,0.0
CLM002688,1,0,0,0,1,0,0,low,2,2.145,25021.23,7743.41
CLM002689,0,0,1,0,0,0,0,low,1,0.813,9007.05,0.0
CLM002690,1,0,0,0,0,1,0,high,2,4.701,60365.76,40812.86
CLM002691,1,0,1,0,1,1,0,high,4,9.103,107839.45,82205.19
CLM002692,0,0,0,1,0,1,0,low,2,1.981,19077.58,7077.38
CLM002693,1,0,0,1,1,0,0,medium,3,4.883,70715.78,48009.25
CLM002694,1,0,0,0,1,1,0,high,3,8.473,69347.25,62359.26
CLM002695,0,0,1,0,0,0,0,low,1,0.874,13321.28,1323.51
CLM002696,0,0,1,1,0,1,0,high,3,8.71,80249.09,58815.41
CLM002697,1,0,0,0,1,0,0,medium,2,2.848,30903.51,22108.92
CLM002698,1,0,1,0,1,0,0,low,3,2.71,36977.66,11458.67
CLM002699,1,0,0,1,0,0,0,low,2,2.251,28867.64,21275.4
CLM002700,0,0,1,0,0,1,1,medium,3,4.564,48262.17,32468.52
CLM002701,1,0,0,0,0,1,0,low,2,1.861,30099.5,20928.65
CLM002702,1,0,0,0,0,0,0,medium,1,1.672,22231.2,10092.21
CLM002703,1,0,0,1,1,0,0,medium,3,5.02,72225.73,64097.03
CLM002704,1,0,1,0,1,0,0,medium,3,4.492,55862.19,46107.46
CLM002705,1,0,0,0,0,0,0,medium,1,1.575,14545.48,8863.74
CLM002706,0,0,1,1,0,1,0,low,3,3.482,36802.12,30691.35
CLM002707,0,1,1,0,1,0,0,medium,3,4.536,87897.55,74044.93
CLM002708,0,1,1,0,1,0,0,medium,3,4.293,54623.89,48719.59
CLM002709,1,0,0,0,1,1,0,low,3,2.56,18770.37,12364.96
CLM002710,0,0,1,1,0,0,0,medium,2,3.849,46950.74,30194.65
CLM002711,0,1,1,0,0,1,0,medium,3,4.625,89950.6,63827.2
CLM002712,1,0,0,1,0,0,0,low,2,1.861,20218.83,13619.7
CLM002713,0,0,1,1,0,0,0,low,2,2.129,22287.66,14849.12
CLM002714,1,0,0,1,0,0,0,low,2,2.265,33792.58,16815.08
CLM002715,1,0,0,0,1,1,0,high,3,7.319,63482.06,31505.08
CLM002716,0,0,1,0,0,1,0,low,2,1.833,14248.89,10166.62
CLM002717,1,0,0,1,1,1,0,high,4,7.873,78623.31,59136.08
CLM002718,0,1,0,0,1,0,0,low,2,1.666,26315.37,5323.76
CLM002719,0,1,1,0,0,1,0,medium,3,6.271,77139.79,61942.8
CLM002720,1,0,1,0,1,0,0,medium,3,4.869,64359.46,43163.92
CLM002721,0,0,0,1,0,0,0,low,1,0.976,7545.82,922.64
CLM002722,0,0,1,1,0,0,0,medium,2,3.312,38613.45,28001.54
CLM002723,1,0,0,0,1,0,0,high,2,6.187,88076.72,70419.07
CLM002724,1,0,0,0,1,1,1,high,4,15.064,213419.29,171659.09
CLM002725,0,1,1,1,0,1,1,high,5,13.681,177474.39,149316.74
CLM002726,1,0,0,0,1,0,0,high,2,5.219,101451.59,73867.63
CLM002727,0,1,1,1,1,1,0,medium,5,8.146,135710.8,123093.47
CLM002728,0,0,1,1,0,0,0,medium,2,3.545,20041.62,7493.23
CLM002729,1,0,0,0,0,0,0,low,1,1.349,17720.91,11356.36
CLM002730,1,0,0,1,0,1,0,medium,3,3.706,37722.07,31658.12
CLM002731,1,0,0,0,1,0,0,medium,2,2.486,36017.59,26044.76
CLM002732,0,0,1,1,0,0,0,medium,2,4.004,40647.68,24688.47
CLM002733,0,0,1,1,0,0,0,medium,2,3.17,37062.85,24306.78
CLM002734,0,0,1,1,0,0,0,medium,2,2.61,37392.37,22943.64
CLM002735,0,0,1,0,0,1,0,medium,2,3.728,36856.12,21706.03
CLM002736,1,0,0,0,0,0,0,low,1,0.875,13676.15,5009.87
CLM002737,0,0,0,1,0,1,0,medium,2,3.686,59514.74,46564.23
CLM002738,1,0,0,0,1,0,0,medium,2,2.202,28562.33,21457.66
CLM002739,0,1,1,1,0,0,1,high,4,9.834,109079.35,64671.21
CLM002740,1,1,1,1,1,0,0,medium,5,12.361,146896.81,107356.41
CLM002741,1,0,0,0,1,1,0,medium,3,4.938,73628.64,61332.6
CLM002742,0,0,1,0,0,0,0,medium,1,1.37,26108.74,19876.38
CLM002743,0,0,0,0,0,1,1,medium,2,3.345,47790.14,39882.78
CLM002744,1,0,0,0,1,0,0,low,2,1.724,13385.08,8781.72
CLM002745,1,0,1,0,1,0,0,medium,3,3.675,36311.23,30992.01
CLM002746,0,0,0,0,0,0,1,low,1,1.278,28703.07,23791.15
CLM002747,1,0,1,0,0,1,0,medium,3,5.604,49060.09,31937.11
CLM002748,1,0,0,0,1,1,0,high,3,9.079,68110.16,47398.56
CLM002749,1,0,1,1,1,0,0,medium,4,5.765,85820.01,56985.76
CLM002750,0,0,1,1,0,1,0,low,3,2.752,39105.63,26363.61
CLM002751,1,0,0,0,0,1,0,medium,2,3.163,54637.93,43334.67
CLM002752,1,0,0,0,0,0,0,medium,1,1.342,15016.41,5934.29
CLM002753,1,0,0,0,1,1,0,medium,3,4.186,59079.94,45555.5
CLM002754,0,0,1,0,1,1,1,high,4,11.642,183549.22,148220.51
CLM002755,0,1,1,0,1,1,0,high,4,11.791,128680.95,115382.77
CLM002756,0,1,1,0,0,1,0,low,3,2.909,54356.04,41493.44
CLM002757,0,0,1,0,0,0,0,low,1,0.749,9704.93,5983.27
CLM002758,1,0,0,0,1,0,0,medium,2,2.774,38805.53,31689.95
CLM002759,0,0,1,1,0,0,0,medium,2,2.614,25678.67,17881.95
CLM002760,1,0,1,1,0,1,0,high,4,10.501,169330.76,140593.49
CLM002761,0,0,0,0,0,1,0,medium,1,1.347,17644.97,2755.01
CLM002762,0,0,1,0,0,0,0,medium,1,1.214,16143.52,4929.08
CLM002763,1,0,0,1,1,0,0,low,3,2.55,40032.87,29982.49
CLM002764,0,0,1,0,0,0,0,medium,1,1.427,21327.44,12528.57
CLM002765,0,1,1,1,0,1,0,low,4,3.457,50295.95,43911.22
CLM002766,0,1,1,0,0,1,0,high,3,8.132,200281.29,149690.32
CLM002767,0,0,1,1,0,0,0,medium,2,2.923,27646.52,4448.61
CLM002768,0,1,1,0,0,1,0,medium,3,5.416,84018.9,75578.75
CLM002769,0,1,1,0,1,1,0,medium,4,6.082,98468.67,65790.24
CLM002770,1,0,1,0,1,0,0,high,3,7.907,100245.29,68448.97
CLM002771,1,0,0,0,0,0,0,low,1,0.949,15187.79,11333.54
CLM002772,0,1,1,0,0,0,0,medium,2,4.725,56675.55,50384.49
CLM002773,0,0,1,1,0,1,0,medium,3,5.077,48614.78,34177.82
CLM002774,1,1,0,0,0,1,0,high,3,9.511,203927.81,165153.93
CLM002775,0,1,1,1,1,1,1,high,6,20.144,393708.77,367508.66
CLM002776,1,0,0,0,1,0,0,medium,2,3.332,34829.71,24186.66
CLM002777,0,0,1,0,0,1,0,medium,2,2.716,36176.63,20282.96
CLM002778,0,1,1,0,1,0,0,medium,3,4.789,47779.3,31334.0
CLM002779,0,0,1,1,0,1,0,low,3,3.681,67797.93,52619.59
CLM002780,1,0,0,0,0,0,0,low,1,1.176,13399.3,3152.46
CLM002781,1,0,0,0,1,1,0,medium,3,4.787,68397.57,50292.45
CLM002782,0,1,1,0,1,1,0,high,4,12.606,234525.16,159424.62
CLM002783,1,0,0,0,1,1,0,medium,3,5.173,60447.82,45397.15
CLM002784,1,0,1,1,1,1,0,high,5,12.162,107418.93,82662.67
CLM002785,0,1,1,0,1,1,0,high,4,9.133,101981.43,69592.46
CLM002786,0,0,1,0,0,0,0,medium,1,1.258,12560.94,6554.24
CLM002787,0,1,1,1,0,1,0,medium,4,7.29,100794.64,71512.02
CLM002788,1,0,0,0,1,0,0,low,2,1.603,18365.58,12854.86
CLM002789,0,0,1,1,0,1,0,low,3,2.995,48251.69,41263.65
CLM002790,1,0,0,0,0,0,0,low,1,0.925,8202.63,0.0
CLM002791,0,0,1,0,0,0,0,low,1,0.825,7572.21,0.0
CLM002792,0,0,1,0,0,0,0,low,1,0.83,11588.38,5555.02
CLM002793,1,0,0,0,1,0,0,medium,2,2.935,45181.3,29393.98
CLM002794,0,0,1,1,0,0,0,low,2,2.045,29969.88,16698.28
CLM002795,0,0,1,0,0,0,0,medium,1,1.299,14119.85,7912.69
CLM002796,0,0,1,0,1,0,1,medium,3,4.719,72023.66,48548.76
CLM002797,0,1,1,0,1,0,0,high,3,8.221,81682.28,54908.69
CLM002798,0,1,1,0,1,1,0,medium,4,6.507,49468.04,26323.73
CLM002799,0,0,1,1,0,0,0,medium,2,4.048,29845.72,17297.26
CLM002800,0,0,1,1,1,0,0,high,3,9.394,157579.7,116208.05
CLM002801,0,0,0,0,0,1,0,low,1,0.929,8808.48,4208.27
CLM002802,0,0,1,0,0,0,0,medium,1,1.175,15054.99,10414.28
CLM002803,0,1,1,0,1,1,0,high,4,7.908,133521.7,95168.4
CLM002804,1,0,0,0,1,0,0,high,2,3.896,44441.46,16915.38
CLM002805,0,0,1,0,0,0,0,low,1,0.933,12280.79,6781.31
CLM002806,1,0,0,0,1,0,0,low,2,1.561,19331.67,6517.2
CLM002807,0,1,1,0,1,0,0,low,3,2.677,41198.41,33135.73
CLM002808,1,0,0,0,1,1,0,high,3,8.713,115467.46,99332.69
CLM002809,0,0,1,0,0,0,0,low,1,0.745,6426.77,0.0
CLM002810,1,0,0,0,0,1,0,medium,2,3.184,26724.73,17416.86
CLM002811,0,1,1,1,0,1,0,low,4,4.297,50694.55,25126.84
CLM002812,1,0,0,0,1,1,0,high,3,7.811,143985.19,126070.15
CLM002813,0,0,1,1,0,0,0,medium,2,3.184,59922.31,48018.67
CLM002814,1,0,0,0,1,1,0,medium,3,3.214,34924.33,21410.02
CLM002815,0,1,1,0,1,0,0,medium,3,4.507,85290.02,74578.3
CLM002816,1,0,0,0,0,1,0,low,2,2.457,32526.96,24856.58
CLM002817,0,0,0,0,0,0,1,medium,1,2.2,38122.75,23575.12
CLM002818,0,0,1,1,0,1,0,medium,3,5.266,72872.68,62928.44
CLM002819,1,0,0,0,1,1,0,medium,3,5.592,80138.27,70868.09
CLM002820,1,0,0,0,1,0,0,high,2,4.888,40735.41,25886.21
CLM002821,1,0,0,0,1,0,0,medium,2,2.287,37040.26,16363.23
CLM002822,1,0,1,1,0,0,0,low,3,3.655,61183.66,41557.28
CLM002823,0,0,1,0,1,0,0,low,2,1.452,13287.25,2078.77
CLM002824,1,1,1,0,1,1,0,high,5,13.487,172015.48,129438.02
CLM002825,0,0,1,0,1,0,0,medium,2,3.021,49685.27,39408.77
CLM002826,1,0,1,0,1,1,0,medium,4,6.675,73275.61,60732.09
CLM002827,0,0,1,0,0,1,0,medium,2,2.983,39914.51,32772.65
CLM002828,0,1,1,1,1,1,0,medium,5,9.063,105870.13,81280.76
CLM002829,1,0,1,1,0,0,0,low,3,3.744,48241.17,32301.81
CLM002830,0,0,1,0,0,0,0,low,1,0.793,10164.72,3357.19
CLM002831,1,0,0,1,1,0,0,low,3,3.683,48496.57,34337.84
CLM002832,1,0,0,1,1,1,0,medium,4,5.446,53465.91,48696.75
CLM002833,1,1,1,0,1,1,0,high,5,14.612,139900.14,126768.13
CLM002834,0,0,1,0,0,0,0,low,1,1.016,19898.12,1520.87
CLM002835,0,1,1,0,1,0,0,medium,3,4.916,43845.74,24020.02
CLM002836,0,0,1,0,1,1,0,high,3,8.267,79705.52,60646.49
CLM002837,1,0,0,0,0,0,0,low,1,1.089,11206.92,4097.43
CLM002838,0,1,1,0,1,0,0,low,3,3.02,38936.7,24500.55
CLM002839,0,0,1,0,0,1,1,high,3,8.333,117274.86,85725.44
CLM002840,1,0,0,0,1,0,0,medium,2,2.811,21209.05,8075.27
CLM002841,0,1,1,1,0,1,0,high,4,11.704,93507.92,63893.36
CLM002842,0,1,1,0,0,0,0,high,2,4.404,61209.49,41355.46
CLM002843,1,0,0,0,1,1,0,medium,3,4.564,35105.82,26025.32
CLM002844,1,1,1,0,1,1,0,high,5,16.091,139455.42,95846.98
CLM002845,0,0,0,0,1,1,0,low,2,1.403,18937.49,11788.11
CLM002846,1,0,0,0,1,0,0,low,2,2.016,23989.4,15547.07
CLM002847,0,0,1,0,1,0,0,medium,2,2.561,15655.74,8984.97
CLM002848,0,0,0,0,0,0,1,low,1,1.091,15937.31,7319.33
CLM002849,0,1,1,0,0,1,0,low,3,2.926,31639.64,25205.26
CLM002850,0,0,1,1,0,1,0,high,3,7.276,96976.89,85114.73
CLM002851,0,0,1,0,0,0,0,low,1,0.788,8483.72,5057.99
CLM002852,0,1,1,0,0,1,0,high,3,7.011,129493.53,86121.26
CLM002853,0,0,1,0,0,0,0,medium,1,1.251,13572.82,8894.11
CLM002854,0,1,1,0,1,1,0,medium,4,5.082,84351.18,73861.73
CLM002855,1,1,1,0,1,0,0,high,4,9.849,144077.22,118460.98
CLM002856,1,0,0,0,0,0,0,medium,1,1.503,26458.11,17289.81
CLM002857,1,0,0,0,0,1,0,medium,2,3.501,53177.61,38581.72
CLM002858,0,1,1,0,0,1,0,low,3,2.67,30084.35,18187.17
CLM002859,0,1,1,0,1,1,0,medium,4,5.596,70946.97,53280.83
CLM002860,0,1,1,0,0,0,0,medium,2,3.98,47349.5,31602.8
CLM002861,0,1,1,0,0,1,0,medium,3,6.077,90539.73,82646.31
CLM002862,0,0,1,0,1,0,0,low,2,1.641,14897.93,5934.75
CLM002863,0,0,1,0,0,0,0,medium,1,1.386,22225.07,10072.29
CLM002864,1,0,0,0,1,1,0,low,3,2.44,31640.45,19240.09
CLM002865,0,1,1,1,1,1,0,high,5,17.8,359911.42,319800.91
CLM002866,0,0,1,0,0,0,0,low,1,0.976,10886.58,168.52
CLM002867,0,0,0,1,0,0,0,low,1,0.95,15528.08,6235.22
CLM002868,1,0,1,0,0,0,0,low,2,1.778,28786.56,21770.47
CLM002869,0,1,0,0,1,1,0,high,3,8.76,83565.31,66564.02
CLM002870,0,0,1,1,0,0,1,high,3,7.325,172272.63,119603.09
CLM002871,0,1,1,1,1,1,0,high,5,16.429,135201.44,123524.42
CLM002872,0,0,0,0,1,1,0,medium,2,2.804,37895.62,27067.66
CLM002873,0,1,1,1,1,0,0,high,4,11.725,214971.63,165612.71
CLM002874,1,0,1,0,1,1,0,high,4,8.964,100745.22,88468.24
CLM002875,1,0,0,0,0,0,0,low,1,1.082,20359.79,11882.64
CLM002876,0,0,1,0,0,0,0,low,1,0.953,12447.41,7666.25
CLM002877,0,0,1,0,0,0,1,medium,2,3.362,68715.93,52854.97
CLM002878,0,0,1,0,1,1,0,low,3,2.643,29229.86,22638.42
CLM002879,0,1,1,1,0,1,0,medium,4,6.537,56746.63,38723.87
CLM002880,1,0,1,0,0,0,0,high,2,4.819,59003.26,41720.41
CLM002881,1,0,0,0,0,0,0,medium,1,1.589,13649.49,8438.56
CLM002882,0,1,1,0,1,1,0,medium,4,5.706,73007.24,55506.29
CLM002883,0,0,1,1,0,0,0,medium,2,2.925,33130.31,19631.35
CLM002884,0,0,1,0,0,1,0,low,2,1.673,15360.01,10082.46
CLM002885,0,0,1,0,0,1,0,medium,2,2.256,29217.88,17583.39
CLM002886,0,1,1,0,0,1,0,high,3,7.646,63205.47,47025.15
CLM002887,0,0,1,0,0,1,1,medium,3,6.142,65939.26,55450.1
CLM002888,0,0,1,1,0,1,0,high,3,8.608,89372.84,75781.64
CLM002889,0,0,1,1,1,1,0,high,4,9.009,114628.17,89867.65
CLM002890,1,0,0,0,1,0,0,medium,2,2.952,26038.66,21774.83
CLM002891,0,1,1,0,1,1,0,high,4,9.971,148470.6,132102.44
CLM002892,1,0,1,1,1,0,0,medium,4,6.291,87202.24,66909.65
CLM002893,0,1,1,0,1,1,0,high,4,9.154,114525.92,84917.36
CLM002894,1,1,1,0,0,0,1,high,4,9.399,98136.13,79806.36
CLM002895,0,0,0,0,1,0,0,low,1,0.729,6965.64,2413.67
CLM002896,0,1,1,0,1,1,0,high,4,12.057,207395.0,171301.34
CLM002897,1,0,1,0,0,0,0,low,2,1.814,30646.81,13002.43
CLM002898,0,0,1,1,0,0,0,low,2,1.75,24403.22,17769.79
CLM002899,1,0,0,0,1,1,0,high,3,6.446,75096.75,57909.57
CLM002900,1,0,1,0,1,0,0,medium,3,3.383,26387.05,4156.66
CLM002901,0,0,1,1,0,1,0,high,3,8.406,122668.48,97163.69
CLM002902,0,1,1,1,1,0,0,high,4,10.839,180597.67,133760.17
CLM002903,0,0,1,1,1,0,0,medium,3,5.565,50994.92,34005.2
CLM002904,0,1,1,0,1,1,0,high,4,12.705,158301.05,124229.99
CLM002905,1,0,0,0,1,1,0,medium,3,3.866,43279.32,29634.13
CLM002906,0,0,1,0,0,0,0,low,1,0.671,11513.05,6258.93
CLM002907,1,0,1,0,0,0,0,low,2,2.543,24782.04,11282.77
CLM002908,0,0,1,1,0,1,0,medium,3,4.424,76666.91,52759.24
CLM002909,0,0,1,1,0,0,0,medium,2,2.796,48802.1,37134.99
CLM002910,0,1,1,0,1,1,0,medium,4,5.288,76574.57,63688.77
CLM002911,0,1,1,0,1,0,0,medium,3,4.529,70368.92,58539.99
CLM002912,0,1,1,1,0,1,0,medium,4,7.275,127436.32,114543.5
CLM002913,0,1,1,0,0,0,1,medium,3,6.915,104147.67,70050.55
CLM002914,1,0,0,0,0,1,0,medium,2,3.816,32849.38,19983.03
CLM002915,0,0,1,1,0,0,0,high,2,5.034,75368.6,43577.11
CLM002916,1,0,0,0,1,1,0,medium,3,5.057,62942.07,55856.42
CLM002917,1,0,1,0,0,1,0,low,3,3.046,43658.27,29146.51
CLM002918,0,0,0,0,1,0,0,low,1,0.807,12612.45,8419.55
CLM002919,0,0,1,0,0,0,0,low,1,0.962,14217.48,2958.88
CLM002920,0,0,0,1,0,0,0,low,1,1.012,15551.85,4998.85
CLM002921,1,0,0,0,1,0,0,medium,2,2.41,37467.21,25443.66
CLM002922,1,0,0,0,0,0,0,low,1,1.249,15902.67,0.0
CLM002923,0,0,1,0,1,1,0,low,3,3.019,33054.2,24816.99
CLM002924,0,0,0,1,0,1,0,low,2,2.339,21337.75,15168.82
CLM002925,1,0,0,0,0,1,0,low,2,1.6,15576.39,12443.44
CLM002926,0,0,1,0,0,0,0,low,1,0.916,8342.62,4827.29
CLM002927,0,0,1,0,0,1,0,medium,2,3.336,53537.05,48347.6
CLM002928,1,0,0,0,1,0,0,low,2,1.684,16523.31,7881.0
CLM002929,0,1,1,0,0,0,0,low,2,2.477,29959.06,22465.45
CLM002930,0,1,1,0,1,1,0,high,4,12.351,201492.45,147350.37
CLM002931,0,1,1,0,0,1,0,high,3,7.327,110431.1,89323.61
CLM002932,0,1,1,1,1,1,0,high,5,16.839,217057.11,171024.99
CLM002933,0,1,1,0,0,1,0,high,3,7.032,79117.05,51201.71
CLM002934,1,0,1,0,1,0,0,low,3,3.201,49654.82,37722.13
CLM002935,1,0,1,0,1,0,0,medium,3,4.177,67175.79,45086.0
CLM002936,0,0,1,0,0,0,0,low,1,1.255,13376.83,8025.55
CLM002937,0,0,1,0,0,0,0,medium,1,1.784,25604.07,11631.82
CLM002938,1,0,0,0,1,1,0,medium,3,4.347,50238.66,39203.32
CLM002939,0,0,1,0,0,0,0,medium,1,1.464,18252.52,0.0
CLM002940,1,0,1,1,0,1,0,medium,4,5.39,52038.14,37048.92
CLM002941,1,1,1,0,0,0,1,high,4,12.691,132170.57,116341.74
CLM002942,0,0,0,0,1,0,0,low,1,0.703,4132.76,0.0
CLM002943,0,1,1,1,1,1,0,high,5,12.623,199927.49,152672.44
CLM002944,1,0,0,1,0,0,0,medium,2,4.267,53621.25,37875.32
CLM002945,1,1,1,0,1,1,0,high,5,10.745,110396.93,93195.52
CLM002946,0,1,1,0,0,1,0,high,3,8.024,135485.45,91847.65
CLM002947,0,0,1,0,0,1,0,low,2,2.031,28375.66,12655.72
CLM002948,0,1,1,0,1,0,0,medium,3,4.852,45871.7,37645.02
CLM002949,0,1,1,0,0,0,0,medium,2,3.549,32196.7,20140.31
CLM002950,0,0,1,0,0,0,0,low,1,1.004,13647.36,2896.92
CLM002951,0,0,1,0,1,0,0,low,2,1.178,17223.22,6834.52
CLM002952,0,0,1,0,0,0,0,medium,1,1.294,13985.61,475.06
CLM002953,0,1,1,0,0,0,0,medium,2,3.642,41882.17,34177.12
CLM002954,0,0,1,0,0,0,0,low,1,0.903,10478.14,1582.97
CLM002955,0,1,1,0,1,1,0,high,4,13.526,158651.27,126554.9
CLM002956,0,0,1,0,0,0,0,medium,1,1.296,13046.7,0.0
CLM002957,0,1,1,0,1,1,0,low,4,3.566,40888.65,31574.97
CLM002958,1,0,0,0,1,1,0,medium,3,4.408,41424.57,15777.24
CLM002959,0,0,1,1,0,1,0,low,3,3.01,22124.79,14403.21
CLM002960,1,0,0,0,1,0,0,low,2,2.189,18135.95,10911.91
CLM002961,1,0,1,0,1,0,0,high,3,8.625,107436.64,67657.36
CLM002962,0,1,1,0,1,1,0,high,4,12.252,193618.19,151351.63
CLM002963,1,0,1,0,0,0,0,low,2,1.901,32803.87,25117.92
CLM002964,0,1,1,0,1,1,1,high,5,11.638,302397.69,228081.72
CLM002965,0,1,1,1,1,1,0,medium,5,7.581,91896.72,53527.07
CLM002966,0,1,1,1,0,1,0,medium,4,7.094,106597.39,95106.62
CLM002967,0,1,1,0,1,0,0,medium,3,4.799,58061.61,44271.34
CLM002968,1,0,0,0,0,0,0,medium,1,2.108,22751.87,7543.14
CLM002969,0,0,1,1,0,1,0,medium,3,4.561,65557.93,47871.75
CLM002970,0,0,0,1,0,1,0,low,2,2.195,25511.36,15944.37
CLM002971,1,0,0,1,1,1,0,medium,4,7.342,78641.28,60916.42
CLM002972,1,0,0,0,1,1,0,low,3,2.442,40600.07,25626.92
CLM002973,0,0,1,0,0,0,0,medium,1,1.556,17750.72,7496.29
CLM002974,1,0,1,0,1,0,0,low,3,2.395,23626.52,20285.07
CLM002975,0,0,1,0,1,1,0,medium,3,3.382,42430.25,29598.16
CLM002976,0,1,1,0,0,0,0,medium,2,3.341,40057.62,28523.2
CLM002977,1,0,1,0,1,1,0,high,4,9.123,139075.5,120462.79
CLM002978,0,0,1,1,0,1,0,high,3,6.831,55591.05,43854.46
CLM002979,0,0,1,1,0,1,0,low,3,3.254,48119.76,29300.94
CLM002980,0,0,1,1,0,0,0,low,2,1.468,16992.79,12536.84
CLM002981,0,1,1,0,1,0,0,low,3,2.514,39660.28,29989.33
CLM002982,1,0,1,0,1,0,0,high,3,9.213,160381.72,141970.39
CLM002983,1,1,1,0,0,1,0,high,4,10.085,186716.89,124170.71
CLM002984,0,1,1,0,0,0,0,medium,2,2.911,29861.12,20067.3
CLM002985,0,0,1,1,0,1,0,low,3,2.879,44488.96,29815.11
CLM002986,1,0,0,0,1,0,0,low,2,1.881,33746.7,19558.13
CLM002987,1,0,0,0,0,0,0,medium,1,1.824,23197.53,7146.44
CLM002988,0,1,1,0,1,0,0,medium,3,5.432,89216.12,66103.12
CLM002989,0,0,1,1,0,0,0,low,2,1.34,16578.58,11497.96
CLM002990,0,0,1,0,0,0,0,medium,1,1.023,14317.82,11181.8
CLM002991,1,0,1,1,0,0,0,low,3,2.844,37530.44,23877.61
CLM002992,0,1,0,0,0,0,1,medium,2,3.539,46345.22,36466.5
CLM002993,0,1,1,0,1,1,0,high,4,13.843,173004.98,134608.44
CLM002994,0,1,1,1,0,1,0,high,4,10.966,170473.66,150574.92
CLM002995,0,0,1,0,1,0,0,medium,2,3.094,34228.96,19400.3
CLM002996,1,0,1,0,0,0,0,low,2,2.069,29560.78,23077.44
CLM002997,1,1,0,0,1,1,1,high,5,17.399,365340.79,255146.81
CLM002998,0,0,1,1,0,1,0,high,3,8.715,123047.56,95242.08
CLM002999,0,0,1,1,1,1,0,high,4,7.048,72984.77,56555.69
CLM003000,0,0,0,0,0,1,0,low,1,0.918,10989.42,7886.16
CLM003001,1,0,1,0,1,0,0,low,3,2.684,31723.05,15257.35
CLM003002,1,0,0,1,1,1,0,high,4,10.205,121714.8,112724.19
CLM003003,0,0,1,0,0,1,0,low,2,2.271,28622.91,15310.63
CLM003004,0,1,1,0,1,0,0,low,3,3.377,50109.52,41418.4
CLM003005,1,0,0,0,1,0,0,medium,2,3.444,25984.67,18310.94
CLM003006,0,0,1,1,0,0,0,medium,2,3.108,35951.19,23663.09
CLM003007,0,0,1,0,1,1,0,medium,3,4.977,72955.86,51498.85
CLM003008,1,0,0,0,0,0,0,medium,1,1.52,15332.34,4838.31
CLM003009,0,1,1,0,1,0,0,medium,3,4.624,69996.7,41239.9
CLM003010,0,0,1,0,0,0,0,low,1,0.665,6612.9,2295.77
CLM003011,0,0,1,0,0,0,0,low,1,0.853,10092.49,0.0
CLM003012,1,1,0,0,0,1,1,medium,4,5.099,78576.59,52876.46
CLM003013,0,0,1,0,0,0,0,low,1,0.773,8323.14,0.0
CLM003014,0,0,1,1,0,0,0,medium,2,3.711,55511.5,41012.79
CLM003015,0,0,1,0,0,0,0,medium,1,1.681,21883.73,13380.39
CLM003016,0,0,1,0,1,0,0,medium,2,2.041,22550.03,13162.87
CLM003017,0,1,1,0,0,0,1,high,3,8.329,117825.61,77114.34
CLM003018,1,0,0,0,1,1,1,high,4,12.734,192926.48,160442.62
CLM003019,0,1,1,0,1,0,0,high,3,8.054,137150.86,102156.34
CLM003020,0,0,1,0,0,1,0,low,2,1.834,17253.89,6875.24
CLM003021,0,0,0,1,0,1,0,medium,2,3.239,40625.49,13952.71
CLM003022,0,1,1,1,0,0,1,high,4,14.255,217388.11,135679.09
CLM003023,0,0,1,0,0,0,0,low,1,0.86,17362.4,4280.16
CLM003024,0,0,1,1,0,1,0,high,3,5.822,82657.97,53605.08
CLM003025,0,0,1,1,0,0,0,medium,2,3.718,41263.33,31211.31
CLM003026,1,0,0,0,0,1,0,medium,2,4.075,70178.08,50659.38
CLM003027,1,0,1,0,1,1,0,high,4,12.572,176255.91,151618.46
CLM003028,0,0,1,0,0,0,0,low,1,0.934,14112.26,8352.28
CLM003029,1,0,1,1,0,1,0,high,4,9.834,82835.6,64426.0
CLM003030,1,0,1,0,1,0,0,medium,3,3.744,42578.98,32020.7
CLM003031,0,0,1,1,0,0,0,low,2,1.921,18389.91,8563.0
CLM003032,0,1,1,0,0,1,1,medium,4,8.241,101875.31,89931.67
CLM003033,0,1,1,0,0,0,0,medium,2,2.754,33284.58,15640.8
CLM003034,0,0,0,0,0,1,0,low,1,0.838,11311.53,133.2
CLM003035,1,1,0,0,1,0,1,low,4,4.405,59449.24,43518.22
CLM003036,0,1,0,1,1,1,0,high,4,13.746,177257.17,135328.66
CLM003037,1,0,0,0,1,1,0,low,3,2.612,40741.85,25648.31
CLM003038,0,1,1,0,0,0,0,low,2,1.606,17315.59,0.0
CLM003039,1,1,1,1,1,1,0,high,6,12.482,183512.87,115321.0
CLM003040,0,0,0,1,0,1,0,low,2,1.82,18173.4,8264.12
CLM003041,1,0,0,0,1,1,0,high,3,8.58,134616.43,101373.49
CLM003042,0,0,1,1,0,0,0,medium,2,3.112,26361.35,22731.84
CLM003043,0,1,1,0,0,0,0,medium,2,3.068,43067.65,28074.65
CLM003044,0,1,1,0,0,0,1,high,3,8.466,99767.05,65155.72
CLM003045,1,0,1,0,1,0,0,low,3,3.2,31896.75,18474.73
CLM003046,0,0,1,1,0,0,0,low,2,1.931,27302.11,20624.87
CLM003047,0,0,1,0,1,0,0,low,2,1.316,16675.78,8743.18
CLM003048,0,0,1,0,0,0,0,low,1,0.797,8841.46,0.0
CLM003049,1,0,0,0,1,1,1,medium,4,6.44,129015.87,97005.41
CLM003050,1,0,1,0,1,1,0,medium,4,6.093,43903.38,31948.85
CLM003051,0,0,1,0,0,1,0,high,2,5.861,51303.37,7411.9
CLM003052,0,1,1,0,0,0,1,high,3,7.489,117139.93,85873.48
CLM003053,0,0,1,1,0,1,0,high,3,7.107,50061.15,41322.98
CLM003054,1,0,0,0,1,1,0,high,3,7.62,75297.18,52623.91
CLM003055,1,1,1,1,1,0,0,high,5,11.94,143366.8,112491.1
CLM003056,0,0,1,0,0,0,0,low,1,0.974,12642.06,2673.86
CLM003057,0,1,1,0,1,1,0,low,4,4.014,40579.0,29002.81
CLM003058,0,1,0,0,0,1,1,medium,3,3.9,69619.89,49363.13
CLM003059,0,1,0,0,1,1,1,high,4,9.758,226886.92,191977.33
CLM003060,0,0,1,0,0,1,0,medium,2,2.885,41894.41,17000.51
CLM003061,0,1,1,1,1,0,0,high,4,12.179,251873.6,211335.52
CLM003062,1,0,0,0,0,0,0,low,1,1.243,18433.1,11841.41
CLM003063,0,1,1,0,1,0,0,medium,3,5.92,91184.72,73129.48
CLM003064,0,0,0,0,0,0,1,medium,1,1.653,26330.41,19602.78
CLM003065,0,0,0,0,0,0,1,low,1,1.322,19053.37,13262.58
CLM003066,0,0,1,1,0,1,0,medium,3,5.096,75642.14,59801.73
CLM003067,0,0,1,1,1,1,0,medium,4,5.562,61174.19,35922.26
CLM003068,0,1,1,0,1,1,0,high,4,13.423,208580.89,174600.84
CLM003069,0,1,1,1,1,1,0,high,5,13.035,190279.0,143996.49
CLM003070,0,1,1,0,0,0,0,medium,2,3.312,38823.36,31465.86
CLM003071,0,0,1,0,1,1,1,high,4,11.574,192472.76,139148.29
CLM003072,1,0,1,0,0,1,0,high,3,6.5,69820.97,50635.39
CLM003073,0,1,1,0,1,1,0,high,4,9.573,142098.83,126027.57
CLM003074,0,0,1,0,1,1,0,medium,3,4.079,72013.31,60068.11
CLM003075,0,1,1,0,0,1,0,medium,3,5.315,48106.49,32869.85
CLM003076,1,0,0,0,1,1,0,medium,3,3.859,46784.37,38994.46
CLM003077,0,0,1,0,0,0,0,low,1,0.742,10917.57,528.76
CLM003078,0,1,1,0,0,0,0,medium,2,3.623,44273.05,25920.56
CLM003079,0,0,1,0,0,0,0,medium,1,1.62,18154.19,10882.58
CLM003080,1,0,0,0,1,1,0,high,3,6.946,102820.54,88414.87
CLM003081,0,0,1,0,1,0,0,medium,2,2.102,20792.12,13293.16
CLM003082,1,1,1,0,0,0,0,medium,3,4.506,66729.46,58674.79
CLM003083,0,0,1,1,0,0,0,low,2,2.334,14558.58,0.0
CLM003084,0,0,1,0,1,1,0,medium,3,3.923,43873.25,30080.7
CLM003085,0,0,1,0,0,0,0,low,1,0.902,15596.64,8803.22
CLM003086,0,1,1,1,0,1,0,high,4,9.064,94076.58,67202.99
CLM003087,0,0,0,1,0,0,0,low,1,1.0,11852.29,7109.65
CLM003088,0,1,1,0,1,1,0,high,4,11.794,135286.59,107825.62
CLM003089,1,0,1,0,0,0,0,low,2,1.631,22700.01,2122.29
CLM003090,0,1,1,1,1,1,0,high,5,12.519,174611.01,93340.6
CLM003091,0,0,1,1,0,0,0,low,2,2.06,28554.62,16618.85
CLM003092,1,0,0,0,0,0,0,medium,1,1.948,17226.97,12717.62
CLM003093,0,0,1,0,0,0,0,low,1,0.883,8884.51,0.0
CLM003094,1,0,0,0,1,1,0,high,3,7.575,86372.75,61293.78
CLM003095,1,0,0,0,1,1,0,high,3,8.349,66074.75,48605.35
CLM003096,1,0,0,0,1,0,0,low,2,1.395,12755.07,4312.47
CLM003097,0,0,1,0,1,0,0,low,2,1.699,15248.39,4031.77
CLM003098,1,0,1,0,0,0,0,high,2,5.296,59111.28,38960.67
CLM003099,0,0,1,0,0,0,0,low,1,0.628,6706.41,1141.61
CLM003100,0,1,1,0,1,1,0,high,4,7.745,106682.1,79603.63
CLM003101,0,1,1,0,1,0,0,low,3,2.588,37669.16,24138.71
CLM003102,0,1,1,0,0,0,1,medium,3,5.473,58870.04,45411.83
CLM003103,1,0,0,1,0,1,0,medium,3,5.243,46120.8,37757.38
CLM003104,0,1,1,1,0,1,0,high,4,10.714,180964.95,150299.65
CLM003105,1,0,0,0,1,0,0,medium,2,2.54,29688.65,22632.95
CLM003106,1,0,0,0,1,0,0,low,2,1.862,23526.17,15352.9
CLM003107,0,0,1,0,0,0,0,low,1,0.904,10893.27,5416.37
CLM003108,0,0,1,0,0,0,0,low,1,0.896,11479.23,0.0
CLM003109,0,0,1,0,0,0,0,low,1,0.918,10082.81,5799.52
CLM003110,0,1,1,0,1,1,0,medium,4,7.757,80879.61,69672.09
CLM003111,1,0,1,0,0,0,0,medium,2,3.219,29853.39,22851.09
CLM003112,0,0,0,0,1,1,0,medium,2,3.184,80159.36,57877.19
CLM003113,1,0,0,0,0,1,0,low,2,2.3,29117.35,21944.03
CLM003114,0,1,1,0,0,0,1,high,3,8.477,112851.71,66095.66
CLM003115,0,1,1,0,0,1,0,medium,3,4.401,34825.81,20314.56
CLM003116,1,0,0,1,1,1,0,high,4,6.966,135462.11,87237.43
CLM003117,1,0,1,1,0,0,0,medium,3,5.499,103034.68,82983.87
CLM003118,0,0,1,1,0,0,1,low,3,3.086,53576.66,35934.9
CLM003119,1,1,0,0,1,0,0,medium,3,4.422,48556.45,32097.92
CLM003120,1,1,1,0,1,1,0,high,5,13.879,188721.85,130152.84
CLM003121,1,0,0,0,1,1,0,high,3,4.962,61812.57,50279.79
CLM003122,0,0,0,0,1,0,0,low,1,0.896,14328.59,8635.18
CLM003123,1,0,1,0,1,1,0,medium,4,3.521,56127.93,41894.21
CLM003124,0,0,1,1,0,1,0,high,3,7.943,130646.09,97196.88
CLM003125,0,0,1,0,0,0,0,low,1,0.661,11129.04,6369.71
CLM003126,0,1,1,0,1,1,0,medium,4,7.001,114910.91,85252.53
CLM003127,0,0,1,1,0,1,0,medium,3,5.174,52059.61,38801.9
CLM003128,1,0,0,0,0,0,0,medium,1,1.212,16793.24,3117.64
CLM003129,0,1,1,0,0,1,0,low,3,3.011,45382.15,40481.0
CLM003130,1,1,1,1,0,1,0,high,5,13.92,149475.06,129408.93
CLM003131,0,0,1,0,0,0,1,low,2,2.089,21903.01,7621.34
CLM003132,0,1,1,0,0,0,0,high,2,8.567,92212.17,60931.23
CLM003133,0,0,1,1,0,1,0,medium,3,6.012,42694.09,27067.0
CLM003134,1,0,0,0,0,0,0,low,1,0.888,12303.01,0.0
CLM003135,0,0,1,1,0,1,0,medium,3,4.739,64811.2,43746.21
CLM003136,0,1,1,0,0,1,1,high,4,9.884,149002.14,99542.64
CLM003137,1,0,1,0,0,0,0,low,2,1.875,11740.38,3783.42
CLM003138,0,1,1,1,0,1,0,high,4,14.45,152532.59,100653.82
CLM003139,0,1,0,0,1,0,0,medium,2,3.166,46822.93,36163.01
CLM003140,0,1,1,0,1,1,0,high,4,6.657,92953.22,79443.13
CLM003141,0,1,1,1,1,1,0,medium,5,7.321,105345.81,75431.14
CLM003142,0,0,1,1,0,1,0,high,3,5.95,86714.14,62876.41
CLM003143,0,1,0,0,1,0,1,medium,3,4.935,69619.17,49979.98
CLM003144,0,0,1,1,0,0,0,low,2,2.229,17740.65,11246.45
CLM003145,0,0,1,0,0,1,0,medium,2,2.789,23447.63,11810.12
CLM003146,0,0,1,0,0,1,0,medium,2,2.569,24398.24,19843.96
CLM003147,1,0,1,1,0,1,0,high,4,10.828,106929.66,66813.51
CLM003148,0,0,1,0,1,0,0,medium,2,2.694,38687.71,27077.61
CLM003149,1,0,0,0,0,1,0,medium,2,3.182,53744.49,40669.11
CLM003150,1,1,0,1,1,0,0,high,4,12.297,107075.29,87024.37
CLM003151,1,1,1,0,1,1,1,high,6,19.086,335240.43,226744.99
CLM003152,0,0,1,0,0,1,0,low,2,1.808,19658.48,6728.54
CLM003153,0,0,1,1,1,0,0,medium,3,3.475,41854.65,27701.6
CLM003154,0,0,1,1,0,1,0,medium,3,5.242,63210.26,44118.75
CLM003155,1,1,1,0,1,0,0,high,4,8.242,111484.56,94327.65
CLM003156,0,0,1,1,0,0,0,low,2,2.444,18045.15,9387.56
CLM003157,0,0,1,0,0,0,0,low,1,0.629,9932.14,6083.68
CLM003158,0,1,0,0,0,1,0,medium,2,4.626,68247.5,58492.78
CLM003159,1,0,0,0,1,1,0,medium,3,5.108,64525.81,36297.43
CLM003160,0,1,1,0,1,1,0,low,4,3.361,46477.79,29708.51
CLM003161,1,0,1,0,1,1,0,medium,4,6.697,107691.13,78121.2
CLM003162,1,0,0,0,1,0,0,medium,2,2.483,38869.53,26862.76
CLM003163,0,0,1,1,0,1,0,medium,3,5.412,51811.47,38633.92
CLM003164,0,0,0,1,0,0,0,low,1,1.008,10412.12,1077.48
CLM003165,1,1,0,0,0,1,0,medium,3,5.689,73977.0,45650.05
CLM003166,1,0,1,0,0,0,0,low,2,1.766,23977.16,18011.09
CLM003167,0,0,0,1,0,0,0,low,1,1.233,12452.02,6295.07
CLM003168,0,1,1,0,0,1,1,high,4,12.527,150067.22,95975.55
CLM003169,1,0,0,0,1,1,0,high,3,5.339,64150.05,52325.77
CLM003170,0,0,1,0,0,0,0,medium,1,1.341,16205.02,9639.68
CLM003171,0,1,1,0,0,0,0,medium,2,3.19,32779.03,25187.27
CLM003172,0,1,1,0,1,1,0,high,4,7.495,140553.02,94282.31
CLM003173,0,1,1,0,1,0,0,medium,3,3.824,62998.84,36656.87
CLM003174,0,0,1,1,0,1,0,medium,3,4.323,46522.81,19966.56
CLM003175,1,0,0,0,0,0,0,low,1,0.968,12131.89,1747.87
CLM003176,1,0,0,0,1,0,0,low,2,1.915,18323.7,11479.67
CLM003177,0,0,1,0,0,0,0,low,1,0.925,11313.3,0.0
CLM003178,1,0,1,0,1,0,1,medium,4,5.131,69761.91,54231.76
CLM003179,0,0,0,0,0,1,0,low,1,0.812,12635.14,8529.23
CLM003180,0,1,1,1,1,1,0,high,5,13.994,230934.38,199243.83
CLM003181,0,0,1,0,0,1,0,high,2,5.231,70392.77,46253.69
CLM003182,0,1,1,0,1,1,0,high,4,10.62,112656.06,94875.65
CLM003183,1,0,0,1,1,0,0,medium,3,5.215,49391.97,41665.91
CLM003184,1,0,0,0,0,0,0,low,1,1.091,12242.15,6930.36
CLM003185,1,0,1,0,1,0,0,medium,3,4.198,68762.21,58361.42
CLM003186,0,1,1,1,0,1,1,high,5,13.414,177050.71,160287.87
CLM003187,0,1,1,0,0,0,0,medium,2,3.451,54847.22,43844.22
CLM003188,0,1,0,0,0,1,1,low,3,3.035,52473.07,26124.25
CLM003189,0,1,1,0,0,1,1,medium,4,8.111,120671.06,96500.97
CLM003190,0,0,1,0,0,0,0,low,1,0.832,11743.48,3560.11
CLM003191,1,0,1,0,1,1,0,high,4,9.003,163284.23,133853.8
CLM003192,0,0,1,1,0,1,0,low,3,2.642,24191.33,10562.06
CLM003193,1,0,0,0,1,1,0,low,3,3.34,45222.15,29589.61
CLM003194,1,1,0,0,1,0,0,high,3,7.581,77296.08,54786.72
CLM003195,0,1,1,1,1,1,0,high,5,13.597,272123.13,227071.51
CLM003196,1,0,0,0,1,1,0,medium,3,3.461,41365.55,30730.57
CLM003197,0,0,1,1,0,0,0,low,2,1.476,10926.33,3457.88
CLM003198,0,0,1,0,0,0,0,low,1,0.986,13238.99,0.0
CLM003199,0,1,1,1,0,0,0,medium,3,3.637,51261.86,45610.03
CLM003200,1,0,0,0,1,0,0,medium,2,3.583,41713.89,29826.62
CLM003201,1,0,0,0,1,0,0,medium,2,2.527,34529.72,18695.17
CLM003202,1,0,0,0,1,0,0,low,2,1.547,12796.98,6633.29
CLM003203,0,0,1,0,0,1,0,medium,2,2.564,30415.47,21378.0
CLM003204,0,0,1,1,0,0,0,low,2,1.622,20924.03,3565.53
CLM003205,0,1,1,0,0,0,0,low,2,2.053,26695.62,17574.77
CLM003206,0,1,1,0,0,0,1,low,3,3.674,57804.04,50653.85
CLM003207,1,0,0,0,1,1,0,high,3,8.469,80884.12,63798.12
CLM003208,0,0,1,0,0,0,0,low,1,0.748,9382.49,5199.57
CLM003209,1,0,0,0,0,0,0,low,1,0.923,14742.78,8902.9
CLM003210,0,0,1,1,0,0,0,medium,2,2.98,41675.49,30392.52
CLM003211,0,1,1,0,1,0,0,medium,3,3.835,43552.16,33552.21
CLM003212,0,1,1,0,1,1,0,high,4,10.704,86492.21,58299.2
CLM003213,0,1,1,0,0,1,1,medium,4,6.409,127176.85,114861.94
CLM003214,0,0,0,0,0,0,1,medium,1,2.53,48702.56,34315.65
CLM003215,1,0,1,0,1,0,0,low,3,3.596,48059.81,33454.9
CLM003216,0,1,1,0,1,1,0,medium,4,6.372,79084.43,66459.7
CLM003217,0,1,1,1,0,1,0,low,4,3.301,33377.32,27596.21
CLM003218,0,0,1,0,0,0,0,low,1,0.605,5228.88,0.0
CLM003219,0,0,1,0,0,1,0,medium,2,1.992,21084.9,17022.41
CLM003220,0,1,1,0,0,1,0,high,3,7.224,85231.18,76281.95
CLM003221,0,0,0,0,1,0,0,low,1,0.748,6109.68,0.0
CLM003222,0,1,1,0,0,0,0,medium,2,3.058,47702.22,35693.55
CLM003223,0,0,1,0,0,0,0,low,1,0.807,10069.19,3455.44
CLM003224,0,1,1,0,0,1,0,high,3,5.776,88857.29,62617.29
CLM003225,0,1,1,0,1,1,0,medium,4,3.179,17505.99,9768.35
CLM003226,0,0,1,0,1,1,0,high,3,6.506,44728.05,19605.43
CLM003227,0,1,1,0,1,0,0,high,3,8.115,108676.5,87867.64
CLM003228,0,0,0,0,1,0,0,low,1,0.669,7890.52,5243.23
CLM003229,1,0,0,0,1,0,0,low,2,1.612,17998.39,4503.45
CLM003230,0,0,1,1,0,1,0,medium,3,4.41,50783.93,43844.54
CLM003231,1,0,0,0,1,0,0,medium,2,2.451,33299.09,16687.98
CLM003232,0,0,1,0,0,0,0,low,1,0.874,7352.57,0.0
CLM003233,0,1,1,0,1,0,0,high,3,7.799,126101.64,100720.41
CLM003234,1,0,0,0,1,0,0,medium,2,3.099,34609.88,24139.73
CLM003235,1,1,1,0,0,1,1,medium,5,9.84,120023.67,86333.22
CLM003236,0,0,1,0,0,1,0,low,2,1.928,20107.8,11603.9
CLM003237,0,0,1,0,0,1,1,medium,3,5.689,54568.08,39045.24
CLM003238,0,0,1,1,0,0,0,low,2,2.04,23192.84,4985.32
CLM003239,1,0,1,0,1,0,0,high,3,5.627,73468.54,44524.63
CLM003240,0,0,1,0,0,0,0,low,1,0.789,7461.29,3449.77
CLM003241,0,0,1,0,0,0,0,low,1,1.004,15907.59,1140.62
CLM003242,0,1,1,1,1,1,0,high,5,11.112,185440.2,112052.16
CLM003243,1,0,0,0,1,0,0,medium,2,3.375,28163.76,22161.41
CLM003244,1,1,1,0,1,1,0,medium,5,7.556,60167.27,45083.84
CLM003245,0,0,1,0,1,1,0,low,3,2.452,25452.38,18379.54
CLM003246,0,1,1,0,0,0,1,medium,3,4.805,80529.94,51254.36
CLM003247,1,0,0,1,0,0,0,high,2,5.741,56790.48,32848.47
CLM003248,0,0,1,0,0,0,0,medium,1,1.377,15352.61,11159.06
CLM003249,0,1,1,0,1,1,0,medium,4,5.328,70515.05,62312.23
CLM003250,0,0,1,1,0,0,0,medium,2,3.851,51764.34,32274.85
CLM003251,1,1,0,0,0,0,0,low,2,2.425,28749.26,21730.34
CLM003252,1,0,1,1,1,0,0,high,4,11.535,109949.66,82839.66
CLM003253,0,1,1,0,0,1,0,low,3,3.013,32802.43,18822.86
CLM003254,0,1,1,0,1,0,0,medium,3,4.817,63638.07,41006.67
CLM003255,1,0,0,0,1,1,0,low,3,2.774,40132.16,19242.05
CLM003256,0,0,0,0,0,1,1,low,2,2.146,23812.91,19526.92
CLM003257,0,0,1,0,1,1,0,high,3,10.214,79682.64,54420.96
CLM003258,0,0,1,0,1,0,0,medium,2,2.814,45366.43,33451.47
CLM003259,0,1,1,0,0,1,0,low,3,2.752,59180.75,45788.68
CLM003260,0,0,1,0,0,0,0,low,1,0.914,14287.37,5468.81
CLM003261,0,0,1,1,0,1,0,medium,3,4.304,63788.48,49511.25
CLM003262,0,0,1,1,0,1,0,high,3,8.701,162263.43,134727.69
CLM003263,0,1,1,0,0,0,0,low,2,2.394,35539.88,18105.37
CLM003264,0,1,0,1,0,0,1,medium,3,5.44,94885.25,79726.9
CLM003265,0,0,1,1,0,1,0,medium,3,5.549,59521.63,45743.07
CLM003266,1,1,0,0,1,1,0,high,4,8.437,81856.48,58953.1
CLM003267,1,1,1,0,1,0,0,high,4,9.595,121093.29,69004.72
CLM003268,1,0,1,1,0,1,0,medium,4,5.417,54271.25,33956.3
CLM003269,1,1,1,0,0,1,0,medium,4,7.682,134080.04,94086.21
CLM003270,0,0,1,0,0,1,0,medium,2,3.551,51086.05,37279.9
CLM003271,1,0,0,0,1,1,0,medium,3,4.073,56719.73,28047.01
CLM003272,1,0,0,0,1,1,0,high,3,5.741,65710.06,42913.6
CLM003273,0,1,1,0,0,1,1,medium,4,7.257,117245.11,107803.63
CLM003274,1,0,0,0,0,0,0,low,1,0.9,9351.25,0.0
CLM003275,0,0,1,0,0,0,0,low,1,1.048,9191.9,3327.15
CLM003276,1,0,0,0,0,0,0,low,1,0.98,9456.34,1311.94
CLM003277,0,0,1,0,0,0,0,low,1,0.689,9232.81,0.0
CLM003278,0,1,0,0,1,1,0,medium,3,4.703,46734.12,31494.06
CLM003279,0,0,1,0,0,1,0,medium,2,2.84,33572.35,27570.0
CLM003280,1,1,1,0,1,1,0,high,5,13.824,118372.23,93894.08
CLM003281,0,0,1,1,0,1,0,medium,3,5.356,59167.58,49983.85
CLM003282,0,0,1,1,0,0,0,high,2,5.785,79600.2,52563.53
CLM003283,0,0,1,1,0,1,0,medium,3,3.415,28995.89,18362.56
CLM003284,0,0,0,0,0,1,1,low,2,2.26,39393.76,31808.38
CLM003285,1,0,0,0,1,0,0,medium,2,3.069,28108.46,21592.86
CLM003286,1,0,0,0,1,1,0,low,3,2.563,39230.74,31347.96
CLM003287,0,0,1,0,0,0,0,low,1,0.867,10063.42,5947.01
CLM003288,1,0,0,0,1,0,0,low,2,1.597,22519.58,19295.35
CLM003289,0,1,1,1,1,0,0,high,4,10.832,114095.65,93891.64
CLM003290,1,0,0,0,1,1,0,high,3,7.139,114277.99,50436.48
CLM003291,0,0,1,1,0,0,0,low,2,1.801,27312.66,19511.72
CLM003292,1,0,0,0,1,1,0,low,3,2.817,29302.24,18040.53
CLM003293,1,0,0,0,1,0,0,low,2,1.472,13144.42,4376.09
CLM003294,0,1,1,1,0,1,0,high,4,10.037,103990.55,70383.99
CLM003295,0,0,1,0,0,1,0,medium,2,2.896,28273.33,15014.53
CLM003296,0,0,0,1,0,1,0,high,2,4.78,54462.59,33540.24
CLM003297,1,1,1,0,0,0,0,high,3,7.112,82646.92,67942.15
CLM003298,1,1,0,1,1,0,0,high,4,9.355,83643.9,55478.26
CLM003299,0,0,1,1,0,1,0,high,3,6.753,94950.24,66010.95
CLM003300,0,0,1,0,0,0,0,low,1,0.736,10842.05,6196.57
CLM003301,1,0,1,0,0,0,0,high,2,4.886,41261.6,35387.77
CLM003302,0,0,1,0,1,1,0,medium,3,4.985,37842.63,30688.69
CLM003303,0,0,1,1,0,1,0,medium,3,5.124,85614.79,55207.9
CLM003304,0,1,1,0,0,1,1,high,4,14.049,167283.01,119787.85
CLM003305,0,1,1,0,1,0,0,high,3,8.212,106129.44,86333.94
CLM003306,0,1,1,0,1,1,0,medium,4,6.295,77458.4,54410.25
CLM003307,1,1,1,1,0,0,0,high,4,12.598,136098.76,112170.57
CLM003308,0,0,1,0,0,1,0,medium,2,3.035,45841.24,30980.32
CLM003309,0,0,0,0,1,0,0,low,1,0.825,10357.64,5739.68
CLM003310,0,1,1,1,0,0,0,medium,3,4.415,69655.21,63063.19
CLM003311,0,0,1,1,0,0,0,medium,2,3.765,51378.15,23667.66
CLM003312,0,0,1,0,0,1,1,medium,3,5.619,100520.52,77541.4
CLM003313,0,1,1,0,0,1,0,medium,3,3.791,60733.13,36780.59
CLM003314,0,0,1,0,0,1,0,low,2,2.032,28310.91,19086.37
CLM003315,1,0,0,0,1,0,0,low,2,1.831,25077.44,15294.63
CLM003316,1,1,1,0,0,1,1,high,5,19.526,384538.22,327663.82
CLM003317,0,0,1,0,0,0,0,low,1,0.822,8616.05,0.0
CLM003318,1,0,0,0,0,1,0,medium,2,3.808,52537.64,39184.22
CLM003319,0,0,1,0,0,0,0,low,1,0.704,6114.6,0.0
CLM003320,1,1,0,1,1,0,0,medium,4,7.477,85567.64,73814.03
CLM003321,0,1,1,0,1,1,0,high,4,9.435,180591.03,152838.35
CLM003322,0,0,1,0,1,0,0,low,2,1.548,20445.35,15868.29
CLM003323,0,0,1,1,0,0,0,low,2,1.264,19539.9,13883.84
CLM003324,0,1,1,0,0,0,0,medium,2,3.196,36567.08,22494.14
CLM003325,0,0,1,0,0,0,0,medium,1,1.226,12105.42,142.97
CLM003326,0,0,1,0,0,0,0,low,1,0.985,13366.02,8151.28
CLM003327,0,1,1,0,1,1,0,medium,4,6.29,44547.08,27318.73
CLM003328,0,0,1,0,0,0,0,low,1,0.906,9996.35,1123.31
CLM003329,0,1,1,0,1,0,0,low,3,2.629,53727.1,34454.68
CLM003330,0,0,1,1,1,1,0,medium,4,4.488,46426.12,30639.86
CLM003331,0,1,1,0,0,1,0,medium,3,4.97,72949.48,58299.79
CLM003332,1,0,0,0,1,0,0,high,2,4.678,43356.85,29061.33
CLM003333,1,0,0,0,0,0,0,low,1,1.333,16172.08,8499.64
CLM003334,1,0,1,0,1,0,0,medium,3,3.802,52466.67,39753.93
CLM003335,0,1,1,0,0,1,0,high,3,6.482,59762.99,40285.82
CLM003336,0,0,1,1,0,0,0,low,2,2.119,21934.83,9088.82
CLM003337,1,0,0,1,1,0,0,high,3,6.742,73522.54,56120.02
CLM003338,1,0,0,1,1,1,1,high,5,14.297,156171.57,140888.07
CLM003339,0,0,1,1,0,1,0,medium,3,3.462,59411.74,41361.32
CLM003340,1,0,0,0,0,1,0,low,2,1.848,13406.61,6424.6
CLM003341,0,1,1,0,1,1,0,high,4,11.057,129364.73,88035.83
CLM003342,0,0,1,0,0,0,0,low,1,0.81,6685.04,0.0
CLM003343,0,1,1,0,0,0,0,medium,2,2.858,54797.03,36590.43
CLM003344,1,0,0,0,1,0,0,low,2,1.664,16599.54,10628.92
CLM003345,1,0,0,0,1,1,0,high,3,5.724,68741.89,41585.73
CLM003346,1,0,0,0,0,1,0,medium,2,2.919,40506.58,29826.15
CLM003347,0,0,1,1,0,1,0,medium,3,4.017,42663.47,33799.74
CLM003348,0,0,1,1,0,1,0,low,3,2.587,16316.52,6249.29
CLM003349,1,0,0,0,1,1,0,low,3,3.176,37860.98,29467.01
CLM003350,1,0,0,0,1,1,0,low,3,2.485,31792.99,27884.21
CLM003351,1,0,0,0,1,0,0,medium,2,2.482,40672.86,27030.52
CLM003352,1,0,0,0,0,0,0,low,1,1.273,15686.36,0.0
CLM003353,0,0,1,0,1,0,0,low,2,1.663,30949.67,21926.9
CLM003354,0,0,1,1,0,1,0,high,3,8.322,83236.78,67933.5
CLM003355,0,1,1,0,1,1,0,high,4,11.693,138179.37,100427.76
CLM003356,0,0,1,0,1,0,0,medium,2,3.408,36353.6,30468.81
CLM003357,0,1,1,0,0,0,1,high,3,9.344,130168.06,101932.29
CLM003358,0,1,1,0,1,1,0,medium,4,7.107,104866.82,65427.81
CLM003359,1,1,0,0,1,1,0,high,4,7.33,120492.4,106033.37
CLM003360,0,0,1,0,0,0,0,low,1,1.043,16434.42,13012.95
CLM003361,0,0,1,0,0,1,0,medium,2,2.562,33779.47,23274.11
CLM003362,1,0,1,0,0,1,0,medium,3,2.778,37636.92,19031.09
CLM003363,1,0,0,0,1,0,0,low,2,1.721,9822.9,0.0
CLM003364,0,0,1,0,1,1,0,low,3,2.824,38062.11,21054.16
CLM003365,0,0,1,1,0,0,0,medium,2,1.966,23113.14,12062.97
CLM003366,0,1,1,1,0,1,0,low,4,4.08,56009.31,37022.34
CLM003367,0,0,0,0,1,0,0,low,1,0.709,7615.64,3766.36
CLM003368,0,1,1,0,0,0,0,medium,2,4.523,59568.66,48842.6
CLM003369,1,0,1,0,1,1,0,high,4,8.033,124370.88,74459.41
CLM003370,1,0,0,0,1,0,0,low,2,1.717,18974.77,15870.65
CLM003371,0,0,0,0,1,0,0,low,1,0.727,7457.22,2076.16
CLM003372,1,0,0,0,0,0,0,low,1,1.143,15997.78,12003.64
CLM003373,0,0,1,1,1,1,0,low,4,4.311,60098.24,45927.01
CLM003374,0,1,1,0,1,1,0,medium,4,6.687,95347.96,80307.29
CLM003375,1,0,0,1,0,0,0,low,2,2.013,27010.3,18841.95
CLM003376,1,1,1,0,0,0,0,low,3,3.52,53935.94,32437.22
CLM003377,1,0,0,0,1,0,0,medium,2,3.321,44085.13,36803.37
CLM003378,0,1,1,0,1,1,0,high,4,7.799,138662.37,96231.84
CLM003379,0,1,1,0,0,0,1,medium,3,4.752,77711.84,63730.22
CLM003380,0,1,1,0,0,1,1,high,4,9.662,159884.26,144026.39
CLM003381,0,0,1,1,0,1,0,low,3,2.911,26809.59,18073.76
CLM003382,1,0,0,0,1,0,0,low,2,2.234,23860.3,16896.69
CLM003383,0,0,1,0,0,0,0,medium,1,1.378,14945.12,6399.86
CLM003384,0,0,1,1,0,1,0,low,3,3.255,40541.5,32895.67
CLM003385,0,0,1,0,0,0,0,low,1,0.883,11403.12,6680.39
CLM003386,1,0,0,0,1,0,0,low,2,1.876,24117.55,12099.45
CLM003387,1,0,0,0,1,0,1,high,3,11.284,124459.28,87012.38
CLM003388,1,1,0,0,1,1,0,medium,4,6.154,78408.42,49791.9
CLM003389,1,0,0,0,1,0,0,low,2,1.84,17441.25,2498.44
CLM003390,0,0,1,0,1,1,0,low,3,2.26,22715.8,9191.31
CLM003391,0,0,1,0,1,1,0,medium,3,4.634,53316.15,48406.57
CLM003392,1,0,0,0,0,0,0,low,1,0.864,9136.87,0.0
CLM003393,0,0,0,0,0,0,1,low,1,1.498,19153.06,10841.36
CLM003394,0,1,1,0,1,1,0,high,4,10.118,85577.35,76611.0
CLM003395,1,0,1,0,1,1,0,high,4,10.926,110250.17,87120.47
CLM003396,0,0,1,0,1,1,0,high,3,8.053,107873.6,80266.61
CLM003397,0,1,1,1,0,1,0,low,4,3.759,50638.97,36967.06
CLM003398,0,1,0,0,1,1,0,high,3,7.51,100937.68,70101.71
CLM003399,0,1,0,1,0,1,1,high,4,11.97,259177.96,191771.81
CLM003400,1,0,1,0,0,0,0,medium,2,3.002,36837.18,27175.19
CLM003401,0,1,1,0,1,1,0,high,4,10.495,136124.11,111869.4
CLM003402,0,0,1,0,0,1,0,low,2,1.366,19355.43,11723.34
CLM003403,0,1,1,0,1,0,1,high,4,13.229,241880.33,169086.35
CLM003404,0,0,1,1,0,1,0,medium,3,4.183,46909.17,40516.05
CLM003405,0,1,1,0,1,1,0,medium,4,6.491,107418.31,67694.21
CLM003406,0,0,1,1,0,1,0,low,3,2.544,41568.12,28202.75
CLM003407,0,0,1,0,0,1,1,high,3,7.443,125979.7,110514.42
CLM003408,0,1,1,0,0,1,0,high,3,7.862,104003.51,91657.86
CLM003409,0,1,1,0,0,1,0,medium,3,5.133,107755.98,86583.46
CLM003410,1,0,0,0,0,0,0,low,1,1.157,18676.69,11605.15
CLM003411,0,0,0,0,0,1,0,low,1,0.779,10205.23,5542.28
CLM003412,1,0,1,1,0,1,0,medium,4,7.982,113270.98,75631.04
CLM003413,0,0,1,0,0,0,0,low,1,0.732,6452.27,321.0
CLM003414,0,1,1,1,1,0,0,high,4,10.837,99798.79,72792.95
CLM003415,0,0,1,1,0,1,0,high,3,5.982,88575.69,49619.72
CLM003416,0,1,1,0,1,1,0,medium,4,8.531,98823.81,82728.0
CLM003417,0,1,1,1,0,0,0,high,3,7.248,103196.24,78575.88
CLM003418,0,0,1,0,1,0,0,low,2,1.37,10468.71,6743.92
CLM003419,1,0,1,0,1,0,0,medium,3,5.122,53315.09,30258.39
CLM003420,1,0,0,0,1,1,0,low,3,2.962,29931.36,20844.77
CLM003421,0,0,0,0,0,1,0,medium,1,1.609,16914.35,10495.23
CLM003422,0,0,1,0,0,0,0,medium,1,1.344,21410.97,10871.24
CLM003423,1,0,1,0,0,0,0,medium,2,2.936,36132.05,21418.47
CLM003424,0,0,1,0,0,0,1,high,2,4.894,68234.3,48617.13
CLM003425,1,0,0,0,1,1,0,medium,3,4.701,63484.03,48229.31
CLM003426,0,1,1,1,1,1,0,high,5,11.07,119809.0,91725.54
CLM003427,1,0,0,0,0,0,0,low,1,0.774,7538.32,1067.4
CLM003428,0,0,1,0,0,0,0,low,1,0.974,9953.51,0.0
CLM003429,0,0,1,0,0,1,0,medium,2,3.16,32173.32,20522.72
CLM003430,1,0,1,0,1,1,0,medium,4,5.351,68204.09,49253.61
CLM003431,1,0,0,0,0,0,0,medium,1,1.716,14479.0,5654.79
CLM003432,0,0,0,0,1,0,0,low,1,0.67,9497.55,5102.05
CLM003433,0,1,1,1,0,0,0,high,3,5.992,115276.87,88812.11
CLM003434,1,0,0,0,1,1,0,high,3,6.833,76038.96,31194.76
CLM003435,1,0,1,0,0,0,0,low,2,1.889,22710.8,11550.25
CLM003436,0,1,1,1,0,0,1,high,4,17.268,378515.03,296290.11
CLM003437,0,0,0,0,0,1,0,low,1,0.865,11655.02,138.9
CLM003438,0,1,1,0,1,1,1,high,5,16.934,203844.69,189415.69
CLM003439,0,1,1,0,0,0,0,medium,2,3.839,38602.41,18491.9
CLM003440,0,1,1,0,0,0,1,medium,3,5.81,79974.66,60056.95
CLM003441,1,0,1,1,1,1,0,high,5,13.472,170685.43,139288.38
CLM003442,0,0,1,0,0,0,0,medium,1,1.654,21565.4,8244.14
CLM003443,0,1,1,0,1,0,0,low,3,3.302,59735.21,40205.54
CLM003444,0,1,1,0,0,1,0,medium,3,4.638,51321.71,33473.12
CLM003445,0,0,0,0,1,0,0,low,1,0.959,13489.61,6940.06
CLM003446,0,0,1,1,0,1,0,medium,3,4.243,45768.81,22926.55
CLM003447,0,0,1,1,0,0,0,low,2,2.131,35984.7,31546.09
CLM003448,1,0,0,0,1,0,0,medium,2,2.941,42560.8,16515.68
CLM003449,0,0,1,0,1,0,0,low,2,1.931,16365.69,9212.03
CLM003450,1,0,0,0,1,0,0,low,2,1.991,38704.69,29810.47
CLM003451,0,1,0,1,0,0,1,medium,3,6.889,128146.91,92256.84
CLM003452,0,0,1,1,0,0,0,low,2,1.897,46942.55,27454.11
CLM003453,0,0,1,0,0,1,0,high,2,5.029,70224.4,54883.46
CLM003454,0,1,0,0,1,1,0,high,3,7.785,98775.31,79753.04
CLM003455,0,0,1,0,0,0,0,low,1,0.857,8456.54,0.0
CLM003456,0,0,0,0,1,0,0,low,1,0.663,7031.76,2760.23
CLM003457,1,0,0,1,1,0,0,low,3,2.048,22771.89,18531.53
CLM003458,0,0,0,0,1,1,1,medium,3,5.79,82307.18,56868.65
CLM003459,0,0,1,1,0,1,0,low,3,2.656,25707.06,15194.5
CLM003460,0,1,1,0,1,0,0,low,3,2.949,41323.49,30059.04
CLM003461,1,0,0,0,1,1,0,medium,3,5.664,85934.95,71711.15
CLM003462,0,0,1,0,0,1,0,medium,2,3.467,38373.71,27082.55
CLM003463,1,0,1,0,0,0,0,low,2,1.368,14104.16,8067.66
CLM003464,0,0,1,0,0,0,0,low,1,0.762,11915.04,3878.39
CLM003465,0,0,1,0,0,0,0,low,1,1.141,11028.75,2262.3
CLM003466,0,0,1,0,0,0,0,low,1,0.674,6262.3,2175.4
CLM003467,1,0,1,1,0,1,0,medium,4,7.21,62158.98,36741.88
CLM003468,1,0,0,0,0,1,0,low,2,2.092,35203.87,22105.86
CLM003469,0,0,1,1,0,1,0,low,3,2.689,42059.92,23631.19
CLM003470,0,0,1,0,0,1,0,medium,2,2.413,31903.84,17914.96
CLM003471,0,0,1,1,0,1,0,low,3,3.852,42825.16,29155.68
CLM003472,0,0,1,1,0,1,0,high,3,7.328,65467.25,50144.83
CLM003473,0,0,1,0,0,0,0,low,1,0.759,7247.05,0.0
CLM003474,0,1,1,0,1,1,1,high,5,14.362,240370.32,186880.34
CLM003475,0,0,1,1,1,1,0,high,4,10.535,149324.48,96664.22
CLM003476,0,1,1,0,0,0,0,medium,2,3.167,47346.33,19808.91
CLM003477,1,0,1,0,1,0,0,high,3,7.081,70685.09,51908.71
CLM003478,0,1,1,0,1,1,0,high,4,9.245,99796.76,76304.14
CLM003479,0,1,1,0,0,1,0,high,3,6.736,73363.0,61002.4
CLM003480,0,0,0,0,0,1,0,low,1,1.333,19673.83,11795.98
CLM003481,0,1,1,0,0,1,0,medium,3,6.162,40211.71,25523.75
CLM003482,0,0,1,1,1,1,0,high,4,8.623,122887.79,74954.17
CLM003483,0,0,1,1,1,0,0,medium,3,4.364,40109.35,26492.68
CLM003484,1,0,1,0,0,0,0,medium,2,3.977,25845.68,18865.55
CLM003485,0,0,1,0,0,0,0,low,1,0.749,9606.72,4772.57
CLM003486,1,0,0,0,1,0,1,high,3,6.665,148684.29,105001.66
CLM003487,1,1,1,0,1,1,0,high,5,11.467,148292.96,104887.02
CLM003488,1,0,0,1,1,0,0,low,3,3.492,37009.11,21150.38
CLM003489,0,0,1,0,1,1,0,high,3,4.432,49784.78,38367.22
CLM003490,0,1,1,1,0,0,0,medium,3,5.174,84720.41,71281.91
CLM003491,1,0,0,0,1,0,1,medium,3,5.334,82645.86,57870.46
CLM003492,1,0,0,0,0,0,0,low,1,0.87,8070.44,0.0
CLM003493,1,0,0,0,1,1,0,medium,3,3.994,51569.21,44112.45
CLM003494,0,1,0,0,0,0,0,low,1,1.16,19457.23,0.0
CLM003495,0,1,1,0,0,1,0,high,3,7.055,100612.95,89889.04
CLM003496,0,0,1,0,0,0,0,low,1,0.687,10260.04,2431.85
CLM003497,0,0,1,0,1,0,0,medium,2,2.263,16891.39,12906.94
CLM003498,0,0,1,0,0,0,0,low,1,0.723,7457.11,2331.69
CLM003499,1,0,0,0,1,0,0,low,2,1.549,15414.1,0.0
CLM003500,0,1,1,0,0,1,1,high,4,10.302,124633.67,103624.83
CLM003501,1,0,1,0,0,0,0,low,2,1.372,18557.22,0.0
CLM003502,0,0,1,0,0,1,1,low,3,2.964,44598.78,33757.22
CLM003503,0,0,1,0,1,1,0,low,3,2.852,55785.37,40298.55
CLM003504,1,0,0,0,0,0,0,medium,1,1.636,17857.59,10683.18
CLM003505,0,1,1,0,1,1,0,high,4,10.103,109000.48,53622.36
CLM003506,0,0,1,0,1,0,0,medium,2,2.644,33710.59,23420.99
CLM003507,0,0,0,1,0,0,0,low,1,0.94,14207.7,2557.58
CLM003508,1,0,1,0,1,0,0,low,3,2.261,35478.86,18989.36
CLM003509,1,0,0,0,1,1,0,medium,3,5.371,72515.7,57349.21
CLM003510,1,1,1,0,0,1,0,high,4,12.981,218948.63,140115.81
CLM003511,0,1,1,0,1,1,0,high,4,8.95,119643.64,100697.78
CLM003512,0,0,1,1,0,0,0,low,2,1.739,22830.17,12881.91
CLM003513,0,0,1,1,0,0,0,medium,2,2.981,39090.3,29975.95
CLM003514,1,1,1,0,0,0,0,medium,3,5.427,65065.01,58985.81
CLM003515,1,1,1,0,0,1,0,high,4,8.243,90279.34,67098.47
CLM003516,0,0,1,0,1,0,0,low,2,1.309,10251.92,1240.72
CLM003517,1,0,0,0,0,0,0,low,1,1.206,18334.54,4556.62
CLM003518,0,0,1,0,1,1,0,low,3,2.794,37495.17,24581.66
CLM003519,0,0,1,0,0,0,0,low,1,0.888,9357.0,4043.9
CLM003520,0,0,1,0,0,1,0,low,2,1.501,23429.05,16183.97
CLM003521,0,1,1,0,0,0,0,low,2,1.826,18370.15,8036.03
CLM003522,0,1,1,0,1,1,0,medium,4,6.729,121131.78,93666.34
CLM003523,0,0,1,0,1,0,0,low,2,1.726,23031.48,14271.65
CLM003524,0,0,1,1,0,0,0,low,2,1.801,17438.79,11027.22
CLM003525,0,0,1,1,0,1,0,medium,3,4.789,70748.43,54884.89
CLM003526,0,1,1,0,0,1,0,medium,3,5.469,73468.0,46220.0
CLM003527,0,1,1,0,1,1,0,medium,4,5.637,69195.77,56895.9
CLM003528,0,0,1,0,1,0,0,medium,2,3.409,55519.46,46472.1
CLM003529,0,1,1,0,1,1,0,medium,4,7.165,109074.99,89674.1
CLM003530,1,0,0,0,1,0,1,high,3,7.489,110155.81,76913.2
CLM003531,1,0,0,0,1,1,0,low,3,3.283,42287.66,24457.57
CLM003532,1,1,0,0,0,0,0,medium,2,3.376,28002.65,18855.96
CLM003533,0,0,0,1,1,0,0,low,2,1.611,12435.03,8652.61
CLM003534,1,0,0,0,1,1,0,medium,3,3.763,53961.02,41879.96
CLM003535,0,0,1,0,0,0,0,low,1,0.748,9307.85,3788.4
CLM003536,0,0,1,1,0,0,0,medium,2,3.445,29693.35,21664.46
CLM003537,0,0,1,1,1,0,0,medium,3,4.315,48677.36,33770.76
CLM003538,0,1,1,0,0,1,0,high,3,6.611,94421.89,65209.1
CLM003539,0,0,0,0,0,1,0,medium,1,1.338,17820.93,10838.27
CLM003540,0,1,1,0,1,0,1,high,4,10.33,101574.43,72195.28
CLM003541,1,0,1,0,1,0,0,medium,3,4.112,43603.04,30572.05
CLM003542,0,0,1,0,1,1,0,medium,3,5.123,30725.13,16706.86
CLM003543,0,1,1,0,1,0,0,high,3,6.663,123909.72,113133.43
CLM003544,0,0,1,0,1,0,0,low,2,1.503,21146.09,2194.59
CLM003545,0,0,0,0,1,0,0,low,1,0.798,9678.3,5272.21
CLM003546,1,0,0,0,1,0,0,medium,2,2.384,38771.63,22207.21
CLM003547,1,0,0,0,1,0,0,low,2,2.16,32694.72,18172.55
CLM003548,0,1,1,0,0,1,0,low,3,3.454,40545.38,33514.53
CLM003549,0,1,1,0,0,1,1,high,4,12.808,243915.08,158100.58
CLM003550,0,1,1,0,0,1,0,medium,3,5.37,90132.0,59058.41
CLM003551,0,0,0,1,0,1,0,low,2,2.657,30133.89,23263.69
CLM003552,0,0,1,0,1,1,0,medium,3,3.75,47592.89,34999.17
CLM003553,1,0,1,1,0,1,0,medium,4,6.582,85475.83,68178.91
CLM003554,0,1,1,1,1,1,0,high,5,14.748,248602.13,198527.5
CLM003555,1,0,0,0,1,1,0,medium,3,3.997,45239.86,37152.88
CLM003556,0,0,1,1,1,1,0,high,4,9.706,87961.48,80288.96
CLM003557,0,0,1,0,0,0,0,low,1,0.736,15754.54,6511.78
CLM003558,1,0,0,0,1,1,0,low,3,2.421,24404.31,9993.22
CLM003559,0,1,1,1,1,0,0,medium,4,7.198,91209.52,62795.44
CLM003560,0,0,1,0,0,1,0,low,2,1.658,10493.18,6054.59
CLM003561,0,1,1,0,1,0,0,high,3,10.026,136395.26,94520.0
CLM003562,0,1,0,0,1,1,0,high,3,8.615,165401.08,127060.99
CLM003563,0,1,1,0,0,1,0,medium,3,3.876,42330.03,27663.63
CLM003564,1,0,0,0,0,0,0,low,1,1.027,17911.07,11210.25
CLM003565,1,1,0,0,1,1,0,medium,4,6.155,60518.95,54420.64
CLM003566,1,0,0,1,1,1,0,medium,4,7.035,70114.99,58830.02
CLM003567,0,0,1,0,1,0,0,medium,2,2.142,29183.17,19294.99
CLM003568,0,1,0,0,0,1,1,low,3,4.503,55357.1,39286.82
CLM003569,0,1,0,0,1,1,0,low,3,2.389,23505.99,13042.58
CLM003570,0,1,1,0,0,1,0,medium,3,3.797,39942.86,26926.68
CLM003571,0,0,1,1,0,0,0,medium,2,2.981,39710.61,13639.38
CLM003572,0,0,1,1,0,0,0,low,2,1.811,23263.15,6494.32
CLM003573,0,1,1,1,0,1,0,high,4,13.023,195357.62,135196.49
CLM003574,0,0,1,0,0,0,0,low,1,0.69,7197.9,1023.94
CLM003575,1,0,0,0,1,0,0,low,2,1.738,22913.16,12844.75
CLM003576,0,0,0,0,1,1,1,high,3,9.831,119205.61,85125.31
CLM003577,0,0,1,0,0,0,0,low,1,0.843,14709.38,8075.33
CLM003578,1,0,0,0,1,0,0,medium,2,2.875,34787.99,30989.09
CLM003579,1,0,1,0,1,0,0,low,3,2.985,46392.02,35937.39
CLM003580,0,0,1,0,0,0,1,low,2,1.975,19351.39,10670.8
CLM003581,0,1,1,0,1,0,0,medium,3,3.828,40868.13,27475.73
CLM003582,0,1,1,0,1,0,0,high,3,5.819,74797.99,53170.81
CLM003583,0,1,1,0,1,0,0,high,3,8.61,93478.45,71534.37
CLM003584,0,1,0,0,0,1,1,high,3,10.834,190104.36,154218.04
CLM003585,0,1,1,0,0,1,0,medium,3,4.783,53521.95,44677.37
CLM003586,1,1,1,0,1,1,0,medium,5,8.214,108981.34,77319.21
CLM003587,1,0,0,0,1,1,0,low,3,2.481,25403.71,15493.96
CLM003588,0,0,1,1,0,1,0,medium,3,5.036,56507.78,46131.82
CLM003589,0,0,1,0,0,0,0,low,1,0.86,12084.71,5767.09
CLM003590,1,0,1,0,0,0,0,medium,2,3.091,44007.61,19997.2
CLM003591,0,1,1,0,1,1,0,medium,4,6.202,72368.34,56825.11
CLM003592,0,0,1,0,0,0,0,medium,1,1.624,24999.71,11640.85
CLM003593,0,0,1,0,0,1,0,low,2,2.008,30661.21,19455.3
CLM003594,1,0,1,0,0,0,0,low,2,1.715,21460.92,10981.47
CLM003595,0,1,0,0,1,0,0,low,2,2.416,26927.65,17742.75
CLM003596,0,0,1,1,1,1,0,medium,4,6.362,90002.91,62353.9
CLM003597,0,0,1,0,1,0,0,low,2,1.423,18064.6,100.18
CLM003598,1,0,0,0,1,1,0,low,3,2.89,34634.23,29525.83
CLM003599,1,0,1,0,1,1,0,medium,4,6.746,75631.07,61171.83
CLM003600,0,1,1,1,1,1,1,high,6,14.719,273688.94,197798.29
CLM003601,0,0,0,1,0,0,0,low,1,1.258,10353.14,2412.83
CLM003602,1,0,0,1,1,1,0,medium,4,6.412,61253.28,48725.04
CLM003603,1,0,0,0,0,0,0,low,1,1.02,10285.19,6739.58
CLM003604,1,0,0,0,1,0,0,medium,2,2.587,41735.83,31692.85
CLM003605,0,1,1,0,0,0,0,medium,2,2.764,44061.37,26154.64
CLM003606,1,0,1,0,0,0,0,low,2,1.405,11255.3,6234.51
CLM003607,0,0,1,1,0,1,0,medium,3,4.973,59180.38,40766.0
CLM003608,1,1,1,0,1,0,0,high,4,15.278,221264.43,160177.2
CLM003609,0,1,0,1,1,1,0,high,4,9.717,163033.91,140852.36
CLM003610,0,1,1,0,1,1,0,high,4,12.43,207649.05,154072.14
CLM003611,1,0,0,1,0,0,0,low,2,2.475,33243.69,23715.44
CLM003612,0,0,1,1,1,1,0,high,4,8.169,111091.11,96973.05
CLM003613,0,1,1,0,0,0,1,low,3,3.965,66149.2,49642.61
CLM003614,1,0,1,0,1,0,0,medium,3,6.036,62008.16,50995.63
CLM003615,0,1,1,0,1,0,0,high,3,6.596,86730.82,54026.74
CLM003616,1,0,1,0,0,0,0,low,2,1.648,30420.99,19473.05
CLM003617,0,0,1,1,0,1,0,medium,3,4.152,39806.77,29626.59
CLM003618,0,1,1,1,0,1,0,medium,4,7.333,85020.64,68019.54
CLM003619,0,1,1,0,1,1,0,medium,4,7.041,81098.59,61508.27
CLM003620,1,1,1,0,0,0,1,medium,4,6.878,126077.07,109448.52
CLM003621,1,1,1,0,1,1,0,high,5,14.681,132159.67,98890.86
CLM003622,0,0,1,1,0,0,0,medium,2,3.407,46110.21,31038.76
CLM003623,0,0,0,1,0,0,0,low,1,0.899,11012.6,7275.2
CLM003624,1,1,1,0,1,1,0,high,5,12.989,152841.04,139713.28
CLM003625,0,0,1,1,1,0,0,high,3,6.417,77923.53,65738.57
CLM003626,1,0,0,1,0,0,0,high,2,5.889,70004.61,56479.11
CLM003627,0,1,1,0,0,1,1,high,4,13.937,230380.0,180813.36
CLM003628,0,1,1,0,0,0,0,low,2,1.929,34558.59,19144.95
CLM003629,1,1,0,0,0,0,0,high,2,5.245,87880.16,57959.65
CLM003630,0,1,1,0,0,0,0,medium,2,3.0,27113.68,16166.25
CLM003631,0,0,1,1,0,0,0,low,2,1.879,25974.24,16886.95
CLM003632,0,1,1,0,1,1,0,medium,4,5.017,92790.24,64327.91
CLM003633,1,0,0,0,1,0,0,low,2,1.776,22262.81,12384.5
CLM003634,0,0,1,0,0,0,0,medium,1,1.378,18820.87,14268.24
CLM003635,1,0,0,0,1,1,0,medium,3,3.99,62868.23,39711.37
CLM003636,0,0,1,0,0,0,0,low,1,0.883,10200.27,6681.32
CLM003637,1,1,1,0,0,0,0,medium,3,4.564,63244.79,48578.34
CLM003638,0,0,1,0,0,0,0,low,1,0.937,15812.84,10753.11
CLM003639,0,0,1,0,1,0,0,medium,2,2.789,22523.48,16320.03
CLM003640,0,0,1,1,0,1,0,high,3,7.48,117543.16,74655.01
CLM003641,1,0,1,0,1,0,0,medium,3,5.239,70419.0,53231.4
CLM003642,0,1,1,0,0,0,1,high,3,8.073,147495.59,109603.71
CLM003643,1,0,0,0,1,1,0,medium,3,4.849,48996.18,34501.44
CLM003644,1,0,0,0,1,0,0,medium,2,3.163,48208.04,42292.46
CLM003645,1,0,0,0,1,0,0,low,2,2.098,24583.02,15974.84
CLM003646,0,0,0,1,0,0,0,low,1,1.154,12232.32,3527.89
CLM003647,1,0,0,0,1,1,0,high,3,7.544,72036.35,57321.9
CLM003648,0,0,1,0,0,1,0,low,2,1.697,15554.27,8963.62
CLM003649,0,1,1,0,0,1,1,high,4,10.741,161508.51,108447.68
CLM003650,1,0,0,0,1,1,0,high,3,7.473,62544.27,47869.53
CLM003651,1,0,0,0,0,1,0,medium,2,3.464,40925.88,18993.46
CLM003652,0,0,1,1,0,1,0,high,3,9.36,188084.76,154237.85
CLM003653,1,1,0,0,1,1,0,high,4,11.85,195218.66,149313.2
CLM003654,0,1,1,0,0,1,0,medium,3,4.934,44545.62,28086.06
CLM003655,1,0,0,0,1,0,0,low,2,1.25,15712.62,10423.7
CLM003656,0,1,1,0,0,1,0,medium,3,4.786,41238.37,28242.4
CLM003657,0,0,0,1,0,0,0,medium,1,1.304,15542.92,7418.1
CLM003658,1,1,0,1,1,1,0,medium,5,7.465,82484.65,62301.1
CLM003659,0,0,1,0,1,0,0,low,2,1.245,17090.14,11806.97
CLM003660,1,0,0,0,1,1,0,medium,3,4.137,56719.53,37187.03
CLM003661,1,0,0,0,1,0,0,low,2,1.491,14453.6,8793.94
CLM003662,0,0,1,0,1,0,0,medium,2,2.119,37172.22,29632.07
CLM003663,0,0,1,0,0,1,0,medium,2,2.844,33811.12,24252.37
CLM003664,1,0,0,0,1,0,0,low,2,1.907,22134.13,17923.29
CLM003665,1,1,1,0,1,0,0,medium,4,5.683,55084.11,35583.01
CLM003666,0,1,1,0,0,1,0,low,3,3.377,35508.42,17694.41
CLM003667,0,1,1,1,1,1,1,high,6,14.179,155298.74,105656.5
CLM003668,0,0,0,1,0,0,0,low,1,1.307,13101.64,3362.34
CLM003669,1,1,0,0,0,0,0,high,2,6.482,95194.42,61482.72
CLM003670,1,0,0,0,1,0,0,high,2,4.501,58078.93,35234.92
CLM003671,0,0,1,0,0,0,0,low,1,0.921,11149.42,4304.48
CLM003672,0,0,1,0,0,0,0,low,1,0.814,10631.66,7408.68
CLM003673,1,0,0,0,0,0,0,low,1,0.768,7161.82,3864.38
CLM003674,0,1,1,0,1,0,0,medium,3,4.916,88036.95,68262.84
CLM003675,0,0,0,0,1,0,0,low,1,0.754,10295.47,0.0
CLM003676,0,1,1,0,0,1,1,high,4,11.764,153518.6,119128.66
CLM003677,0,0,1,0,0,1,0,low,2,1.489,12688.66,4040.25
CLM003678,1,0,0,0,1,0,0,medium,2,2.625,28688.34,20686.82
CLM003679,1,0,1,0,1,0,0,medium,3,4.541,51340.93,45387.28
CLM003680,1,0,0,1,0,1,0,medium,3,6.103,67500.37,43906.48
CLM003681,0,1,1,0,0,0,0,low,2,1.9,23498.69,16912.66
CLM003682,0,0,1,1,0,0,0,low,2,2.318,24235.34,14693.72
CLM003683,1,0,0,0,1,1,0,medium,3,4.943,59908.92,47292.89
CLM003684,1,0,1,0,0,0,0,low,2,2.199,25228.83,14944.0
CLM003685,0,1,1,0,1,1,0,low,4,4.233,43877.76,28969.84
CLM003686,1,0,0,0,0,0,0,low,1,0.838,13729.39,10532.58
CLM003687,1,0,0,0,0,1,0,low,2,2.197,29279.27,21926.65
CLM003688,1,0,0,0,1,0,0,medium,2,2.759,50893.47,35649.39
CLM003689,0,0,0,0,1,0,0,low,1,0.95,12389.3,0.0
CLM003690,0,1,1,0,1,1,0,high,4,8.213,117022.78,81769.94
CLM003691,0,0,1,0,0,0,0,medium,1,1.243,14324.57,3076.69
CLM003692,0,0,0,1,0,1,0,medium,2,3.739,38351.8,24551.51
CLM003693,1,0,0,0,0,0,0,low,1,0.908,11557.81,4911.37
CLM003694,0,1,1,1,1,1,0,high,5,14.274,178360.94,132975.06
CLM003695,1,0,0,0,1,0,0,low,2,1.26,21011.91,16042.56
CLM003696,0,1,1,1,0,1,0,medium,4,5.25,43941.47,36623.96
CLM003697,0,1,1,0,1,1,0,high,4,14.942,250936.95,157837.75
CLM003698,0,0,1,0,1,0,0,low,2,1.68,27745.69,20499.09
CLM003699,0,0,1,0,1,0,0,low,2,1.783,16343.94,6806.46
CLM003700,1,1,1,0,0,1,1,medium,5,7.609,122313.94,80635.17
CLM003701,1,1,1,0,1,1,0,high,5,12.392,241875.99,225820.57
CLM003702,1,0,0,0,1,1,0,low,3,2.756,27032.64,11955.81
CLM003703,0,1,1,1,1,1,0,high,5,11.963,275930.75,238319.94
CLM003704,0,0,1,1,0,1,0,low,3,3.169,37898.79,31769.28
CLM003705,1,0,0,0,1,1,0,medium,3,4.44,74213.5,57369.35
CLM003706,0,0,1,0,0,0,0,low,1,0.944,9205.85,5269.48
CLM003707,0,0,1,1,0,1,0,medium,3,4.566,46610.12,34167.9
CLM003708,1,0,0,0,1,0,0,low,2,1.639,22634.41,3629.73
CLM003709,0,0,0,0,0,0,1,medium,1,1.809,22892.57,14974.97
CLM003710,0,1,1,1,1,1,0,high,5,10.094,177576.08,120367.46
CLM003711,1,0,0,0,1,1,0,medium,3,5.535,67196.85,51183.37
CLM003712,0,1,1,1,1,1,0,medium,5,5.961,69838.12,50145.97
CLM003713,0,1,1,0,1,1,0,high,4,9.945,139097.84,108672.86
CLM003714,1,0,1,1,1,1,0,medium,5,6.199,61848.38,44264.55
CLM003715,1,0,0,0,0,1,0,medium,2,3.821,35251.81,22956.64
CLM003716,0,0,1,0,0,1,1,medium,3,4.507,49159.3,38135.92
CLM003717,0,0,1,0,1,1,1,high,4,12.854,155031.91,114244.95
CLM003718,0,0,1,1,0,0,0,medium,2,3.78,53305.99,37377.25
CLM003719,0,0,1,1,0,0,0,low,2,2.311,18790.59,8041.75
CLM003720,1,1,1,0,0,1,1,high,5,13.317,239944.07,215879.55
CLM003721,0,0,1,1,1,1,0,medium,4,5.639,55018.95,37399.84
CLM003722,0,1,1,0,1,1,0,high,4,9.872,106480.31,64026.62
CLM003723,0,1,1,0,0,0,0,medium,2,4.678,49854.96,39923.65
CLM003724,0,0,1,0,1,1,0,low,3,2.774,48504.66,40735.02
CLM003725,1,1,0,0,1,1,0,medium,4,5.769,78284.78,59142.26
CLM003726,0,0,1,0,0,0,0,low,1,0.719,5943.67,0.0
CLM003727,0,1,1,0,0,1,0,low,3,2.881,48351.75,32488.57
CLM003728,0,1,1,0,1,1,0,high,4,11.307,180326.18,157028.1
CLM003729,0,0,1,0,0,0,0,medium,1,1.413,18742.99,11919.3
CLM003730,0,0,0,0,1,1,0,medium,2,3.491,38539.44,27998.66
CLM003731,0,1,1,0,0,0,0,low,2,1.453,27111.57,8931.54
CLM003732,1,1,0,0,0,1,0,medium,3,3.811,38327.33,17372.67
CLM003733,0,0,1,1,0,1,0,medium,3,5.378,48642.69,27222.91
CLM003734,1,0,0,0,0,0,0,low,1,1.001,12269.33,6632.06
CLM003735,1,1,1,0,0,1,1,high,5,13.738,191944.25,143160.79
CLM003736,0,0,1,0,1,1,0,low,3,2.9,28465.41,9464.31
CLM003737,0,1,1,0,0,1,1,medium,4,8.614,110245.76,74051.0
CLM003738,0,0,1,1,1,0,0,high,3,7.359,89505.42,75312.02
CLM003739,0,0,1,0,1,0,0,medium,2,2.647,31026.72,7965.83
CLM003740,0,1,1,0,0,1,1,high,4,8.731,112607.37,100251.82
CLM003741,0,0,1,1,0,1,0,medium,3,5.68,60385.25,51469.25
CLM003742,0,0,0,0,1,0,0,medium,1,1.491,19966.03,14978.43
CLM003743,1,0,0,0,1,0,0,low,2,1.293,15765.54,9239.34
CLM003744,0,1,1,0,0,0,0,medium,2,3.711,69546.82,52144.78
CLM003745,0,0,1,1,0,0,0,low,2,2.11,25882.38,18972.47
CLM003746,0,0,1,0,1,0,0,low,2,1.893,18948.54,13182.38
CLM003747,0,0,0,0,1,0,0,low,1,0.877,8822.23,0.0
CLM003748,0,0,1,1,0,0,0,medium,2,3.672,42787.42,20842.4
CLM003749,1,0,0,0,1,0,1,high,3,8.05,148247.14,134279.41
CLM003750,1,0,0,0,0,0,0,medium,1,1.614,17402.69,0.0
CLM003751,0,1,1,0,1,1,0,medium,4,4.515,60932.79,50786.44
CLM003752,0,1,1,0,1,1,0,high,4,10.361,190929.48,150446.0
CLM003753,1,0,0,0,1,1,0,high,3,7.059,83699.62,57261.23
CLM003754,1,0,1,1,0,0,0,low,3,3.111,39574.37,33296.37
CLM003755,0,0,1,1,0,0,0,low,2,2.303,25745.89,14176.95
CLM003756,1,0,0,0,1,1,0,medium,3,4.18,35537.35,15088.17
CLM003757,0,1,1,0,1,1,0,high,4,9.088,146840.16,107010.32
CLM003758,0,1,1,0,1,1,0,high,4,9.359,134881.7,85678.32
CLM003759,1,0,1,0,1,0,0,high,3,6.978,82012.77,65597.64
CLM003760,0,0,1,0,1,0,0,high,2,3.084,54442.81,41527.96
CLM003761,0,0,1,1,0,0,0,high,2,7.382,102565.96,77810.58
CLM003762,0,0,1,1,0,1,0,high,3,6.696,55731.97,36104.16
CLM003763,1,0,0,0,0,1,0,medium,2,2.874,39144.0,26340.48
CLM003764,0,1,1,0,0,1,0,medium,3,4.888,105253.51,89154.15
CLM003765,0,0,1,0,1,1,0,low,3,2.607,26530.99,14742.54
CLM003766,1,0,1,0,0,1,0,medium,3,5.029,48149.83,40382.25
CLM003767,0,0,1,0,0,1,0,low,2,1.482,18745.22,7304.85
CLM003768,1,0,1,1,1,1,0,high,5,12.055,126926.5,118389.61
CLM003769,1,0,0,0,1,1,0,medium,3,3.825,42622.83,31491.55
CLM003770,1,0,1,1,1,0,0,medium,4,5.3,49749.33,27116.2
CLM003771,1,0,0,0,1,0,0,medium,2,2.75,44059.01,37659.67
CLM003772,0,0,1,1,0,1,0,medium,3,4.31,63903.78,43024.78
CLM003773,0,1,1,0,1,1,0,high,4,10.862,108628.75,72200.94
CLM003774,1,0,0,0,0,1,0,medium,2,2.702,25771.38,10949.58
CLM003775,0,1,1,0,1,1,0,high,4,12.059,141112.1,108312.57
CLM003776,0,1,1,0,1,1,0,high,4,11.574,135139.44,94774.11
CLM003777,0,0,1,0,0,0,0,low,1,0.613,8969.86,0.0
CLM003778,0,1,1,0,0,0,0,low,2,2.612,46418.87,36103.61
CLM003779,0,1,1,0,1,1,0,medium,4,6.325,65099.65,41205.49
CLM003780,0,0,0,1,0,0,0,low,1,1.059,18637.45,4008.64
CLM003781,0,0,1,0,1,0,1,high,3,9.796,141271.15,131343.11
CLM003782,0,0,1,0,0,0,0,low,1,0.767,7457.83,1334.6
CLM003783,1,0,0,0,1,0,0,low,2,2.594,21693.86,7896.65
CLM003784,0,0,1,1,0,0,0,medium,2,2.954,25103.53,20479.36
CLM003785,1,0,0,0,0,0,0,low,1,0.919,12834.68,1554.54
CLM003786,0,0,1,1,0,1,0,medium,3,4.257,57961.33,42955.54
CLM003787,1,0,0,0,1,1,0,high,3,7.524,116688.37,75071.73
CLM003788,1,1,1,0,1,0,0,low,4,4.143,35590.36,25596.57
CLM003789,0,1,1,0,0,1,0,low,3,2.651,22889.15,9449.87
CLM003790,1,0,0,0,1,0,0,medium,2,2.613,22494.14,10024.62
CLM003791,0,0,1,0,1,1,0,medium,3,4.734,34844.73,25985.09
CLM003792,1,0,0,0,0,0,0,low,1,0.924,8990.91,0.0
CLM003793,0,0,1,0,0,0,0,low,1,1.112,15882.86,5991.99
CLM003794,0,1,1,0,1,1,1,high,5,15.206,199559.28,162025.95
CLM003795,1,0,0,0,0,0,0,low,1,1.133,10131.41,3380.19
CLM003796,0,0,1,1,0,0,0,high,2,7.233,68936.7,47429.09
CLM003797,0,1,0,0,0,0,1,low,2,1.935,35496.67,19977.62
CLM003798,1,0,0,0,0,0,0,medium,1,1.509,13556.08,0.0
CLM003799,0,0,1,0,0,0,0,low,1,0.903,6266.88,823.2
CLM003800,1,0,0,0,1,1,0,low,3,2.426,29737.26,21792.2
CLM003801,0,1,1,0,0,0,1,medium,3,5.788,50650.05,29206.46
CLM003802,0,0,0,1,0,0,0,low,1,0.931,12113.15,4295.97
CLM003803,1,0,0,0,1,1,0,high,3,6.683,71102.21,54329.58
CLM003804,1,0,0,0,1,0,0,high,2,6.099,66875.66,49278.21
CLM003805,0,0,1,1,1,1,0,medium,4,5.513,87299.92,62182.32
CLM003806,0,0,1,0,1,0,0,low,2,1.848,35769.6,26672.19
CLM003807,0,0,1,1,1,0,0,medium,3,3.623,37513.3,24687.24
CLM003808,0,0,1,0,0,0,0,medium,1,1.313,23733.28,15081.82
CLM003809,0,0,1,1,0,0,0,medium,2,2.683,29280.11,20158.18
CLM003810,1,0,0,0,1,1,0,high,3,4.515,66136.74,35771.92
CLM003811,1,0,0,0,1,0,0,medium,2,2.979,43247.19,25322.03
CLM003812,0,0,1,0,0,0,0,low,1,0.817,12123.19,5778.31
CLM003813,0,1,0,0,1,0,1,low,3,2.298,41470.86,26411.09
CLM003814,0,1,1,0,0,1,0,medium,3,4.496,47709.6,31312.44
CLM003815,0,0,1,0,0,0,0,medium,1,1.345,15119.86,9194.95
CLM003816,0,1,1,0,1,1,1,high,5,16.914,236701.25,159556.26
CLM003817,0,1,1,1,0,1,0,high,4,8.402,126903.43,117143.99
CLM003818,1,1,1,0,1,1,0,high,5,16.986,290892.61,205908.01
CLM003819,1,1,1,0,1,0,0,medium,4,6.568,88780.54,69638.18
CLM003820,1,0,1,0,1,0,0,medium,3,3.885,36265.06,29226.76
CLM003821,1,0,0,0,1,0,0,low,2,1.502,13028.69,1998.36
CLM003822,0,1,1,0,1,1,0,high,4,8.805,140100.75,122402.58
CLM003823,0,1,1,0,1,0,0,low,3,3.123,55688.76,43080.83
CLM003824,0,1,1,0,1,0,0,low,3,2.753,24034.02,20094.23
CLM003825,1,0,0,0,0,0,0,low,1,0.878,9473.83,2276.67
CLM003826,0,0,1,0,1,1,0,high,3,7.057,91894.48,82118.39
CLM003827,1,0,0,0,1,1,0,medium,3,5.032,64466.21,36704.17
CLM003828,0,1,1,1,0,1,0,high,4,12.133,231681.02,183471.61
CLM003829,1,0,1,0,1,0,0,medium,3,4.024,36366.73,22873.52
CLM003830,0,0,1,0,0,0,0,low,1,0.839,11176.18,3183.09
CLM003831,0,0,1,0,0,0,1,medium,2,3.532,44105.54,34141.63
CLM003832,0,0,1,0,1,1,0,low,3,2.229,24404.0,17557.47
CLM003833,0,1,1,0,1,1,1,high,5,14.746,294698.58,186342.91
CLM003834,0,1,0,0,0,0,1,medium,2,3.476,63209.79,50788.3
CLM003835,0,1,1,0,1,0,0,high,3,8.043,84014.08,76586.63
CLM003836,0,0,1,0,0,0,0,medium,1,1.44,14678.9,0.0
CLM003837,0,0,1,1,0,1,0,medium,3,4.129,48172.36,34479.09
CLM003838,0,0,1,0,0,0,0,low,1,0.886,7557.57,1798.43
CLM003839,1,0,0,0,1,1,0,medium,3,3.927,38329.26,24860.64
CLM003840,0,1,1,0,1,0,0,high,3,7.156,124016.88,97123.63
CLM003841,1,0,0,1,1,0,0,low,3,1.967,33839.15,24623.3
CLM003842,0,0,1,0,0,0,0,low,1,1.186,21373.54,15669.76
CLM003843,0,0,1,1,0,0,0,high,2,4.676,79950.48,67956.03
CLM003844,0,0,1,0,1,1,0,medium,3,4.592,41646.11,26884.05
CLM003845,0,0,1,1,0,1,0,high,3,7.843,88349.16,51566.44
CLM003846,0,0,1,0,0,0,0,low,1,0.867,11579.91,4775.2
CLM003847,0,0,1,1,0,0,0,medium,2,2.55,32489.86,25770.36
CLM003848,0,0,1,0,0,0,0,low,1,0.775,8785.33,5318.98
CLM003849,0,0,1,0,0,0,1,high,2,5.602,62194.92,46048.99
CLM003850,0,0,1,1,0,0,0,low,2,1.793,14244.26,7560.46
CLM003851,1,1,1,0,0,1,1,high,5,13.942,172983.49,116251.96
CLM003852,1,0,0,0,1,0,0,low,2,1.843,26181.82,16565.49
CLM003853,0,0,0,0,1,0,0,low,1,0.613,6642.52,0.0
CLM003854,1,0,0,0,1,1,0,low,3,2.737,41870.36,30452.35
CLM003855,1,0,0,0,1,0,0,medium,2,2.722,31325.02,20469.49
CLM003856,0,0,0,1,0,0,0,low,1,1.157,7499.08,0.0
CLM003857,1,0,0,0,0,1,0,low,2,2.434,41260.02,27266.19
CLM003858,0,0,1,1,0,1,0,medium,3,4.193,64049.09,57156.06
CLM003859,1,0,1,1,0,0,0,medium,3,7.138,101589.3,74298.7
CLM003860,0,1,1,1,1,1,0,high,5,12.568,238947.91,172152.63
CLM003861,0,1,1,0,1,1,0,high,4,10.894,136079.1,113739.28
CLM003862,0,1,1,1,1,1,0,high,5,11.464,111373.02,70823.22
CLM003863,1,0,0,0,0,0,0,medium,1,1.312,14937.81,9086.17
CLM003864,0,0,1,1,0,0,0,medium,2,2.481,20256.77,6501.37
CLM003865,1,0,1,0,1,1,0,high,4,9.364,178298.58,136113.87
CLM003866,0,0,1,0,0,0,0,low,1,0.737,6656.21,622.03
CLM003867,1,0,0,0,1,1,0,high,3,6.986,61992.6,40458.43
CLM003868,0,0,0,0,1,0,0,medium,1,1.48,25171.48,16763.65
CLM003869,0,0,1,0,0,0,0,low,1,0.914,9093.72,4991.47
CLM003870,1,0,1,0,1,1,0,medium,4,5.776,47320.44,36054.09
CLM003871,0,0,0,1,0,0,0,low,1,0.929,10806.71,6654.78
CLM003872,1,0,0,0,0,0,0,low,1,0.675,7569.43,3025.71
CLM003873,1,0,0,0,1,0,0,medium,2,2.827,42256.2,21938.04
CLM003874,1,0,0,0,0,0,0,low,1,0.991,11488.07,354.19
CLM003875,0,1,0,0,0,0,0,low,1,1.291,12718.65,7088.55
CLM003876,0,0,1,0,0,0,0,low,1,1.023,12161.12,5738.05
CLM003877,0,0,1,1,0,1,1,high,4,7.747,139851.04,112261.65
CLM003878,0,1,1,0,0,1,0,high,3,5.73,89264.44,81594.97
CLM003879,0,1,1,1,0,0,0,high,3,9.564,176216.1,134050.87
CLM003880,0,1,1,0,1,1,0,medium,4,6.028,86012.97,53413.23
CLM003881,1,0,1,1,1,1,0,medium,5,9.424,141395.87,115870.86
CLM003882,0,0,1,0,1,0,0,low,2,1.786,35018.96,18396.3
CLM003883,0,0,1,1,0,1,0,high,3,6.352,61313.54,35685.9
CLM003884,1,1,0,0,0,0,0,medium,2,3.338,47998.73,30032.6
CLM003885,1,0,1,0,0,0,0,low,2,1.684,21072.5,12062.76
CLM003886,0,1,1,0,1,1,0,high,4,7.86,110461.17,60549.14
CLM003887,0,1,1,1,0,1,0,high,4,8.793,149663.78,130250.53
CLM003888,1,0,0,0,0,1,0,low,2,2.155,21046.93,7613.21
CLM003889,0,0,1,0,0,0,0,low,1,0.859,10913.53,7094.81
CLM003890,1,0,1,1,0,0,0,low,3,3.31,36946.79,20997.84
CLM003891,0,0,1,0,0,0,0,low,1,0.772,13730.7,0.0
CLM003892,1,0,1,1,0,1,0,high,4,10.929,168827.36,119611.72
CLM003893,0,1,1,0,0,1,0,medium,3,4.957,58488.35,51472.17
CLM003894,0,1,1,0,0,0,0,medium,2,3.574,52535.34,41314.93
CLM003895,0,0,1,1,1,1,0,high,4,10.018,89699.79,69111.67
CLM003896,1,0,0,0,1,1,0,medium,3,4.213,65956.2,41975.45
CLM003897,0,1,1,0,1,1,0,medium,4,7.285,102091.39,77913.73
CLM003898,0,1,1,0,1,0,0,medium,3,4.737,63524.57,53069.02
CLM003899,0,0,1,1,0,0,0,medium,2,3.755,55868.1,35062.22
CLM003900,1,0,0,0,1,0,0,medium,2,2.838,39258.52,25974.76
CLM003901,0,0,1,1,0,0,0,low,2,1.943,23909.91,10563.48
CLM003902,1,0,0,0,1,0,0,low,2,2.137,28916.47,15194.78
CLM003903,1,0,0,0,1,1,0,medium,3,5.299,65851.15,52846.4
CLM003904,0,0,1,0,0,1,0,low,2,2.118,23427.96,7518.21
CLM003905,0,0,1,0,0,0,0,low,1,0.928,11726.09,0.0
CLM003906,0,0,1,1,0,0,0,medium,2,2.919,28201.31,17618.83
CLM003907,0,0,1,1,0,1,0,medium,3,4.703,67222.99,45944.96
CLM003908,0,1,1,1,1,0,0,medium,4,6.099,119536.61,103013.98
CLM003909,1,0,1,0,0,1,0,low,3,3.328,25124.05,16931.6
CLM003910,1,0,1,1,0,0,0,medium,3,5.879,57926.24,47435.81
CLM003911,0,1,1,1,1,1,1,high,6,14.75,410123.44,307383.59
CLM003912,0,0,0,0,1,0,0,medium,1,1.349,14666.19,9138.8
CLM003913,1,0,0,0,1,1,0,medium,3,4.88,66680.13,56748.85
CLM003914,0,0,1,0,0,0,0,low,1,1.012,9258.38,1845.95
CLM003915,0,1,1,0,1,0,0,high,3,8.979,117349.84,91640.71
CLM003916,1,0,1,0,0,0,0,low,2,2.362,32852.23,10627.04
CLM003917,0,1,1,0,0,1,0,medium,3,5.979,81954.13,60760.97
CLM003918,0,1,1,0,1,1,0,high,4,10.677,133322.64,114410.84
CLM003919,0,0,1,0,0,0,0,low,1,0.85,6952.35,1195.48
CLM003920,0,0,0,0,1,0,0,low,1,0.911,8182.88,2606.78
CLM003921,1,0,0,0,1,0,0,medium,2,3.263,35971.49,22818.97
CLM003922,1,0,1,0,0,0,0,low,2,1.784,22250.16,1543.96
CLM003923,1,0,0,0,1,1,1,high,4,13.079,180961.72,149176.94
CLM003924,1,0,1,0,1,1,0,high,4,10.734,125711.52,79249.94
CLM003925,0,1,1,0,1,1,0,high,4,9.497,142491.84,123787.55
CLM003926,0,0,0,1,0,1,0,medium,2,2.699,27602.04,17500.67
CLM003927,1,0,0,0,1,1,0,high,3,6.419,69685.11,38204.46
CLM003928,0,1,0,0,0,1,1,high,3,10.683,248476.46,182247.35
CLM003929,0,1,0,0,0,0,0,low,1,1.089,21306.57,11612.58
CLM003930,1,0,0,0,1,0,0,low,2,1.362,13027.25,8488.06
CLM003931,0,1,1,0,1,1,0,high,4,9.184,101214.42,85203.44
CLM003932,1,0,1,1,1,0,0,low,4,2.871,41944.56,20832.96
CLM003933,0,0,1,0,0,1,0,medium,2,3.14,41092.59,30787.52
CLM003934,1,0,1,1,0,1,0,high,4,11.233,138876.39,94260.99
CLM003935,1,1,1,0,0,0,0,high,3,7.111,88580.02,72966.0
CLM003936,0,0,1,1,0,0,0,medium,2,4.404,50055.91,40203.32
CLM003937,0,0,1,1,0,0,0,medium,2,3.265,34313.62,28047.17
CLM003938,1,1,1,0,0,1,0,medium,4,5.778,73850.53,52823.71
CLM003939,0,1,1,0,0,0,0,medium,2,4.204,48750.48,24605.51
CLM003940,0,0,1,1,0,1,0,medium,3,4.064,30295.75,22799.6
CLM003941,0,1,0,0,1,0,0,low,2,2.18,30498.29,19245.33
CLM003942,0,1,1,0,1,0,0,high,3,7.456,91788.05,71721.37
CLM003943,0,1,1,1,1,0,0,high,4,7.253,123729.35,95124.04
CLM003944,0,1,1,0,1,1,0,high,4,11.57,185356.44,140183.42
CLM003945,1,0,0,0,1,0,0,low,2,1.685,20699.27,13990.92
CLM003946,0,1,1,0,0,1,0,medium,3,4.679,55520.57,38429.26
CLM003947,0,0,1,0,0,1,0,medium,2,2.528,28692.6,24023.69
CLM003948,0,0,0,0,1,0,0,low,1,0.761,9507.19,6151.47
CLM003949,0,0,1,1,0,0,0,high,2,4.822,80633.74,52074.73
CLM003950,0,1,1,0,1,0,0,medium,3,5.332,60686.35,41037.27
CLM003951,0,1,1,0,1,1,0,low,4,4.26,58910.38,40931.73
CLM003952,1,0,0,0,1,1,0,high,3,7.511,113434.55,97018.85
CLM003953,0,0,1,0,1,0,0,medium,2,2.477,24464.65,9753.86
CLM003954,0,0,1,0,0,0,0,low,1,0.861,6700.1,832.06
CLM003955,0,0,1,1,1,1,0,medium,4,6.642,87677.54,81179.8
CLM003956,1,0,0,0,1,1,0,medium,3,5.115,62670.78,34970.17
CLM003957,1,0,0,0,1,1,0,low,3,2.354,41805.89,30460.66
CLM003958,0,0,1,1,1,1,1,high,5,14.164,228496.88,205510.58
CLM003959,0,1,0,0,0,1,1,high,3,12.253,267669.19,249109.87
CLM003960,0,0,1,1,0,0,0,low,2,1.709,25593.72,14165.08
CLM003961,1,0,0,0,1,1,0,medium,3,4.277,41803.16,36671.45
CLM003962,0,0,1,1,1,0,0,low,3,2.643,30346.11,22447.8
CLM003963,0,0,0,0,1,1,1,high,3,11.142,177384.8,151751.73
CLM003964,1,0,0,0,1,1,0,medium,3,4.257,37796.62,25927.67
CLM003965,0,1,1,0,1,1,0,high,4,9.594,121710.51,99099.91
CLM003966,0,1,1,0,0,1,0,high,3,9.186,96857.56,71155.79
CLM003967,1,0,0,1,1,1,0,medium,4,5.784,64840.99,50947.81
CLM003968,0,0,1,0,0,0,0,low,1,0.898,10759.49,1161.56
CLM003969,0,0,1,0,1,0,0,low,2,1.702,15308.21,5408.79
CLM003970,0,0,1,1,0,1,0,medium,3,3.59,33744.15,25205.25
CLM003971,0,1,1,0,1,1,0,high,4,12.845,173324.78,129389.56
CLM003972,0,0,1,0,0,0,0,low,1,1.203,19664.27,15249.85
CLM003973,0,1,1,1,1,1,0,high,5,12.491,190452.63,157442.38
CLM003974,0,1,1,0,1,1,1,medium,5,7.278,85754.96,70904.62
CLM003975,0,1,1,0,0,1,0,medium,3,5.316,89562.99,71589.39
CLM003976,0,0,1,0,0,1,0,medium,2,2.894,44503.75,30796.74
CLM003977,0,0,1,1,0,0,0,medium,2,3.624,46364.63,32475.86
CLM003978,0,0,0,1,0,1,0,medium,2,3.219,34530.46,20958.12
CLM003979,1,0,0,0,1,0,0,low,2,1.965,19728.77,14398.02
CLM003980,1,0,0,0,0,1,0,low,2,2.364,36088.82,24296.73
CLM003981,1,0,0,0,0,0,0,low,1,1.208,13809.95,7421.65
CLM003982,1,0,1,0,1,1,0,high,4,8.532,121142.77,86305.28
CLM003983,1,1,0,0,0,0,0,low,2,1.852,15846.96,4327.08
CLM003984,0,0,1,0,0,0,0,low,1,0.677,9366.92,4989.91
CLM003985,1,0,0,0,0,0,0,low,1,0.943,7448.5,0.0
CLM003986,0,0,1,1,0,1,0,medium,3,4.365,43343.13,33240.87
CLM003987,1,1,1,0,1,1,1,high,6,15.856,274802.8,209620.02
CLM003988,0,0,1,1,0,0,0,medium,2,3.113,54498.01,42609.02
CLM003989,0,0,1,1,0,0,0,medium,2,3.812,43945.61,31453.01
CLM003990,1,0,0,0,1,1,0,high,3,6.753,97912.35,62782.98
CLM003991,0,1,1,0,0,0,1,low,3,2.253,29295.54,16451.26
CLM003992,0,0,0,0,1,0,0,low,1,0.803,7598.78,5127.04
CLM003993,1,0,0,0,1,0,0,low,2,1.101,14467.36,7544.29
CLM003994,0,1,1,0,0,1,1,medium,4,6.382,83415.14,63023.86
CLM003995,1,0,0,0,0,0,0,low,1,0.981,10393.97,682.94
CLM003996,0,0,1,0,1,1,1,medium,4,6.098,76406.47,66623.57
CLM003997,1,0,1,0,0,0,0,low,2,2.274,29264.44,10335.47
CLM003998,0,1,0,0,0,1,1,medium,3,7.078,101859.71,91352.46
CLM003999,0,1,0,1,1,1,0,high,4,11.012,102241.79,76251.54
CLM004000,1,0,0,0,0,0,0,low,1,1.055,15264.62,2107.44
CLM004001,1,0,0,0,1,1,0,high,3,6.032,61546.95,31028.46
CLM004002,0,1,1,0,1,0,0,high,3,9.226,96246.32,84014.44
CLM004003,0,1,1,0,1,1,0,high,4,11.317,107865.2,67750.31
CLM004004,0,0,1,0,1,1,0,medium,3,4.865,84501.09,71876.38
CLM004005,0,1,1,1,0,1,1,high,5,10.038,101807.22,83137.37
CLM004006,0,1,1,0,0,1,0,high,3,9.598,121816.56,107734.01
CLM004007,1,0,0,0,1,0,0,medium,2,3.643,44652.73,34648.18
CLM004008,0,0,0,0,0,1,0,low,1,0.644,5274.5,0.0
CLM004009,1,0,0,0,1,0,0,low,2,1.789,21141.02,16139.26
CLM004010,0,0,1,1,0,1,0,high,3,9.365,130008.7,95436.78
CLM004011,1,0,1,0,0,0,0,medium,2,2.814,41676.79,32405.86
CLM004012,1,0,0,0,1,0,0,low,2,2.075,30265.36,19292.23
CLM004013,0,1,1,0,1,0,0,high,3,8.899,87718.02,72287.37
CLM004014,1,0,1,0,0,0,0,low,2,2.091,18758.04,8330.89
CLM004015,0,0,1,0,0,0,0,low,1,0.856,14214.38,5591.89
CLM004016,0,1,1,0,0,1,0,high,3,6.332,81160.98,52145.58
CLM004017,0,0,1,0,1,0,0,medium,2,3.29,36926.06,31474.81
CLM004018,1,0,0,0,1,1,1,high,4,12.108,125460.93,87799.07
CLM004019,1,0,0,0,0,0,0,medium,1,1.828,41442.36,28968.97
CLM004020,1,0,0,0,0,1,0,low,2,1.99,23628.83,6941.5
CLM004021,0,0,1,0,1,0,0,medium,2,2.685,28138.82,19579.5
CLM004022,1,1,0,0,1,0,0,low,3,2.739,42098.54,20379.14
CLM004023,1,0,0,0,0,1,0,medium,2,2.447,40289.83,31250.45
CLM004024,0,1,1,0,0,0,0,high,2,5.728,106063.46,88058.43
CLM004025,1,0,1,0,1,1,0,high,4,12.33,127268.99,116392.19
CLM004026,1,0,0,0,1,1,0,low,3,2.2,25051.44,13713.79
CLM004027,1,0,1,0,0,0,0,low,2,1.889,28974.68,13577.93
CLM004028,0,0,0,0,0,1,0,low,1,0.963,8178.79,4656.21
CLM004029,0,0,1,1,1,1,0,medium,4,6.633,106386.48,84399.62
CLM004030,1,0,0,0,1,0,0,low,2,2.289,22200.2,9586.28
CLM004031,0,0,1,0,0,1,0,medium,2,2.755,49326.79,38252.7
CLM004032,0,1,1,0,0,1,1,medium,4,9.15,148184.68,124713.52
CLM004033,1,0,0,0,1,0,0,medium,2,3.517,47737.39,31470.13
CLM004034,1,1,1,1,1,1,0,high,6,19.587,310255.63,227524.91
CLM004035,0,0,1,0,0,1,0,medium,2,3.095,42580.88,32362.69
CLM004036,1,0,0,0,1,0,0,high,2,4.691,75027.08,50433.9
CLM004037,0,0,1,0,0,0,0,medium,1,1.229,12507.03,8763.63
CLM004038,0,1,0,1,1,1,0,low,4,3.769,57550.21,44440.68
CLM004039,0,0,1,1,0,0,0,low,2,1.752,20374.92,3614.1
CLM004040,0,1,1,1,0,1,0,high,4,13.546,189679.74,168143.83
CLM004041,1,0,0,0,1,0,0,medium,2,2.758,33440.45,21003.7
CLM004042,1,1,1,0,1,0,0,medium,4,7.39,81717.95,70927.58
CLM004043,0,0,1,1,0,1,0,medium,3,4.551,52328.01,39440.63
CLM004044,1,1,1,0,1,1,0,high,5,13.37,137678.84,106052.66
CLM004045,0,0,1,1,0,1,0,high,3,8.717,102584.84,87818.07
CLM004046,1,0,0,1,1,1,0,medium,4,5.93,73937.95,46335.23
CLM004047,0,0,1,0,0,0,0,low,1,1.159,13895.12,5859.14
CLM004048,0,0,1,1,0,1,0,medium,3,4.904,49126.69,41790.8
CLM004049,0,0,0,1,0,1,0,low,2,1.595,20685.21,7415.17
CLM004050,0,0,1,0,0,0,0,low,1,0.789,7107.61,0.0
CLM004051,1,0,1,0,1,0,0,low,3,2.365,29227.06,19842.09
CLM004052,0,0,1,0,0,0,0,low,1,0.997,8597.95,0.0
CLM004053,1,0,1,0,1,1,0,medium,4,5.787,65349.6,49745.82
CLM004054,1,0,0,0,1,1,0,medium,3,4.347,48483.93,36327.51
CLM004055,0,1,1,1,0,1,0,medium,4,8.67,105796.37,89157.51
CLM004056,1,0,0,0,0,0,0,low,1,1.146,14831.77,9962.81
CLM004057,0,0,1,1,1,1,0,high,4,10.783,180875.56,121494.04
CLM004058,1,0,1,0,0,1,0,medium,3,3.974,43540.19,24460.86
CLM004059,0,1,1,0,1,0,0,medium,3,5.412,42648.9,29666.09
CLM004060,0,1,1,0,1,1,1,high,5,10.96,83058.3,54831.11
CLM004061,1,0,0,0,0,1,0,low,2,1.588,19744.72,14373.38
CLM004062,1,1,1,0,0,1,0,medium,4,5.685,73593.95,67053.75
CLM004063,0,1,1,1,0,1,0,medium,4,5.987,65841.74,39033.03
CLM004064,0,0,1,0,0,0,0,low,1,0.761,7139.08,3653.47
CLM004065,1,0,1,0,1,1,1,high,5,15.385,185856.62,154742.95
CLM004066,0,1,1,0,1,1,1,high,5,16.586,291562.9,234768.68
CLM004067,0,1,1,0,1,1,0,medium,4,5.831,46148.74,38264.49
CLM004068,0,1,1,0,1,1,0,medium,4,5.294,67527.47,43592.58
CLM004069,0,0,1,0,0,0,1,low,2,2.32,18500.54,11297.66
CLM004070,0,1,1,0,0,1,0,medium,3,4.801,51810.52,40945.97
CLM004071,1,0,0,0,1,0,0,low,2,2.302,21020.66,9142.39
CLM004072,1,0,1,0,0,0,0,medium,2,2.705,27966.31,22733.07
CLM004073,0,0,0,0,1,0,0,low,1,0.838,10165.98,6032.49
CLM004074,0,0,1,0,0,0,0,low,1,0.773,13552.16,7051.93
CLM004075,1,1,1,0,1,0,0,high,4,8.872,131889.37,99664.35
CLM004076,0,0,1,1,0,0,0,low,2,1.368,20666.99,12133.93
CLM004077,0,1,1,1,1,1,1,high,6,15.131,206559.47,150872.21
CLM004078,1,0,0,0,1,0,0,low,2,1.371,14989.77,9564.42
CLM004079,0,0,1,1,1,1,0,medium,4,5.744,85976.62,62918.44
CLM004080,1,1,1,1,1,0,0,high,5,15.097,254751.11,220330.74
CLM004081,1,0,0,0,1,0,0,low,2,1.968,21004.5,9455.04
CLM004082,1,0,0,1,1,1,0,medium,4,6.356,53236.33,31356.26
CLM004083,1,1,1,1,0,1,0,medium,5,7.855,88782.93,74966.21
CLM004084,0,0,1,1,0,0,0,high,2,4.305,43367.02,26394.16
CLM004085,1,0,0,0,0,0,1,medium,2,3.374,64946.73,59559.17
CLM004086,0,0,1,1,0,1,0,high,3,6.457,76083.12,60584.48
CLM004087,1,0,0,0,1,1,0,medium,3,4.189,54808.85,41965.84
CLM004088,1,0,0,0,1,0,0,medium,2,3.004,34656.7,17669.21
CLM004089,0,0,1,0,0,1,0,medium,2,2.318,21642.85,12364.78
CLM004090,1,1,0,0,0,0,0,medium,2,2.14,32308.83,23143.45
CLM004091,0,1,1,0,1,1,0,high,4,11.754,148495.09,125002.99
CLM004092,1,0,0,0,1,0,0,low,2,1.708,23460.66,6663.66
CLM004093,1,1,0,0,1,1,0,medium,4,6.027,73192.48,44115.11
CLM004094,0,0,1,1,0,0,0,medium,2,2.74,43920.78,33781.41
CLM004095,1,1,1,0,1,1,0,high,5,17.382,343917.97,280999.26
CLM004096,1,0,0,0,1,1,0,high,3,7.984,116679.15,57796.31
CLM004097,0,1,1,0,0,0,0,medium,2,2.916,49057.0,30049.49
CLM004098,0,0,1,1,0,0,1,high,3,8.039,73001.73,65707.85
CLM004099,0,1,1,0,1,1,0,high,4,13.152,156123.22,106759.54
CLM004100,0,0,1,1,0,0,0,medium,2,4.168,44174.46,26902.9
CLM004101,0,1,1,0,1,1,0,high,4,11.723,121703.45,72712.92
CLM004102,0,0,1,0,1,0,0,low,2,1.209,17960.27,11895.2
CLM004103,0,0,1,0,1,0,0,low,2,2.117,20315.92,6741.18
CLM004104,0,0,0,0,0,1,0,medium,1,1.305,14942.61,6473.51
CLM004105,0,0,1,1,1,1,0,high,4,6.951,55850.97,39897.92
CLM004106,1,0,0,0,1,0,0,medium,2,2.804,36322.91,20236.31
CLM004107,0,1,1,1,0,1,0,medium,4,6.147,108281.62,93988.25
CLM004108,0,0,1,0,0,0,0,medium,1,1.747,16743.95,7470.76
CLM004109,1,0,0,1,1,1,0,high,4,13.164,165627.89,123183.64
CLM004110,0,0,0,1,0,0,0,low,1,1.068,13101.86,8843.0
CLM004111,0,1,1,0,0,1,1,medium,4,6.125,53008.74,41564.45
CLM004112,0,0,1,0,0,0,1,medium,2,3.611,51093.35,24140.12
CLM004113,0,0,0,0,1,1,0,low,2,1.584,17251.58,13388.42
CLM004114,0,1,1,0,1,1,0,high,4,9.332,94043.03,73179.16
CLM004115,0,1,1,0,1,1,0,high,4,11.404,102905.96,89849.63
CLM004116,1,0,0,0,1,1,0,high,3,8.853,103087.3,76270.15
CLM004117,0,1,1,0,0,1,0,high,3,8.25,164729.75,142428.95
CLM004118,0,0,1,1,0,1,0,high,3,8.534,73771.71,46535.54
CLM004119,0,0,1,1,0,0,0,low,2,1.799,18049.99,10508.55
CLM004120,0,0,1,0,0,0,0,low,1,0.951,11007.6,2983.05
CLM004121,0,0,1,0,0,0,0,low,1,0.854,11537.27,8134.31
CLM004122,0,0,1,0,0,1,0,medium,2,2.388,23731.54,12386.25
CLM004123,0,0,1,1,0,0,0,medium,2,2.846,31235.19,22594.61
CLM004124,1,0,0,0,1,0,0,medium,2,2.82,38365.79,23887.48
CLM004125,0,1,1,0,1,1,0,medium,4,4.88,90599.19,65566.75
CLM004126,0,0,0,0,0,1,0,low,1,0.72,6488.18,2188.53
CLM004127,1,0,0,0,0,0,0,low,1,1.076,14243.31,8275.67
CLM004128,0,0,1,1,0,0,0,low,2,2.036,26935.47,20320.79
CLM004129,0,1,1,0,1,1,0,high,4,8.45,103307.86,67238.62
CLM004130,1,1,1,0,1,0,0,high,4,9.841,136340.64,114176.32
CLM004131,0,0,1,0,1,0,0,low,2,1.08,8988.3,430.96
CLM004132,0,0,1,0,0,0,0,medium,1,1.284,13479.7,6315.38
CLM004133,0,0,1,0,1,1,0,medium,3,3.969,48800.21,43639.92
CLM004134,0,1,1,0,1,1,0,low,4,3.475,48434.38,21131.3
CLM004135,1,0,1,0,0,0,0,low,2,1.805,20092.62,14190.67
CLM004136,1,0,0,0,1,0,0,low,2,1.762,23678.69,11751.51
CLM004137,0,1,1,1,0,1,0,high,4,8.883,77964.63,52128.38
CLM004138,0,0,0,1,0,1,0,low,2,1.823,19775.86,14650.66
CLM004139,0,1,1,0,1,1,0,medium,4,4.538,63426.33,48596.99
CLM004140,1,0,0,0,0,0,0,low,1,1.295,16562.53,11407.76
CLM004141,1,0,0,0,0,1,0,low,2,2.134,16478.98,12401.39
CLM004142,0,1,1,0,0,1,1,medium,4,6.81,92785.55,76688.97
CLM004143,0,0,1,0,0,0,0,low,1,0.861,7793.16,5206.9
CLM004144,0,0,1,0,0,0,0,low,1,0.71,13179.4,9363.52
CLM004145,0,1,1,0,0,0,0,low,2,1.451,22307.2,14883.03
CLM004146,0,1,1,0,0,1,1,medium,4,6.262,68797.39,50884.73
CLM004147,0,0,1,1,1,0,0,medium,3,4.993,51670.71,30752.47
CLM004148,0,1,1,0,0,1,0,high,3,7.33,77385.8,59027.23
CLM004149,0,0,0,0,1,0,0,low,1,0.711,13764.17,6794.59
CLM004150,0,1,1,0,0,0,1,low,3,3.94,52311.62,27890.3
CLM004151,1,0,1,0,0,0,0,medium,2,2.894,45267.31,29746.13
CLM004152,0,1,1,0,0,1,1,high,4,12.624,259353.94,205658.34
CLM004153,0,0,1,0,0,0,0,low,1,0.758,13403.45,932.15
CLM004154,0,0,1,0,0,0,0,low,1,0.664,8335.86,4584.07
CLM004155,1,0,1,0,1,0,0,medium,3,4.743,55834.04,50646.25
CLM004156,0,0,1,1,0,0,0,low,2,1.859,18768.46,5271.77
CLM004157,1,0,0,0,0,1,0,medium,2,3.118,54151.01,34095.49
CLM004158,0,1,0,0,0,1,1,medium,3,4.218,66498.15,49383.29
CLM004159,1,0,1,0,0,0,0,low,2,2.3,39179.67,32013.26
CLM004160,1,1,1,0,1,1,0,high,5,12.011,137079.04,92818.67
CLM004161,0,0,1,1,0,0,0,low,2,1.873,18031.18,10506.06
CLM004162,0,0,1,0,0,0,0,low,1,0.7,4460.36,0.0
CLM004163,0,0,1,0,0,1,0,low,2,1.28,16690.53,11086.93
CLM004164,0,1,0,0,0,0,1,medium,2,4.047,54199.83,35915.73
CLM004165,0,0,1,0,0,0,1,high,2,6.885,125682.58,96394.87
CLM004166,1,0,0,0,1,0,0,medium,2,4.065,37908.17,28428.99
CLM004167,1,1,1,1,0,0,0,high,4,9.676,172283.08,113490.79
CLM004168,0,0,1,1,0,1,0,medium,3,4.389,59168.14,46693.65
CLM004169,0,1,1,0,0,1,0,medium,3,4.669,48195.99,39448.66
CLM004170,0,1,1,1,0,1,0,medium,4,8.636,79322.51,68840.34
CLM004171,0,0,1,0,0,0,0,low,1,0.886,13219.4,8302.15
CLM004172,0,1,1,0,0,1,1,medium,4,5.473,130091.0,98617.17
CLM004173,1,1,1,0,0,0,1,medium,4,8.202,135917.93,110828.55
CLM004174,1,0,0,0,0,0,0,low,1,1.098,10537.79,7583.1
CLM004175,0,0,0,1,0,0,0,low,1,1.477,23211.84,12195.57
CLM004176,0,0,1,1,0,1,0,medium,3,3.607,58204.22,44896.77
CLM004177,0,1,1,0,1,1,1,high,5,14.484,111182.68,85025.28
CLM004178,0,0,1,1,0,0,0,low,2,1.681,14984.71,7061.96
CLM004179,0,0,1,1,0,0,0,low,2,1.523,12799.9,7298.24
CLM004180,1,0,0,0,1,1,0,medium,3,3.396,38040.35,32280.21
CLM004181,1,0,0,0,1,0,0,high,2,5.557,58985.64,43917.56
CLM004182,0,1,0,0,1,1,0,medium,3,5.182,43454.63,31191.85
CLM004183,0,0,0,0,1,0,0,low,1,0.655,11257.93,0.0
CLM004184,1,0,0,0,0,0,0,low,1,1.044,8257.81,0.0
CLM004185,0,0,1,0,0,0,0,low,1,0.709,7515.06,5074.63
CLM004186,0,1,1,0,1,1,0,medium,4,7.169,98790.42,83584.95
CLM004187,0,0,1,0,0,0,0,low,1,1.095,9273.15,3500.91
CLM004188,0,1,1,0,1,1,0,medium,4,5.451,65691.82,44688.08
CLM004189,0,0,1,0,0,0,0,medium,1,1.598,14302.51,5298.8
CLM004190,0,0,1,1,0,1,0,low,3,2.888,36511.35,24941.14
CLM004191,0,0,1,0,0,0,0,low,1,0.62,7669.76,0.0
CLM004192,0,1,1,0,1,0,0,high,3,7.723,72773.91,50257.44
CLM004193,0,0,1,0,0,0,0,medium,1,1.461,15157.71,3818.51
CLM004194,0,1,1,0,0,1,0,high,3,5.766,63793.04,43989.52
CLM004195,0,0,0,1,0,0,0,low,1,0.96,6426.11,0.0
CLM004196,0,1,1,0,1,1,0,high,4,8.53,146964.13,103155.09
CLM004197,1,1,0,0,0,1,0,high,3,8.225,125054.26,111654.08
CLM004198,1,0,1,1,0,1,0,medium,4,5.692,87668.8,78297.58
CLM004199,0,1,1,0,1,0,0,medium,3,4.724,50222.1,22050.37
CLM004200,0,0,1,0,0,0,0,low,1,0.872,13492.47,2149.2
CLM004201,1,0,1,0,0,1,0,medium,3,4.075,48924.6,35782.11
CLM004202,0,0,0,0,0,1,0,low,1,0.487,6273.36,0.0
CLM004203,0,0,1,1,0,1,0,medium,3,5.52,54484.53,44964.75
CLM004204,1,0,0,0,0,1,0,medium,2,3.432,44601.69,26228.25
CLM004205,1,0,0,0,1,1,0,high,3,6.984,83302.88,69021.25
CLM004206,0,0,1,1,0,1,0,high,3,6.055,103962.08,87642.38
CLM004207,1,0,1,1,1,0,0,medium,4,4.771,63456.03,35652.94
CLM004208,1,0,1,0,0,1,0,low,3,1.839,14182.07,7273.8
CLM004209,0,1,1,0,0,0,0,medium,2,2.947,68567.46,50290.65
CLM004210,1,0,1,1,0,1,0,medium,4,6.258,70154.86,44358.88
CLM004211,0,0,1,0,1,0,0,medium,2,3.474,34266.5,22939.4
CLM004212,1,0,1,0,1,1,0,medium,4,7.768,86552.69,58277.67
CLM004213,1,0,0,0,1,0,0,low,2,1.675,12355.27,1103.39
CLM004214,0,1,0,0,0,0,1,medium,2,4.681,64422.47,47586.71
CLM004215,0,0,1,0,0,0,0,low,1,0.838,7918.33,3888.79
CLM004216,1,0,0,0,1,1,0,medium,3,3.782,63262.21,56066.78
CLM004217,1,1,1,0,1,1,0,high,5,12.169,142002.81,85124.62
CLM004218,0,1,1,0,0,1,1,high,4,15.238,267229.34,191104.83
CLM004219,0,1,1,0,1,1,0,high,4,10.282,138690.95,100186.62
CLM004220,0,0,1,0,0,0,0,low,1,0.993,13849.2,8506.09
CLM004221,0,1,1,0,0,1,0,high,3,9.09,129653.91,85024.13
CLM004222,1,0,0,0,1,0,0,medium,2,2.835,45822.1,30728.79
CLM004223,0,0,1,1,0,0,0,medium,2,3.219,29281.5,10182.94
CLM004224,0,1,1,1,0,1,0,medium,4,6.327,86751.67,76674.11
CLM004225,1,0,1,0,1,0,0,low,3,2.675,34417.18,23768.57
CLM004226,0,0,1,0,0,0,0,low,1,0.816,10076.79,0.0
CLM004227,1,0,0,0,1,1,0,high,3,6.859,82593.8,56316.02
CLM004228,1,1,1,0,1,1,0,high,5,10.723,147144.7,103970.35
CLM004229,1,0,0,1,1,1,0,medium,4,5.156,51785.21,43650.15
CLM004230,0,1,1,1,1,1,0,high,5,12.706,149430.83,123426.07
CLM004231,0,1,1,0,1,1,0,high,4,9.131,111751.01,94259.75
CLM004232,1,0,1,0,1,0,0,low,3,2.666,20708.4,14230.33
CLM004233,1,0,1,0,1,0,0,low,3,2.013,29108.43,17002.73
CLM004234,0,0,1,0,1,0,0,low,2,1.603,16091.58,9348.29
CLM004235,0,0,1,0,0,0,0,low,1,0.912,12967.32,8655.39
CLM004236,1,0,0,0,0,1,0,medium,2,2.981,29227.84,20591.54
CLM004237,1,0,1,0,0,0,0,low,2,2.517,37783.62,23968.59
CLM004238,1,0,1,1,0,0,0,low,3,2.474,39357.31,20152.74
CLM004239,0,1,1,0,0,1,0,medium,3,4.36,53060.36,30822.18
CLM004240,0,0,1,1,0,0,0,medium,2,3.355,38135.15,20815.18
CLM004241,0,1,1,1,1,1,0,medium,5,7.528,115953.48,75738.51
CLM004242,0,1,1,1,0,1,0,medium,4,7.611,126874.88,98621.57
CLM004243,0,0,1,0,1,0,0,low,2,1.44,19300.76,4615.16
CLM004244,0,0,0,0,1,0,0,low,1,0.779,12880.67,0.0
CLM004245,1,0,1,0,0,0,0,low,2,1.563,22638.53,18618.32
CLM004246,1,1,0,0,1,1,0,medium,4,4.776,59711.9,43293.03
CLM004247,1,0,0,0,1,0,0,medium,2,2.541,40717.19,34554.98
CLM004248,1,0,1,0,1,1,0,high,4,11.67,153751.6,107902.2
CLM004249,1,0,1,0,0,0,0,low,2,1.514,19498.33,12013.89
CLM004250,0,1,1,0,1,1,0,low,4,3.409,42259.88,29268.95
CLM004251,0,1,1,0,1,1,0,high,4,12.695,175963.25,137671.69
CLM004252,0,1,1,0,0,1,1,medium,4,6.881,71294.73,52181.25
CLM004253,1,0,0,0,1,1,0,high,3,6.771,46494.24,10560.84
CLM004254,1,1,1,0,0,1,0,medium,4,5.572,110924.52,75308.63
CLM004255,0,1,1,0,1,1,0,high,4,10.384,165975.52,127207.41
CLM004256,1,0,0,0,1,0,0,medium,2,3.263,35471.38,23128.73
CLM004257,1,0,0,0,0,1,0,medium,2,2.193,25338.76,21989.79
CLM004258,0,0,1,0,0,0,0,low,1,0.871,10036.36,7183.9
CLM004259,0,1,1,1,1,1,1,medium,6,10.78,142752.26,116272.97
CLM004260,0,0,0,0,1,1,0,high,2,4.453,58836.65,31699.18
CLM004261,0,0,1,1,0,1,0,low,3,2.299,49429.41,31018.3
CLM004262,0,0,0,1,0,0,0,low,1,0.972,12747.37,953.22
CLM004263,1,0,0,1,1,0,0,high,3,10.626,196924.17,178243.86
CLM004264,0,1,1,0,1,1,0,high,4,10.338,123592.06,68422.75
CLM004265,0,0,1,1,0,1,0,medium,3,4.615,48675.11,31973.35
CLM004266,1,0,0,0,0,1,1,high,3,9.918,99973.64,58687.02
CLM004267,0,1,1,0,1,1,0,high,4,8.094,119443.49,85499.58
CLM004268,1,0,1,0,1,0,0,low,3,2.122,22037.56,12610.67
CLM004269,0,0,1,1,0,1,0,high,3,7.122,55975.37,28177.65
CLM004270,0,0,1,0,0,0,0,low,1,0.595,5357.01,982.37
CLM004271,0,1,1,0,1,1,0,medium,4,6.178,82174.9,54971.08
CLM004272,1,0,1,0,0,0,0,medium,2,2.544,38571.03,29342.47
CLM004273,1,1,0,1,1,1,0,high,5,11.447,163291.94,128629.73
CLM004274,1,0,0,0,1,1,0,medium,3,5.056,61060.92,42509.11
CLM004275,0,0,1,0,0,0,1,medium,2,4.165,79039.92,52707.74
CLM004276,0,1,1,0,0,0,1,high,3,9.666,199553.27,131174.68
CLM004277,0,1,1,1,1,0,0,medium,4,7.085,125542.36,90715.61
CLM004278,1,1,1,0,1,0,0,high,4,14.404,192613.18,150750.92
CLM004279,0,1,0,0,0,1,1,medium,3,5.491,70807.15,60320.37
CLM004280,1,1,1,0,1,1,0,high,5,14.96,242037.14,209117.8
CLM004281,1,0,0,0,0,0,0,medium,1,1.945,24942.21,18238.14
CLM004282,0,1,0,0,0,0,0,low,1,1.201,20569.53,15904.51
CLM004283,1,0,1,1,0,0,0,low,3,3.843,52288.63,35048.26
CLM004284,0,0,1,1,0,1,0,low,3,3.156,49735.47,40008.9
CLM004285,1,0,0,1,1,0,0,low,3,2.467,37302.93,22027.88
CLM004286,1,0,0,0,0,0,0,low,1,0.865,11955.75,7550.97
CLM004287,0,0,1,0,0,1,1,high,3,7.302,84730.87,61849.09
CLM004288,0,1,1,0,1,1,0,medium,4,6.437,71033.6,43230.75
CLM004289,0,0,1,1,0,1,0,high,3,7.994,89868.07,54165.34
CLM004290,0,1,1,0,1,0,0,low,3,3.793,58891.88,51989.97
CLM004291,0,1,1,0,1,1,0,high,4,10.192,144724.71,97742.46
CLM004292,0,0,1,0,0,0,0,low,1,0.802,12692.27,6222.39
CLM004293,0,0,1,1,0,1,0,high,3,6.083,92981.74,83381.57
CLM004294,0,0,1,0,0,0,0,low,1,0.788,9417.06,6058.31
CLM004295,0,1,0,0,1,0,0,low,2,1.258,12955.17,7400.4
CLM004296,0,0,1,1,0,0,0,medium,2,3.491,33712.5,25878.93
CLM004297,1,0,1,0,0,0,0,low,2,1.851,24641.41,18635.55
CLM004298,0,1,1,0,0,1,0,medium,3,5.612,50819.59,43983.72
CLM004299,1,1,0,0,1,0,0,medium,3,4.58,57934.12,47342.78
CLM004300,1,0,0,0,1,1,0,high,3,6.312,75693.97,65623.7
CLM004301,0,1,1,0,1,1,0,high,4,8.818,122088.33,86060.1
CLM004302,0,0,1,1,0,1,0,high,3,6.529,83167.59,69676.47
CLM004303,0,0,1,1,1,0,0,high,3,8.023,167818.71,125231.08
CLM004304,1,0,1,1,0,1,0,high,4,13.014,101441.64,86299.48
CLM004305,0,0,1,0,1,0,1,medium,3,6.511,59397.76,45412.47
CLM004306,0,0,0,0,1,0,0,low,1,0.75,8334.32,0.0
CLM004307,0,0,1,0,0,0,0,medium,1,1.324,19227.1,1374.4
CLM004308,1,0,0,0,0,0,0,low,1,0.837,12192.24,6371.93
CLM004309,1,0,0,0,0,1,0,medium,2,3.328,31102.28,21689.88
CLM004310,1,0,0,0,1,1,0,medium,3,3.228,48211.13,42698.2
CLM004311,0,0,1,0,0,1,0,medium,2,3.485,48384.83,29029.83
CLM004312,1,0,0,0,1,0,0,low,2,2.296,24761.04,12386.02
CLM004313,1,0,1,0,1,0,0,medium,3,3.603,22837.77,10983.37
CLM004314,0,1,1,0,1,1,1,high,5,16.356,321167.49,222148.47
CLM004315,1,0,0,0,1,0,0,low,2,1.887,11950.52,3792.33
CLM004316,0,1,1,0,0,1,1,medium,4,7.603,127528.17,83428.81
CLM004317,1,0,0,1,0,0,0,medium,2,4.914,99132.4,59486.64
CLM004318,1,0,1,0,0,0,0,low,2,1.655,31624.48,21666.38
CLM004319,0,0,1,0,0,1,0,medium,2,2.362,34681.48,26096.36
CLM004320,0,0,1,0,0,0,0,low,1,1.053,12069.21,6371.68
CLM004321,0,1,1,0,0,0,0,low,2,1.944,16179.14,0.0
CLM004322,0,1,1,0,1,1,0,medium,4,4.701,65746.77,39794.85
CLM004323,0,1,1,0,1,1,0,high,4,11.028,198973.85,177165.55
CLM004324,1,0,1,1,0,1,0,high,4,12.457,166183.85,119681.15
CLM004325,1,0,0,0,0,1,0,medium,2,3.593,34676.46,22672.8
CLM004326,0,1,1,0,0,0,0,low,2,2.517,41439.83,34205.45
CLM004327,0,1,1,0,1,1,0,high,4,9.323,140165.49,97601.78
CLM004328,0,0,1,0,0,1,0,medium,2,2.262,35615.99,20304.31
CLM004329,0,1,1,1,1,1,0,high,5,16.12,140018.79,111843.73
CLM004330,0,0,1,0,0,1,0,medium,2,2.769,34054.6,23683.96
CLM004331,1,0,0,0,1,0,0,low,2,1.546,16780.94,0.0
CLM004332,0,0,0,0,1,1,0,medium,2,2.461,34153.96,28574.12
CLM004333,1,0,0,0,1,0,0,low,2,1.872,23245.49,14918.18
CLM004334,0,0,0,0,1,0,0,low,1,0.74,8883.9,5096.48
CLM004335,1,0,0,0,1,1,0,medium,3,3.929,63679.42,44237.56
CLM004336,1,0,0,0,0,1,0,medium,2,3.745,58124.87,43665.47
CLM004337,1,0,0,1,1,1,0,high,4,12.132,105808.45,54006.65
CLM004338,0,1,1,0,0,0,0,medium,2,3.626,37437.95,23211.57
CLM004339,1,0,0,0,1,0,0,medium,2,3.71,57171.98,41536.08
CLM004340,0,0,0,0,0,1,0,low,1,0.945,14432.66,520.63
CLM004341,1,0,0,0,0,0,0,low,1,1.373,20352.58,9263.14
CLM004342,0,1,1,0,1,1,0,high,4,10.899,177369.79,150514.99
CLM004343,0,1,1,1,1,1,0,high,5,11.769,192153.36,140428.93
CLM004344,1,0,1,0,1,1,0,medium,4,6.376,71869.32,43519.63
CLM004345,0,0,1,0,0,1,0,medium,2,3.676,28878.52,22749.5
CLM004346,1,0,0,0,0,0,0,medium,1,1.868,15980.74,6783.37
CLM004347,0,0,1,0,0,1,0,medium,2,3.396,36676.95,27852.66
CLM004348,0,0,1,1,0,1,0,medium,3,5.413,42765.16,28370.31
CLM004349,1,0,1,0,1,0,0,medium,3,4.176,58296.77,47052.94
CLM004350,1,0,0,0,1,0,0,high,2,6.366,89831.82,63907.14
CLM004351,1,0,0,0,1,0,0,medium,2,3.472,32218.44,23576.61
CLM004352,1,0,0,0,1,0,0,medium,2,2.833,50590.04,29396.09
CLM004353,0,0,1,1,1,1,0,medium,4,6.957,125344.24,90461.02
CLM004354,0,0,0,0,1,1,0,low,2,1.377,15172.85,0.0
CLM004355,1,0,0,1,1,1,0,high,4,10.042,101138.87,65802.82
CLM004356,1,0,0,1,1,0,0,medium,3,4.794,71685.23,54020.21
CLM004357,1,0,1,0,0,0,1,medium,3,4.53,61494.75,48096.47
CLM004358,0,1,0,0,0,1,1,high,3,9.285,153050.52,114314.17
CLM004359,1,0,1,0,1,1,0,medium,4,6.656,77412.34,60018.66
CLM004360,0,0,1,1,0,0,0,high,2,5.644,59412.53,22649.4
CLM004361,0,0,1,1,0,1,0,low,3,1.785,18117.2,5733.76
CLM004362,1,0,0,0,1,1,0,medium,3,4.664,52523.19,32157.31
CLM004363,0,0,0,1,0,0,0,low,1,1.046,15338.57,8935.79
CLM004364,1,0,0,0,1,1,1,medium,4,6.838,106571.3,74115.84
CLM004365,0,1,1,1,1,1,0,high,5,10.068,124400.82,99585.09
CLM004366,0,0,1,0,1,1,0,high,3,5.283,84441.66,53118.76
CLM004367,0,0,1,0,0,0,0,medium,1,1.06,15945.97,7888.25
CLM004368,0,1,1,0,1,1,1,high,5,15.016,199431.98,175770.7
CLM004369,1,0,0,0,1,0,0,high,2,4.995,48674.14,19166.67
CLM004370,0,0,1,0,1,0,0,low,2,1.822,20149.02,12505.33
CLM004371,0,1,1,0,1,0,0,low,3,2.052,19285.84,13609.59
CLM004372,1,0,0,0,1,1,0,high,3,7.34,93176.21,77924.21
CLM004373,1,0,0,0,1,1,0,medium,3,4.736,42461.79,37252.29
CLM004374,1,0,1,1,1,0,0,medium,4,5.91,79639.89,61173.35
CLM004375,0,0,1,0,0,1,0,low,2,1.87,23236.2,14949.29
CLM004376,1,0,1,1,0,0,0,medium,3,4.624,74558.93,65676.41
CLM004377,0,0,1,1,0,0,0,high,2,6.417,99346.24,71812.12
CLM004378,1,1,1,0,0,0,0,high,3,7.735,183603.87,150303.26
CLM004379,1,0,0,1,0,0,0,low,2,2.067,23819.34,9304.62
CLM004380,0,0,1,0,0,0,0,low,1,0.896,17493.48,9859.98
CLM004381,1,1,1,0,0,0,0,high,3,6.799,101343.56,61571.27
CLM004382,0,0,1,1,0,0,0,medium,2,3.397,52841.53,36134.96
CLM004383,0,1,1,0,0,0,0,medium,2,3.055,59810.5,52492.76
CLM004384,0,1,1,0,0,1,1,high,4,10.222,158473.65,103250.93
CLM004385,0,1,0,0,0,0,0,low,1,0.879,12634.99,7203.97
CLM004386,0,0,1,0,1,1,1,high,4,7.28,93231.65,41388.59
CLM004387,1,0,0,0,0,0,0,low,1,0.974,10461.43,6579.91
CLM004388,0,1,1,0,0,0,0,medium,2,3.481,63255.59,41743.32
CLM004389,0,0,1,1,0,0,0,medium,2,2.532,37935.57,25692.62
CLM004390,0,1,1,0,1,0,0,medium,3,4.913,70359.2,61704.98
CLM004391,0,0,1,0,0,0,0,low,1,0.736,12951.52,76.81
CLM004392,0,0,0,0,1,1,0,low,2,2.228,26924.47,20246.3
CLM004393,1,0,0,0,1,0,0,low,2,2.207,20666.56,9274.45
CLM004394,0,1,1,0,1,0,0,high,3,10.89,178741.97,121940.3
CLM004395,1,0,0,0,1,1,0,high,3,6.816,85285.88,56345.53
CLM004396,0,1,0,0,0,1,1,low,3,3.331,32428.83,12124.2
CLM004397,0,1,1,0,1,1,0,medium,4,6.743,72852.01,59933.05
CLM004398,0,1,1,0,0,1,1,low,4,4.743,55441.36,32693.16
CLM004399,0,1,1,0,1,0,0,medium,3,4.7,57803.58,44629.98
CLM004400,0,1,1,1,1,1,0,high,5,14.741,254800.87,198518.06
CLM004401,0,0,1,1,0,0,0,low,2,1.838,16555.99,11723.53
CLM004402,0,0,0,1,0,0,0,medium,1,1.242,13625.73,6845.32
CLM004403,0,0,1,1,0,0,0,low,2,2.416,27508.03,17572.71
CLM004404,0,0,1,0,1,0,0,high,2,3.558,72922.74,37974.35
CLM004405,1,0,1,0,1,0,0,medium,3,5.21,55222.18,37521.44
CLM004406,1,1,0,0,1,1,0,high,4,9.153,112264.77,81628.5
CLM004407,1,1,1,0,1,0,0,medium,4,7.91,105239.81,85525.45
CLM004408,0,0,1,0,0,0,0,low,1,0.856,13194.68,9042.78
CLM004409,1,1,1,0,1,0,0,high,4,13.843,182077.66,152513.0
CLM004410,0,0,1,1,0,0,0,medium,2,3.784,51018.86,41558.54
CLM004411,1,0,0,0,0,0,0,low,1,1.236,19904.67,11242.24
CLM004412,0,1,1,0,1,0,0,medium,3,5.187,84416.23,65143.24
CLM004413,0,1,1,0,1,0,0,medium,3,5.018,90147.74,58227.76
CLM004414,0,0,1,0,1,0,0,medium,2,2.51,30985.64,19401.67
CLM004415,0,0,1,1,0,0,0,low,2,2.218,25559.25,10296.39
CLM004416,0,1,1,0,1,1,0,high,4,12.162,183636.83,140383.14
CLM004417,1,0,0,0,1,0,0,medium,2,3.62,73275.07,38242.19
CLM004418,0,0,1,0,0,0,0,low,1,0.739,13787.46,7369.9
CLM004419,1,0,1,0,1,0,0,medium,3,4.0,42422.2,32037.05
CLM004420,0,0,0,0,1,0,0,low,1,0.888,7378.17,0.0
CLM004421,1,0,1,1,0,0,0,low,3,3.121,49483.65,35335.05
CLM004422,0,0,1,0,0,0,0,low,1,1.055,11505.64,3600.43
CLM004423,1,0,0,0,1,1,0,low,3,2.685,43536.9,17241.37
CLM004424,0,1,1,0,0,0,0,low,2,1.672,31055.1,24065.03
CLM004425,0,1,1,1,1,0,0,high,4,12.262,224794.0,187726.7
CLM004426,1,1,0,0,1,1,0,medium,4,6.674,87236.72,71820.65
CLM004427,1,0,1,0,1,0,0,low,3,2.873,34370.0,29840.4
CLM004428,0,0,0,0,1,0,0,low,1,0.901,10688.03,0.0
CLM004429,0,0,1,0,0,1,0,low,2,1.937,30926.07,23873.92
CLM004430,0,1,1,0,0,1,0,medium,3,4.985,75558.61,58378.91
CLM004431,0,1,1,0,1,1,0,high,4,7.592,103293.25,54191.76
CLM004432,1,0,0,0,1,1,0,medium,3,3.826,35733.07,26553.15
CLM004433,0,1,1,0,1,0,0,medium,3,4.632,62703.56,50506.1
CLM004434,1,0,0,0,0,1,0,low,2,2.311,29967.06,7890.79
CLM004435,0,0,1,1,1,1,0,medium,4,5.08,60025.81,44297.48
CLM004436,0,1,1,0,0,1,0,low,3,2.856,38137.09,26402.2
CLM004437,1,1,1,0,1,1,0,medium,5,7.256,93104.96,67306.3
CLM004438,0,1,1,0,0,1,1,high,4,9.579,177716.88,121007.44
CLM004439,0,1,1,0,1,1,0,high,4,8.77,74326.63,48891.71
CLM004440,0,0,1,0,0,0,1,high,2,4.558,63864.99,41783.97
CLM004441,0,0,1,0,0,0,0,medium,1,1.351,16842.06,10788.93
CLM004442,1,1,1,0,0,0,0,low,3,2.982,31760.37,25017.28
CLM004443,0,0,1,0,0,0,0,low,1,1.057,21058.63,14723.85
CLM004444,0,1,1,0,0,0,0,high,2,4.852,48370.24,37950.15
CLM004445,0,1,1,0,0,0,0,medium,2,3.811,46602.74,35311.56
CLM004446,1,0,0,0,1,1,0,high,3,6.263,97934.09,78722.91
CLM004447,0,0,1,0,0,0,0,low,1,0.954,8192.12,200.14
CLM004448,0,1,1,0,0,1,0,high,3,7.864,79474.34,61073.82
CLM004449,0,0,1,1,0,0,0,low,2,1.405,12666.97,4467.78
CLM004450,0,1,1,0,0,1,0,medium,3,4.383,60951.54,37007.81
CLM004451,0,1,1,0,1,1,0,high,4,12.231,138410.36,92858.84
CLM004452,1,0,0,1,1,1,0,high,4,13.309,261573.15,231128.09
CLM004453,0,0,1,1,0,0,0,medium,2,3.254,35686.55,24172.29
CLM004454,0,1,1,1,1,1,0,high,5,13.883,162198.71,146362.75
CLM004455,1,1,0,0,0,1,0,medium,3,5.121,89722.31,65112.99
CLM004456,0,0,1,0,0,0,0,low,1,0.558,5813.38,3325.62
CLM004457,1,0,0,0,0,0,0,medium,1,1.424,18637.6,7659.7
CLM004458,0,1,1,0,1,1,0,medium,4,6.166,79199.08,53208.0
CLM004459,0,1,1,0,1,1,0,medium,4,5.714,79634.19,61608.85
CLM004460,0,1,1,0,1,0,0,medium,3,5.184,50419.03,33391.91
CLM004461,0,1,1,0,1,0,0,medium,3,6.081,62846.65,50158.84
CLM004462,0,0,1,0,0,1,1,medium,3,4.108,34435.17,15886.24
CLM004463,0,0,1,1,0,1,0,low,3,3.318,27335.55,23366.86
CLM004464,0,1,1,1,0,1,0,medium,4,5.938,57187.68,39463.62
CLM004465,1,0,1,0,0,0,0,low,2,2.289,32162.05,21398.68
CLM004466,0,0,1,1,0,1,0,high,3,9.562,132484.9,88789.8
CLM004467,1,0,1,0,0,0,0,low,2,1.199,10859.06,1957.64
CLM004468,1,1,1,0,0,0,0,low,3,3.324,39616.91,27271.4
CLM004469,0,1,1,0,1,1,0,high,4,11.219,151395.79,122808.91
CLM004470,0,0,1,0,0,0,0,low,1,0.988,13136.82,5034.1
CLM004471,0,0,1,0,0,0,0,low,1,1.035,19382.69,13219.69
CLM004472,0,1,1,0,1,1,0,medium,4,5.412,55513.81,38081.72
CLM004473,1,0,0,0,1,1,0,medium,3,3.74,36206.07,15893.37
CLM004474,1,0,0,0,1,0,0,medium,2,2.414,28012.32,19254.96
CLM004475,0,0,1,0,0,1,1,medium,3,6.145,121545.74,90962.3
CLM004476,1,0,0,0,1,1,0,medium,3,3.184,23689.83,6887.95
CLM004477,0,1,0,0,0,1,0,high,2,3.778,64078.86,37565.34
CLM004478,0,0,1,0,1,1,0,medium,3,5.126,48459.61,40338.01
CLM004479,0,0,0,0,1,1,0,medium,2,2.851,29640.08,13394.74
CLM004480,1,0,0,0,0,1,0,low,2,1.915,21999.34,16238.62
CLM004481,0,1,1,1,0,1,1,high,5,20.258,365477.83,265923.7
CLM004482,0,1,1,0,0,1,1,high,4,11.444,158784.73,138634.75
CLM004483,1,0,0,0,0,0,0,low,1,0.908,15010.83,0.0
CLM004484,0,0,1,1,0,1,0,medium,3,5.377,66555.08,49472.59
CLM004485,1,0,0,0,1,1,0,high,3,6.111,51217.44,44615.84
CLM004486,0,1,0,1,1,0,1,medium,4,6.427,103776.8,81755.39
CLM004487,0,0,0,0,1,0,0,low,1,0.835,13188.31,7650.05
CLM004488,0,0,0,0,1,0,0,low,1,0.918,13062.43,0.0
CLM004489,0,0,1,0,0,0,0,low,1,0.904,8573.82,4447.15
CLM004490,1,0,0,0,0,0,0,low,1,0.657,8711.59,0.0
CLM004491,0,1,1,1,1,1,0,high,5,17.877,268088.32,205597.09
CLM004492,1,0,0,0,0,0,0,medium,1,1.454,22154.46,18948.72
CLM004493,1,0,0,0,1,0,0,low,2,1.832,21368.94,1751.7
CLM004494,0,0,1,1,1,0,0,high,3,7.397,98051.1,65586.11
CLM004495,1,1,1,0,1,0,0,low,4,3.737,38747.73,27127.25
CLM004496,1,0,1,0,0,0,0,low,2,2.431,21477.66,16518.65
CLM004497,0,1,1,0,1,1,0,medium,4,7.339,105755.34,97212.01
CLM004498,0,0,1,1,0,0,0,low,2,2.212,29976.64,25015.71
CLM004499,0,1,1,0,1,0,1,high,4,10.802,126838.39,107661.47
CLM004500,0,0,0,0,0,0,1,low,1,1.292,21637.75,17291.81
CLM004501,0,0,1,1,0,1,1,medium,4,8.89,126931.12,97455.85
CLM004502,0,1,1,0,0,1,0,low,3,3.725,38952.75,29005.49
CLM004503,0,1,1,0,1,1,0,high,4,9.74,94141.03,60872.57
CLM004504,1,0,0,0,1,0,0,medium,2,2.599,31479.24,24210.02
CLM004505,1,0,0,0,0,1,0,medium,2,2.991,44327.15,30760.71
CLM004506,1,0,0,0,0,1,0,medium,2,3.676,41231.88,14678.76
CLM004507,0,1,1,1,0,0,0,low,3,3.219,36967.53,28464.11
CLM004508,1,0,1,0,1,0,0,medium,3,4.14,75692.39,62945.83
CLM004509,0,0,0,0,1,1,0,high,2,4.752,41356.21,30388.27
CLM004510,1,0,0,0,0,1,1,high,3,9.397,153452.84,116761.69
CLM004511,0,0,1,1,0,0,0,medium,2,3.237,46892.86,30183.51
CLM004512,0,1,1,0,1,0,0,medium,3,4.711,73898.47,47739.22
CLM004513,1,0,0,0,1,0,0,low,2,1.938,27223.53,17506.33
CLM004514,1,0,0,0,0,0,0,low,1,0.939,15621.56,6711.38
CLM004515,0,0,0,0,0,0,1,low,1,1.087,16328.2,4290.68
CLM004516,1,0,0,0,1,0,0,low,2,2.087,29325.49,24333.04
CLM004517,1,0,0,0,1,0,0,high,2,5.9,58759.01,41046.96
CLM004518,1,0,1,0,0,0,0,low,2,1.718,19302.1,11524.45
CLM004519,0,0,1,1,1,0,0,high,3,8.226,110859.54,73313.95
CLM004520,0,1,1,0,1,0,0,medium,3,4.399,66953.69,38709.34
CLM004521,0,0,1,0,1,0,0,low,2,1.467,27683.78,23727.43
CLM004522,0,1,1,0,0,1,0,low,3,3.519,49604.97,44737.63
CLM004523,1,0,0,0,1,1,0,high,3,6.011,119811.4,86737.64
CLM004524,1,1,1,0,0,1,1,high,5,16.077,205864.08,130470.05
CLM004525,0,0,1,0,0,0,0,low,1,0.898,12163.46,4223.59
CLM004526,1,0,0,0,0,0,0,low,1,0.863,12064.2,7809.94
CLM004527,1,0,0,0,1,0,0,medium,2,3.032,40325.85,23270.14
CLM004528,0,1,1,0,1,1,0,medium,4,6.659,78968.23,68532.53
CLM004529,0,0,1,0,0,0,0,low,1,0.606,7272.92,3454.39
CLM004530,1,0,0,0,0,1,0,medium,2,3.391,31252.52,27625.8
CLM004531,0,0,1,0,1,1,0,high,3,5.752,99821.49,70756.28
CLM004532,0,1,1,0,0,1,0,medium,3,3.98,56519.21,49821.63
CLM004533,0,0,1,0,1,0,0,medium,2,2.524,35515.95,28277.69
CLM004534,1,0,1,0,0,0,0,low,2,1.682,20721.94,10881.6
CLM004535,0,0,1,1,1,1,0,high,4,9.645,125805.43,75369.8
CLM004536,0,1,1,0,0,1,0,high,3,7.346,138863.26,99869.77
CLM004537,1,0,1,0,0,0,0,medium,2,2.323,31850.46,28140.97
CLM004538,0,0,1,0,0,0,0,low,1,0.989,15492.37,6545.63
CLM004539,1,0,0,0,1,0,0,medium,2,2.991,35736.62,18470.74
CLM004540,1,1,0,0,1,1,0,high,4,12.301,178454.48,134927.78
CLM004541,1,0,0,0,1,0,0,low,2,1.652,17139.87,9735.07
CLM004542,0,1,1,0,0,1,1,medium,4,9.49,203138.0,162518.69
CLM004543,0,1,1,0,0,1,1,low,4,4.476,50086.12,36283.9
CLM004544,1,0,0,0,1,0,0,medium,2,3.02,38939.49,26481.7
CLM004545,0,0,1,1,0,0,0,medium,2,2.57,23842.48,12455.71
CLM004546,1,0,0,0,1,1,0,medium,3,3.754,48435.47,33279.99
CLM004547,0,0,1,1,0,0,0,medium,2,2.355,27948.71,15045.67
CLM004548,0,0,1,1,0,0,0,low,2,1.954,14544.99,9560.26
CLM004549,0,1,1,0,1,0,0,low,3,3.258,37924.23,27381.7
CLM004550,0,0,1,0,0,0,0,low,1,0.995,11922.61,8900.25
CLM004551,1,0,0,0,1,1,0,medium,3,4.773,60108.9,42458.09
CLM004552,0,0,1,1,0,0,0,medium,2,2.793,40000.29,28721.75
CLM004553,1,0,1,1,0,0,0,medium,3,4.079,26092.69,14791.77
CLM004554,0,0,1,0,0,0,0,low,1,0.867,10323.49,0.0
CLM004555,0,1,0,0,1,1,1,high,4,11.515,228111.02,212516.67
CLM004556,0,0,1,1,0,1,0,medium,3,4.156,77312.72,60979.27
CLM004557,0,0,1,1,0,0,0,medium,2,3.206,41676.2,35007.91
CLM004558,0,0,1,1,0,1,0,high,3,7.202,68802.83,33687.85
CLM004559,0,1,1,1,0,1,0,medium,4,6.544,99024.74,76580.83
CLM004560,0,0,0,0,1,0,0,low,1,0.828,12431.31,3224.88
CLM004561,0,1,1,1,1,1,0,medium,5,8.927,133969.82,108161.66
CLM004562,1,0,0,0,1,0,0,low,2,2.216,15061.17,7917.82
CLM004563,0,1,1,1,0,1,1,high,5,9.806,209928.15,137747.52
CLM004564,0,1,1,0,1,1,0,medium,4,7.173,138941.21,121866.23
CLM004565,1,1,1,0,1,1,0,high,5,10.534,191534.19,170471.09
CLM004566,0,0,1,0,0,0,1,high,2,4.184,69047.8,43978.59
CLM004567,1,1,1,0,1,0,0,high,4,8.887,83224.49,62996.39
CLM004568,1,0,1,0,0,0,0,low,2,2.068,18079.1,0.0
CLM004569,0,0,1,0,0,0,0,low,1,0.732,9647.43,6300.42
CLM004570,1,1,1,0,1,0,0,high,4,11.226,180210.36,154593.51
CLM004571,0,0,1,1,0,1,0,medium,3,3.975,75725.88,55325.1
CLM004572,0,0,1,0,0,0,0,low,1,1.212,17993.47,13952.56
CLM004573,0,0,0,0,0,1,1,low,2,2.134,36930.3,24308.59
CLM004574,1,0,0,0,1,1,0,high,3,6.335,63905.75,27465.13
CLM004575,0,0,0,0,1,0,0,low,1,0.74,7201.4,0.0
CLM004576,1,0,0,0,1,0,0,low,2,1.714,23092.5,6225.22
CLM004577,1,0,0,0,0,0,0,low,1,1.042,11065.95,0.0
CLM004578,0,0,1,0,0,0,0,low,1,0.607,6208.17,3742.83
CLM004579,0,0,1,1,0,0,0,high,2,5.131,72641.7,52936.38
CLM004580,1,0,0,0,1,0,0,medium,2,2.338,28056.68,19635.87
CLM004581,0,1,1,1,1,1,0,high,5,16.818,227387.26,183477.94
CLM004582,1,0,0,0,0,0,0,low,1,0.785,6396.85,4072.91
CLM004583,0,0,1,1,0,0,0,low,2,1.544,21363.57,8157.24
CLM004584,1,0,0,1,1,0,0,low,3,2.257,24928.1,16836.61
CLM004585,1,0,1,0,0,0,0,low,2,2.284,34840.85,28642.55
CLM004586,0,1,1,0,1,0,0,medium,3,3.172,32393.36,23958.3
CLM004587,0,0,0,1,0,0,0,low,1,0.829,14763.64,11859.99
CLM004588,1,1,1,0,0,1,0,high,4,8.041,106175.76,72880.66
CLM004589,0,0,1,1,0,1,0,low,3,3.455,45425.93,36509.74
CLM004590,1,0,1,1,1,1,0,medium,5,7.432,105293.86,74408.48
CLM004591,1,0,0,0,1,1,0,high,3,7.543,66500.92,45200.23
CLM004592,1,0,0,0,1,0,0,medium,2,3.27,32600.5,16288.35
CLM004593,1,0,0,0,1,1,0,high,3,7.74,100113.95,62605.12
CLM004594,1,0,0,0,1,0,0,low,2,1.681,29747.0,19497.58
CLM004595,0,0,1,0,0,1,0,medium,2,2.746,40129.09,17731.74
CLM004596,1,0,0,1,1,0,0,high,3,4.263,86790.92,58654.76
CLM004597,1,1,0,0,1,0,0,high,3,8.626,117397.01,78838.46
CLM004598,1,0,1,0,0,0,0,low,2,1.912,28594.48,21154.85
CLM004599,0,0,0,1,0,0,0,low,1,0.798,8632.96,4456.23
CLM004600,0,0,1,0,0,1,1,medium,3,4.397,48804.12,39209.14
CLM004601,0,1,1,0,1,1,0,medium,4,6.143,63374.73,42211.84
CLM004602,0,0,1,0,1,0,0,low,2,1.276,16541.6,5412.53
CLM004603,1,1,0,0,0,1,0,medium,3,5.254,90898.41,65442.05
CLM004604,1,0,0,0,1,0,0,medium,2,3.853,51771.49,35408.73
CLM004605,0,0,1,1,0,0,0,low,2,1.927,13368.96,9190.31
CLM004606,0,1,1,0,1,0,0,high,3,8.402,158354.04,138064.86
CLM004607,1,1,1,0,1,0,0,medium,4,6.672,123505.8,86676.5
CLM004608,1,0,0,0,0,1,0,medium,2,3.001,28529.65,19390.71
CLM004609,0,0,1,0,0,0,0,low,1,1.047,15195.61,10396.79
CLM004610,0,0,1,1,0,1,0,medium,3,5.138,63572.45,37490.03
CLM004611,0,1,1,0,1,1,0,high,4,9.796,125245.67,95264.09
CLM004612,0,1,1,0,1,0,0,low,3,2.488,27979.45,14857.16
CLM004613,1,1,1,0,1,0,0,low,4,3.966,44570.92,39333.65
CLM004614,0,0,1,0,1,0,0,low,2,1.693,20323.41,103.97
CLM004615,1,0,0,1,1,1,0,high,4,10.483,86907.12,52091.07
CLM004616,1,1,0,0,1,1,0,high,4,10.022,110172.73,63503.19
CLM004617,0,0,1,1,1,1,0,high,4,11.919,166227.48,150585.74
CLM004618,0,0,1,1,0,1,0,medium,3,5.863,50255.94,35346.23
CLM004619,0,0,1,0,0,1,0,low,2,1.744,30591.75,16536.77
CLM004620,0,0,1,0,0,0,0,low,1,1.024,6261.59,0.0
CLM004621,1,0,0,0,1,1,0,high,3,9.737,90438.49,55450.88
CLM004622,1,0,0,0,1,0,0,low,2,2.276,24137.23,13419.15
CLM004623,0,1,1,0,0,1,0,medium,3,5.973,108849.17,76411.5
CLM004624,0,1,1,0,0,1,1,medium,4,8.258,102271.93,74978.52
CLM004625,0,1,1,0,0,0,0,low,2,2.296,27738.11,22450.22
CLM004626,0,0,1,1,0,1,0,medium,3,4.808,37734.68,30684.47
CLM004627,0,0,1,0,0,0,0,low,1,0.718,9848.24,5269.32
CLM004628,0,1,1,1,0,1,0,high,4,9.608,122614.83,93911.89
CLM004629,1,1,1,0,1,1,0,medium,5,6.274,61432.99,53829.84
CLM004630,0,0,1,0,1,0,0,low,2,1.756,28503.68,20070.98
CLM004631,0,0,1,0,0,0,0,medium,1,1.257,12057.65,6841.23
CLM004632,0,1,1,0,1,1,0,high,4,12.67,211988.99,166291.45
CLM004633,0,0,1,1,0,0,0,low,2,2.163,34920.12,29634.23
CLM004634,0,0,1,0,0,0,0,low,1,0.812,14907.24,10614.22
CLM004635,0,1,0,0,0,0,1,low,2,2.46,37394.29,18163.77
CLM004636,0,0,1,0,0,0,0,medium,1,1.319,16617.69,2113.53
CLM004637,0,0,1,0,0,0,0,low,1,0.716,13836.04,5426.41
CLM004638,0,1,1,0,0,1,0,medium,3,4.287,38885.59,30220.06
CLM004639,0,1,1,1,0,0,0,medium,3,6.207,57636.42,30368.37
CLM004640,1,0,0,0,1,0,0,high,2,4.686,40193.26,22614.44
CLM004641,0,1,1,0,0,0,0,low,2,2.551,25480.13,21548.73
CLM004642,1,0,0,0,0,0,0,low,1,0.836,7577.31,0.0
CLM004643,0,1,1,0,0,0,0,medium,2,2.931,44361.53,26391.18
CLM004644,0,1,1,0,1,1,0,medium,4,4.101,51946.99,45240.06
CLM004645,0,0,1,0,0,0,0,low,1,0.77,13235.15,7730.8
CLM004646,0,0,1,0,1,0,0,low,2,1.509,23554.79,8774.36
CLM004647,0,0,1,0,0,0,0,low,1,0.77,8923.29,3705.53
CLM004648,0,0,1,0,0,0,0,low,1,0.999,13062.71,9427.22
CLM004649,0,1,1,0,1,1,1,high,5,15.5,229733.49,191102.16
CLM004650,0,0,1,1,0,1,0,high,3,7.146,149182.42,113731.88
CLM004651,1,1,1,0,1,0,0,high,4,11.218,161873.11,98487.7
CLM004652,1,0,1,0,0,1,0,low,3,3.395,37738.26,28568.37
CLM004653,0,1,1,0,1,1,0,medium,4,7.11,98298.6,66502.72
CLM004654,0,0,1,0,0,0,0,medium,1,1.187,19630.11,12596.79
CLM004655,0,1,1,0,0,0,0,low,2,2.129,27691.68,20861.13
CLM004656,0,0,1,0,0,0,0,low,1,0.926,12344.2,7568.12
CLM004657,1,0,0,0,0,0,0,medium,1,1.592,15797.96,7790.05
CLM004658,1,0,0,0,1,0,0,medium,2,3.139,20937.02,12842.95
CLM004659,0,1,1,0,1,0,0,medium,3,5.45,70757.36,48909.65
CLM004660,0,0,1,1,0,1,0,medium,3,4.325,33449.1,26158.47
CLM004661,0,1,1,0,1,1,0,high,4,9.93,155098.86,121081.39
CLM004662,1,0,1,0,1,1,0,high,4,12.109,121004.35,101617.01
CLM004663,1,1,1,1,0,1,0,high,5,16.749,186317.85,132612.75
CLM004664,1,0,1,0,0,0,0,low,2,2.466,46975.91,31069.93
CLM004665,0,0,0,0,0,1,1,medium,2,3.333,41954.97,36023.48
CLM004666,1,0,0,0,1,0,0,medium,2,2.143,37206.03,27314.02
CLM004667,1,0,0,0,1,1,0,medium,3,4.372,61936.71,51275.81
CLM004668,0,1,1,0,0,0,0,low,2,1.831,21498.73,8666.76
CLM004669,1,0,0,0,1,0,0,low,2,1.446,16666.79,4258.08
CLM004670,0,0,1,1,0,0,0,medium,2,3.824,68527.21,52475.69
CLM004671,0,1,1,0,1,0,0,medium,3,4.851,52869.03,41698.06
CLM004672,1,0,0,0,0,0,0,low,1,1.036,16272.96,11695.01
CLM004673,0,0,1,0,0,0,0,medium,1,1.66,19907.66,15099.51
CLM004674,0,1,1,0,1,1,0,high,4,10.184,91917.0,66101.55
CLM004675,0,0,1,0,0,0,0,low,1,0.81,9503.52,4316.64
CLM004676,0,0,1,0,0,0,0,low,1,1.123,15201.27,5393.43
CLM004677,1,0,0,0,1,0,0,medium,2,3.29,35561.52,21513.81
CLM004678,1,0,0,0,0,0,0,low,1,0.979,14604.33,10785.55
CLM004679,0,0,1,1,0,1,0,medium,3,5.039,53033.25,36959.67
CLM004680,0,0,1,0,0,0,1,high,2,6.606,84623.6,45264.54
CLM004681,0,0,0,1,0,0,0,medium,1,2.114,20702.88,14496.99
CLM004682,0,0,0,1,0,0,0,low,1,1.038,12600.24,7105.87
CLM004683,0,0,0,1,1,1,0,high,3,7.489,68956.98,42480.36
CLM004684,1,0,1,0,0,0,0,low,2,1.909,21593.37,16876.93
CLM004685,0,1,1,0,0,0,1,high,3,5.735,99850.36,74963.93
CLM004686,0,0,0,1,0,0,0,low,1,1.033,11846.21,6496.64
CLM004687,0,1,1,0,1,1,0,high,4,8.144,125804.05,83765.0
CLM004688,1,1,0,0,0,0,0,low,2,2.654,47773.24,37085.9
CLM004689,0,1,1,0,0,0,0,low,2,1.994,28903.02,20653.12
CLM004690,0,0,1,0,0,0,0,medium,1,0.822,13262.81,6748.09
CLM004691,1,0,0,0,1,0,0,low,2,1.639,14648.27,0.0
CLM004692,0,1,1,0,0,1,1,high,4,12.829,147097.43,115995.82
CLM004693,0,1,1,0,1,1,0,high,4,9.133,105938.3,94581.69
CLM004694,0,0,1,1,0,0,0,low,2,1.907,19631.43,11608.05
CLM004695,0,0,1,1,0,0,0,low,2,1.765,22459.63,11233.38
CLM004696,0,0,1,0,1,1,0,medium,3,4.459,54563.76,38673.42
CLM004697,0,0,1,0,0,0,0,low,1,0.802,12507.54,1512.18
CLM004698,0,0,1,1,0,1,0,medium,3,5.394,44436.73,27487.22
CLM004699,0,1,1,0,1,1,1,high,5,12.64,198192.99,173049.73
CLM004700,1,0,1,0,1,0,0,medium,3,4.477,57561.18,49244.13
CLM004701,1,1,0,0,0,1,0,medium,3,4.891,92787.55,81721.05
CLM004702,0,1,1,1,0,0,0,high,3,8.742,166413.6,115537.68
CLM004703,0,0,1,1,0,0,0,low,2,2.44,34810.81,15317.2
CLM004704,0,1,1,0,0,1,1,high,4,10.642,245226.58,182204.21
CLM004705,1,0,1,0,0,0,0,medium,2,3.236,28713.48,14072.25
CLM004706,0,0,1,0,1,0,0,low,2,1.4,18504.86,9475.68
CLM004707,1,0,0,0,1,0,0,medium,2,2.453,23712.18,14152.33
CLM004708,1,1,0,0,1,0,0,high,3,6.329,84423.62,45414.14
CLM004709,0,0,1,0,0,0,0,low,1,0.662,8647.82,0.0
CLM004710,0,1,1,0,1,0,0,high,3,8.367,100500.32,81160.24
CLM004711,0,0,1,0,0,0,0,low,1,0.907,8908.42,4434.36
CLM004712,0,1,0,0,0,0,0,low,1,1.01,9014.69,4036.56
CLM004713,1,0,1,0,0,0,0,medium,2,2.748,25575.88,3762.6
CLM004714,1,0,1,1,0,1,0,high,4,13.616,188269.49,135167.55
CLM004715,0,1,1,0,0,1,0,high,3,7.471,41984.21,15995.74
CLM004716,0,0,1,1,0,1,0,medium,3,3.563,62180.88,47230.47
CLM004717,1,0,0,0,1,0,0,low,2,1.495,18682.31,10686.89
CLM004718,0,1,1,0,1,0,0,medium,3,4.882,50057.6,38826.34
CLM004719,1,0,0,0,1,0,0,low,2,1.796,29759.81,26161.24
CLM004720,1,0,1,0,1,0,0,medium,3,4.423,46133.82,31807.0
CLM004721,0,1,1,0,1,0,1,high,4,11.468,126290.54,83404.06
CLM004722,0,0,1,0,0,0,0,low,1,0.957,12913.59,5415.54
CLM004723,0,0,0,1,1,0,1,high,3,10.522,133177.06,112769.57
CLM004724,0,0,1,0,0,0,0,medium,1,1.525,19118.32,12335.16
CLM004725,0,1,1,0,0,1,1,high,4,14.424,215896.76,155854.3
CLM004726,1,0,0,0,1,0,0,low,2,1.29,12076.29,3793.35
CLM004727,0,0,1,0,1,1,0,medium,3,3.902,50191.14,35988.48
CLM004728,0,0,1,1,0,1,0,medium,3,5.59,71380.1,47172.3
CLM004729,1,0,0,0,0,1,0,low,2,2.219,23239.63,14257.23
CLM004730,1,1,0,0,1,1,0,medium,4,5.361,48771.85,34367.13
CLM004731,0,0,1,1,0,0,0,low,2,2.208,20854.01,5553.45
CLM004732,0,0,1,1,0,0,0,low,2,1.437,27713.3,17947.17
CLM004733,0,0,1,0,0,0,0,low,1,0.784,9350.33,1588.99
CLM004734,1,0,0,0,1,0,0,medium,2,4.346,64235.09,42198.68
CLM004735,1,0,0,0,0,0,0,low,1,0.921,14233.2,8220.04
CLM004736,0,1,1,0,0,1,0,medium,3,4.979,80113.88,64499.36
CLM004737,1,1,0,1,1,1,0,high,5,13.622,210431.2,177694.46
CLM004738,0,0,1,0,1,1,0,high,3,5.977,92197.87,74030.01
CLM004739,0,1,1,0,0,0,0,low,2,1.87,17342.08,7043.0
CLM004740,1,0,0,0,1,1,0,high,3,6.51,85339.92,55216.54
CLM004741,0,1,1,0,1,0,0,medium,3,5.195,81154.94,69404.93
CLM004742,0,1,1,0,1,1,0,high,4,8.274,52312.8,36286.87
CLM004743,0,0,1,1,0,1,0,low,3,3.285,41322.7,30194.59
CLM004744,0,0,1,0,0,0,0,low,1,0.751,9995.0,0.0
CLM004745,1,0,1,0,1,1,1,high,5,9.994,80987.38,61298.36
CLM004746,0,1,1,0,1,1,0,high,4,11.432,150454.09,101367.84
CLM004747,0,0,0,1,0,0,0,medium,1,2.205,35357.98,26489.09
CLM004748,1,0,0,0,1,0,0,medium,2,2.572,43096.32,30659.58
CLM004749,0,1,1,0,0,0,0,medium,2,3.316,54379.16,40394.69
CLM004750,0,0,1,1,0,1,0,low,3,2.131,38601.88,25242.74
CLM004751,0,0,1,0,0,1,0,low,2,2.326,39829.53,31508.46
CLM004752,0,1,1,0,0,1,0,low,3,2.822,25299.57,16132.94
CLM004753,0,0,1,1,0,0,0,medium,2,4.152,41862.26,35950.95
CLM004754,1,0,0,0,1,1,1,high,4,11.725,120028.96,80058.34
CLM004755,0,1,1,0,0,1,1,high,4,12.173,194098.3,165153.57
CLM004756,0,0,0,1,0,1,0,medium,2,3.595,25524.93,18175.4
CLM004757,0,0,0,0,1,0,0,low,1,0.894,14939.14,8358.75
CLM004758,0,1,1,0,1,1,0,medium,4,6.217,75729.85,56614.62
CLM004759,0,0,1,0,1,0,0,high,2,3.714,49979.6,35212.7
CLM004760,0,1,0,0,0,1,1,high,3,8.199,89344.5,72022.14
CLM004761,0,0,1,1,0,0,0,low,2,1.803,22116.72,14644.44
CLM004762,0,0,0,0,0,1,0,low,1,1.107,13196.59,7730.81
CLM004763,0,0,0,0,0,1,1,low,2,2.42,34415.83,14720.98
CLM004764,0,1,1,0,1,1,0,medium,4,6.501,95715.27,86342.88
CLM004765,0,0,1,1,0,1,0,low,3,3.204,37746.89,32332.81
CLM004766,0,1,1,0,0,1,1,medium,4,8.509,170589.46,115984.34
CLM004767,0,0,1,0,0,1,1,medium,3,5.357,89573.7,78356.16
CLM004768,0,0,1,1,0,0,0,low,2,2.464,43277.48,34963.18
CLM004769,1,1,1,1,0,1,1,high,6,11.256,124874.0,93141.5
CLM004770,0,1,1,0,0,1,0,medium,3,4.118,51071.44,31376.2
CLM004771,1,0,1,1,0,0,0,medium,3,4.273,52988.28,23181.22
CLM004772,0,1,0,0,0,0,0,low,1,1.026,22939.41,2327.69
CLM004773,0,0,1,0,0,0,0,low,1,0.731,9128.3,0.0
CLM004774,0,0,1,1,0,0,0,high,2,5.445,77676.14,55162.69
CLM004775,0,0,0,0,1,0,0,low,1,0.948,14454.59,6253.41
CLM004776,0,1,1,0,1,1,0,high,4,7.215,111091.49,75054.25
CLM004777,0,1,1,0,0,0,0,low,2,1.978,22563.87,13959.27
CLM004778,1,0,1,0,1,0,0,medium,3,4.788,57572.92,43285.69
CLM004779,1,0,1,0,1,0,1,low,4,4.109,51942.89,39662.86
CLM004780,1,0,0,0,1,0,0,high,2,5.687,76139.88,47545.63
CLM004781,0,1,1,0,1,1,1,high,5,13.442,291057.67,211409.48
CLM004782,0,1,1,1,0,1,1,high,5,10.579,167549.84,120025.59
CLM004783,0,0,0,0,1,0,0,medium,1,1.559,21919.95,14131.06
CLM004784,0,0,0,0,0,1,0,low,1,1.181,16047.7,5406.57
CLM004785,0,0,1,1,0,0,0,low,2,2.214,27184.35,17527.19
CLM004786,0,1,1,0,1,1,0,high,4,8.816,89569.77,56605.5
CLM004787,0,1,1,0,1,1,0,high,4,10.283,142935.68,122854.17
CLM004788,0,1,1,0,1,1,0,medium,4,7.45,138702.61,110275.74
CLM004789,1,0,0,0,0,0,0,medium,1,1.665,31217.37,17751.93
CLM004790,1,0,0,0,1,1,0,high,3,10.482,203315.31,175018.64
CLM004791,0,1,1,0,1,0,0,medium,3,4.63,84703.37,68901.35
CLM004792,1,0,1,1,0,0,1,medium,4,6.308,92919.54,78369.49
CLM004793,1,0,0,0,1,1,0,medium,3,4.77,55641.99,38982.1
CLM004794,0,0,1,0,0,0,1,medium,2,2.678,30583.63,23388.32
CLM004795,1,1,1,0,1,0,0,medium,4,5.392,91499.68,57434.58
CLM004796,0,0,1,0,0,0,0,low,1,0.812,7122.47,4728.33
CLM004797,0,0,1,1,0,1,0,medium,3,4.342,63748.84,43466.86
CLM004798,0,1,1,0,0,0,1,medium,3,6.358,100638.85,77660.1
CLM004799,0,1,1,1,1,1,0,high,5,12.647,207633.55,138724.39
CLM004800,1,0,1,1,1,1,0,high,5,16.953,149437.51,133482.87
CLM004801,0,1,1,0,1,1,0,high,4,10.341,108508.78,49449.49
CLM004802,0,1,1,0,1,1,0,high,4,11.013,158498.64,124975.18
CLM004803,1,0,0,0,1,0,0,low,2,1.555,8014.3,0.0
CLM004804,1,0,1,0,1,0,0,low,3,2.525,33459.63,16384.77
CLM004805,0,0,1,0,0,0,0,low,1,0.896,11133.73,6109.54
CLM004806,0,1,1,0,0,1,0,high,3,6.683,102570.23,69553.54
CLM004807,1,0,0,1,1,0,0,medium,3,4.29,40333.66,27849.54
CLM004808,0,1,1,0,1,1,0,low,4,3.196,42408.82,29745.34
CLM004809,0,0,1,1,0,1,0,medium,3,5.459,94798.21,74378.31
CLM004810,0,1,1,1,0,1,0,medium,4,6.888,96600.8,82414.89
CLM004811,0,0,1,0,0,0,0,low,1,0.915,10857.53,4632.97
CLM004812,0,1,1,0,0,1,0,medium,3,4.398,34348.86,21367.6
CLM004813,1,1,0,0,1,0,0,medium,3,5.149,70097.77,56817.47
CLM004814,0,1,1,0,1,0,0,medium,3,4.911,64417.85,42787.53
CLM004815,0,1,1,0,1,1,0,high,4,11.275,157959.39,112617.09
CLM004816,0,0,1,0,0,0,1,medium,2,3.955,45302.14,21148.35
CLM004817,0,1,1,0,1,0,0,high,3,5.957,67952.91,39187.85
CLM004818,0,0,0,0,1,0,0,low,1,0.774,8638.88,0.0
CLM004819,1,0,0,0,1,1,0,medium,3,4.144,57123.79,45848.76
CLM004820,0,1,1,0,0,1,1,medium,4,8.378,119898.49,85904.61
CLM004821,1,0,0,0,1,0,0,medium,2,3.669,59948.18,45455.42
CLM004822,0,0,1,0,0,0,0,low,1,1.116,17676.6,2487.74
CLM004823,0,0,1,0,0,0,0,low,1,0.665,5650.41,0.0
CLM004824,0,1,1,0,1,1,0,high,4,8.66,105476.33,73761.18
CLM004825,0,0,1,0,0,0,0,low,1,0.83,6979.88,3975.09
CLM004826,1,0,0,0,1,1,0,high,3,5.643,67836.34,40495.49
CLM004827,1,0,0,0,1,0,0,low,2,1.86,16424.18,4304.05
CLM004828,0,0,1,0,0,0,0,low,1,1.075,13127.08,9715.9
CLM004829,1,0,0,0,1,0,0,medium,2,2.611,37563.88,30978.5
CLM004830,1,0,0,0,1,1,0,high,3,5.822,38503.22,31779.11
CLM004831,0,1,1,1,0,1,0,medium,4,7.398,101525.89,77521.17
CLM004832,0,0,1,0,1,1,0,medium,3,4.649,62003.18,39743.44
CLM004833,0,1,1,0,1,0,0,high,3,7.269,112905.82,69178.41
CLM004834,0,0,1,0,0,1,0,medium,2,3.553,61925.5,45390.22
CLM004835,0,0,1,1,0,1,0,high,3,8.672,123017.82,100845.09
CLM004836,0,1,1,1,1,1,0,high,5,12.651,124140.07,86588.86
CLM004837,1,0,1,1,1,1,0,medium,5,6.526,120495.66,89838.04
CLM004838,0,0,1,0,0,1,0,medium,2,2.37,37369.21,25824.45
CLM004839,0,1,1,0,1,1,0,medium,4,6.601,82696.09,70367.9
CLM004840,0,0,0,1,0,1,0,low,2,2.004,22707.72,7268.72
CLM004841,0,0,1,0,0,0,0,low,1,0.977,14900.32,9139.68
CLM004842,0,1,1,0,0,0,1,high,3,6.668,110728.12,59607.01
CLM004843,1,0,0,0,0,0,0,low,1,0.978,14325.68,9278.03
CLM004844,0,0,1,1,0,1,0,high,3,6.134,73443.63,61580.43
CLM004845,0,0,1,1,0,0,0,low,2,1.996,36149.33,27766.54
CLM004846,0,0,1,0,0,0,0,low,1,0.987,14299.5,0.0
CLM004847,0,0,1,0,1,1,0,medium,3,4.782,36762.98,22253.83
CLM004848,1,0,1,0,1,1,0,medium,4,6.39,62672.08,44363.62
CLM004849,1,0,1,0,0,0,0,low,2,2.433,33640.99,25663.68
CLM004850,0,0,1,1,0,0,0,low,2,1.953,19261.74,12092.68
CLM004851,0,1,0,0,0,1,0,medium,2,3.826,54043.65,43430.13
CLM004852,1,1,1,0,0,1,0,medium,4,5.383,49991.03,34158.43
CLM004853,0,1,1,0,1,1,0,high,4,13.033,243719.41,160600.18
CLM004854,0,1,1,0,1,1,1,medium,5,6.475,112322.88,103633.99
CLM004855,0,1,1,0,0,1,1,high,4,9.902,186314.54,153004.73
CLM004856,0,1,1,0,0,0,0,low,2,2.323,29072.78,24498.97
CLM004857,1,0,0,0,1,1,0,medium,3,5.425,51588.73,36027.67
CLM004858,0,0,1,0,0,0,0,medium,1,1.298,15358.99,8427.04
CLM004859,1,0,0,0,1,1,0,high,3,5.91,76502.37,51709.62
CLM004860,1,0,0,0,1,0,0,low,2,1.52,19314.02,10545.35
CLM004861,1,0,1,0,0,0,0,medium,2,3.301,32278.07,26200.64
CLM004862,0,0,1,0,0,1,0,low,2,1.519,24342.13,17447.46
CLM004863,0,1,1,1,0,1,0,high,4,12.955,120479.49,101367.01
CLM004864,1,0,0,0,1,0,0,medium,2,3.086,39026.5,27808.34
CLM004865,0,0,1,0,1,0,0,medium,2,2.421,22507.78,13236.26
CLM004866,1,0,1,1,1,1,0,high,5,12.897,222603.69,193286.06
CLM004867,0,0,1,0,1,1,0,medium,3,3.1,44111.19,31471.96
CLM004868,1,1,0,1,1,0,0,medium,4,5.472,66290.77,42724.78
CLM004869,1,0,0,0,1,1,0,low,3,2.932,31596.55,16815.84
CLM004870,1,0,0,0,1,1,0,medium,3,4.665,79235.9,66720.94
CLM004871,1,0,1,0,1,1,0,medium,4,5.6,51519.35,37386.72
CLM004872,1,0,0,1,1,1,0,high,4,11.469,146100.77,114388.11
CLM004873,0,0,1,0,0,1,1,high,3,8.569,130334.34,114586.57
CLM004874,0,1,1,0,1,1,0,medium,4,4.708,86250.18,71763.76
CLM004875,0,1,1,0,1,0,0,medium,3,3.437,45506.22,20298.02
CLM004876,0,0,1,0,0,1,0,medium,2,2.817,23602.77,16429.7
CLM004877,0,0,1,1,0,0,0,medium,2,3.691,49536.42,31868.84
CLM004878,0,1,1,0,1,1,0,high,4,8.342,145027.15,110138.61
CLM004879,1,0,0,0,1,0,0,low,2,1.437,16129.19,7096.0
CLM004880,0,1,1,0,0,1,0,medium,3,4.925,58446.2,37442.08
CLM004881,0,0,1,0,1,0,1,low,3,2.368,31022.78,20775.01
CLM004882,0,0,1,1,0,0,0,medium,2,3.354,35863.2,23593.06
CLM004883,1,1,1,0,0,1,0,medium,4,7.884,133273.97,112228.63
CLM004884,1,1,1,0,0,1,0,medium,4,6.153,81485.54,69875.46
CLM004885,1,0,0,0,0,0,0,medium,1,1.837,19935.48,10289.76
CLM004886,1,0,1,0,1,0,0,medium,3,4.573,75084.26,58790.78
CLM004887,0,0,1,0,0,0,0,medium,1,1.347,20840.75,7324.83
CLM004888,0,0,0,0,0,1,0,low,1,0.918,10111.54,6293.67
CLM004889,0,0,1,0,0,0,0,medium,1,1.352,13970.83,8122.83
CLM004890,0,1,1,0,0,1,0,medium,3,3.922,39061.44,27982.3
CLM004891,0,0,1,0,1,1,0,medium,3,3.41,38820.52,19346.23
CLM004892,0,0,1,0,0,0,1,medium,2,2.494,36437.35,20563.16
CLM004893,0,1,1,0,0,1,0,high,3,6.95,132591.98,111235.22
CLM004894,1,0,0,0,1,1,0,medium,3,4.174,50025.96,20474.38
CLM004895,0,0,1,0,0,1,0,low,2,2.034,17826.53,10851.08
CLM004896,1,0,0,0,1,1,0,medium,3,4.192,67804.57,45436.5
CLM004897,0,0,1,0,1,0,0,medium,2,3.161,37268.13,17442.84
CLM004898,1,0,1,1,0,1,0,high,4,12.95,172894.81,127257.03
CLM004899,1,0,0,0,0,1,0,low,2,2.335,46442.77,31253.14
CLM004900,0,0,1,1,0,0,1,medium,3,5.566,59760.04,41361.11
CLM004901,1,0,1,0,0,0,0,medium,2,3.905,37602.88,28671.24
CLM004902,1,0,1,0,0,0,0,low,2,1.792,15433.14,8342.62
CLM004903,0,0,1,0,0,0,0,low,1,0.988,14970.92,8843.68
CLM004904,0,0,1,0,1,0,0,low,2,1.663,11266.05,7075.28
CLM004905,1,0,0,0,0,0,0,low,1,1.056,11960.71,0.0
CLM004906,1,0,1,1,0,1,0,medium,4,5.139,69954.83,57927.76
CLM004907,0,0,1,0,1,0,0,medium,2,2.821,23316.82,18762.67
CLM004908,1,0,0,0,1,0,0,high,2,4.503,54897.72,33197.95
CLM004909,1,0,0,0,1,0,0,medium,2,2.889,47708.66,38400.87
CLM004910,0,0,1,0,0,1,1,medium,3,6.29,76186.71,55385.26
CLM004911,1,0,0,0,0,0,0,medium,1,1.353,17581.78,9553.81
CLM004912,0,1,1,1,1,1,1,high,6,19.746,240595.91,213443.85
CLM004913,0,0,1,0,0,1,1,medium,3,4.885,52391.39,38924.9
CLM004914,0,0,1,0,0,0,0,low,1,0.75,7995.66,3742.55
CLM004915,0,1,1,0,0,0,0,medium,2,3.142,57455.79,48972.89
CLM004916,0,0,1,0,0,0,0,medium,1,1.649,21057.57,15582.33
CLM004917,0,0,1,1,1,0,0,low,3,3.365,28008.55,16948.54
CLM004918,1,0,0,0,0,0,0,medium,1,1.612,27226.56,17221.86
CLM004919,0,1,1,0,0,0,0,low,2,2.234,32325.7,25653.31
CLM004920,0,0,0,0,1,0,0,low,1,0.547,7882.24,3760.45
CLM004921,1,0,1,1,1,1,0,high,5,11.925,178595.08,157452.15
CLM004922,0,0,1,1,0,0,0,medium,2,4.382,62667.92,38652.74
CLM004923,1,1,0,0,1,1,0,high,4,11.276,145824.41,85404.95
CLM004924,0,1,1,0,1,0,0,high,3,6.615,107883.4,91546.27
CLM004925,0,0,1,1,0,1,0,medium,3,4.496,67331.69,42369.1
CLM004926,0,0,1,0,0,0,0,low,1,0.695,9709.41,6069.37
CLM004927,1,0,0,0,1,1,0,medium,3,4.372,62278.2,51591.69
CLM004928,0,0,1,0,0,0,0,low,1,0.915,11070.15,7418.51
CLM004929,0,0,1,0,0,0,0,low,1,0.958,13323.24,4141.73
CLM004930,0,0,0,0,1,0,0,low,1,0.749,11697.4,4343.7
CLM004931,0,0,0,0,0,0,1,low,1,1.356,24885.07,19140.02
CLM004932,0,0,1,0,1,1,1,medium,4,6.687,52702.42,36290.3
CLM004933,1,0,0,0,1,0,0,medium,2,3.72,34648.4,11997.55
CLM004934,1,0,1,0,1,0,0,medium,3,5.62,58738.22,48150.38
CLM004935,1,0,0,0,1,0,0,low,2,1.753,21485.19,13546.81
CLM004936,0,1,1,1,1,1,0,medium,5,8.369,77985.68,64820.16
CLM004937,0,0,1,1,0,0,0,low,2,1.946,23130.69,17820.61
CLM004938,0,0,1,0,0,0,0,low,1,0.81,13996.57,1338.11
CLM004939,1,0,0,0,1,0,0,medium,2,2.706,21830.14,13066.43
CLM004940,1,0,0,0,1,1,1,high,4,9.669,190175.89,123740.99
CLM004941,1,0,0,1,1,1,0,medium,4,6.647,96019.71,78113.64
CLM004942,0,0,1,0,0,0,0,low,1,0.92,7262.41,1135.11
CLM004943,1,1,1,0,0,1,0,medium,4,7.396,118289.05,108288.94
CLM004944,0,0,1,1,1,1,0,high,4,8.784,80169.92,43900.92
CLM004945,0,0,1,1,0,0,0,low,2,1.81,17745.24,10619.93
CLM004946,1,0,1,0,1,0,0,medium,3,3.383,26470.23,18691.25
CLM004947,1,0,0,0,1,1,0,medium,3,3.624,35732.9,25822.79
CLM004948,1,0,0,1,1,1,0,medium,4,7.141,86931.43,63935.61
CLM004949,0,1,1,0,0,0,0,medium,2,2.953,53373.68,38303.31
CLM004950,1,0,0,0,0,0,0,medium,1,1.299,13927.82,582.34
CLM004951,1,1,1,1,0,0,1,high,5,18.939,213023.49,193762.11
CLM004952,0,1,1,0,0,0,1,medium,3,4.896,59330.9,46885.6
CLM004953,1,0,0,0,1,1,0,medium,3,4.918,79532.9,49860.4
CLM004954,1,0,0,0,1,0,0,medium,2,3.336,25170.64,7941.56
CLM004955,0,1,1,0,1,1,0,high,4,9.423,102229.92,66361.29
CLM004956,0,1,1,1,0,0,1,high,4,13.624,235443.63,200928.9
CLM004957,1,0,0,0,0,0,0,low,1,0.82,12863.01,1829.3
CLM004958,1,0,1,0,0,0,0,medium,2,3.232,33899.15,20903.84
CLM004959,0,0,1,0,0,1,0,medium,2,2.968,31963.34,24036.89
CLM004960,0,1,1,0,0,1,1,high,4,15.536,222496.98,183522.59
CLM004961,0,1,1,1,1,1,1,high,6,16.628,306718.38,252722.34
CLM004962,1,0,0,0,1,0,0,high,2,4.421,87045.76,71443.16
CLM004963,1,0,0,0,0,0,0,low,1,0.848,9612.95,6375.71
CLM004964,1,0,1,0,0,0,0,low,2,1.977,23241.25,18596.1
CLM004965,1,0,0,0,0,1,0,medium,2,3.008,50732.61,29659.39
CLM004966,1,0,0,0,0,1,0,low,2,2.215,39247.43,20587.51
CLM004967,0,1,1,0,1,0,0,high,3,6.335,105110.7,67596.27
CLM004968,1,0,0,1,0,0,0,medium,2,4.37,72719.54,61956.46
CLM004969,0,0,1,0,0,0,1,low,2,1.505,21755.97,7961.59
CLM004970,0,0,1,0,0,1,0,high,2,5.451,72350.83,65915.78
CLM004971,0,0,1,1,1,0,0,low,3,2.415,24250.69,6663.14
CLM004972,0,0,0,1,0,0,0,low,1,1.433,19439.22,8771.15
CLM004973,0,0,1,0,1,0,0,low,2,1.934,25909.84,4994.17
CLM004974,0,1,0,0,0,1,0,low,2,2.07,23662.82,15027.86
CLM004975,1,0,1,0,0,0,0,low,2,1.545,18021.17,3364.39
CLM004976,0,0,1,0,0,1,0,low,2,1.381,19102.47,12164.29
CLM004977,1,1,0,0,1,0,0,low,3,2.349,23746.68,9253.64
CLM004978,0,1,1,0,1,1,0,high,4,13.498,151062.66,122066.28
CLM004979,0,0,1,1,0,0,0,medium,2,3.25,47082.41,35251.18
CLM004980,0,0,1,0,1,1,0,high,3,8.18,86954.9,75067.69
CLM004981,0,0,1,1,0,1,0,medium,3,4.492,29755.32,18436.64
CLM004982,0,0,1,0,0,0,0,medium,1,1.414,17051.85,5067.89
CLM004983,0,0,1,0,1,1,0,low,3,2.452,20185.16,12669.2
CLM004984,0,0,1,0,0,1,0,low,2,1.899,23151.24,14277.57
CLM004985,0,0,0,0,1,0,0,low,1,0.709,6844.19,861.61
CLM004986,1,0,1,0,1,1,0,low,4,2.989,41253.01,33706.34
CLM004987,0,1,1,0,1,1,0,high,4,7.564,90731.78,51218.87
CLM004988,0,1,1,0,1,0,0,high,3,9.351,92537.64,67669.99
CLM004989,0,0,1,0,1,1,0,high,3,5.955,78421.92,31987.15
CLM004990,1,0,0,0,1,0,0,low,2,2.181,29767.74,16053.42
CLM004991,0,1,1,0,1,0,0,high,3,7.344,61003.92,21673.57
CLM004992,1,0,0,0,1,1,0,low,3,3.891,66501.69,54160.13
CLM004993,1,1,1,0,0,0,0,low,3,2.872,44873.15,36846.11
CLM004994,0,1,1,1,0,0,0,medium,3,6.084,79619.74,70253.53
CLM004995,1,0,0,0,1,1,0,high,3,8.385,71488.12,49784.54
CLM004996,0,1,1,0,1,1,0,high,4,10.301,155715.02,129428.37
CLM004997,1,0,0,0,1,1,0,medium,3,4.81,60394.95,53542.74
CLM004998,1,0,0,0,1,0,0,high,2,4.595,73301.98,49034.27
CLM004999,0,0,1,0,0,0,0,low,1,0.543,6483.55,0.0
CLM005000,1,0,1,0,1,0,0,low,3,3.256,36651.25,26086.54
CLM005001,1,0,0,0,1,1,0,medium,3,5.051,51062.07,40076.08
CLM005002,0,0,1,1,0,1,0,high,3,7.108,140135.68,100385.56
CLM005003,0,1,1,0,1,0,0,medium,3,6.547,123200.51,106361.27
CLM005004,0,1,1,1,1,0,0,low,4,3.699,56287.14,46119.82
CLM005005,0,0,0,1,0,0,0,low,1,1.019,13559.72,0.0
CLM005006,0,1,1,0,1,1,0,high,4,7.402,91602.96,74088.1
CLM005007,0,1,1,0,1,0,0,high,3,6.087,86829.81,51741.15
CLM005008,0,1,1,1,0,1,0,medium,4,7.312,68277.46,39738.65
CLM005009,0,0,0,0,0,1,0,low,1,0.854,6543.57,3481.71
CLM005010,0,1,1,0,0,0,0,low,2,1.733,31644.87,21032.16
CLM005011,0,0,1,0,0,1,0,medium,2,2.666,33783.7,26819.22
CLM005012,0,1,1,0,0,0,0,medium,2,2.912,41729.88,35348.12
CLM005013,1,0,0,0,1,1,0,high,3,7.258,75338.58,65021.63
CLM005014,1,1,1,1,1,1,0,high,6,13.31,185587.66,143423.41
CLM005015,1,0,0,0,1,1,0,medium,3,4.096,33564.66,25977.79
CLM005016,1,0,0,0,0,1,0,medium,2,3.427,53571.08,38489.14
CLM005017,1,0,0,0,1,1,0,high,3,6.482,94404.91,66836.01
CLM005018,0,0,1,1,0,1,0,medium,3,6.244,106710.23,88580.33
CLM005019,0,0,0,0,0,1,0,low,1,0.951,12996.5,9478.13
CLM005020,0,0,1,1,0,0,0,low,2,2.773,41290.12,29536.11
CLM005021,1,0,0,0,0,0,0,medium,1,1.903,21869.93,13357.39
CLM005022,0,1,1,0,1,1,0,high,4,9.133,103776.13,78927.79
CLM005023,0,1,1,0,0,0,0,low,2,2.483,33054.89,21006.45
CLM005024,0,0,0,0,1,1,0,low,2,1.452,24356.14,17898.31
CLM005025,0,1,1,0,1,1,0,high,4,7.456,102185.68,79522.7
CLM005026,1,1,1,0,1,0,0,medium,4,9.067,77887.81,52265.44
CLM005027,1,0,0,0,1,0,0,medium,2,3.026,33603.92,12262.95
CLM005028,1,0,1,0,0,0,0,low,2,2.389,49287.9,28935.54
CLM005029,1,1,1,1,0,0,0,high,4,11.149,235510.82,198528.72
CLM005030,0,1,1,1,0,0,0,medium,3,5.295,45397.8,35142.34
CLM005031,1,0,1,0,0,0,0,medium,2,2.044,19257.37,6647.47
CLM005032,0,0,1,0,1,0,0,low,2,1.224,19924.09,12601.73
CLM005033,1,0,0,0,1,0,0,low,2,1.872,23294.35,17438.86
CLM005034,0,1,1,0,1,1,0,high,4,8.944,191487.54,145082.2
CLM005035,1,0,1,1,0,1,0,low,4,3.891,65249.65,45598.21
CLM005036,1,0,0,0,0,0,0,low,1,1.109,9112.65,0.0
CLM005037,0,0,1,0,0,0,0,low,1,0.571,10052.22,4269.62
CLM005038,0,0,1,0,0,0,0,low,1,0.953,17257.9,9762.19
CLM005039,0,0,1,1,0,0,0,medium,2,3.484,67943.87,52039.85
CLM005040,0,0,1,1,1,0,0,high,3,8.762,140907.95,101714.29
CLM005041,1,0,1,0,0,0,0,low,2,1.96,20700.5,13465.44
CLM005042,0,0,1,1,0,1,0,medium,3,5.39,71089.73,44018.54
CLM005043,1,1,1,0,0,1,1,high,5,15.711,196682.37,155668.06
CLM005044,1,1,0,0,1,0,0,medium,3,6.041,126592.35,109405.63
CLM005045,0,0,1,1,0,1,0,medium,3,4.609,30418.67,20761.99
CLM005046,0,0,1,0,0,0,0,low,1,0.802,8735.85,4132.64
CLM005047,1,1,1,0,0,1,0,high,4,14.513,230977.55,190605.67
CLM005048,0,0,1,1,1,1,0,high,4,12.615,149099.11,118627.63
CLM005049,1,1,1,0,1,0,0,high,4,6.709,109049.09,98039.58
CLM005050,1,0,0,0,0,0,0,low,1,1.021,16197.76,11208.24
CLM005051,1,0,0,0,1,0,0,medium,2,2.691,26817.21,17145.9
CLM005052,1,1,1,0,1,1,0,high,5,10.802,121201.57,88528.1
CLM005053,0,0,1,1,0,0,0,low,2,1.401,14485.51,9443.3
CLM005054,1,1,1,0,0,1,1,high,5,16.402,319907.21,259967.97
CLM005055,1,0,1,0,0,0,0,low,2,1.731,21166.55,15396.7
CLM005056,0,0,1,0,0,0,0,low,1,0.61,5414.46,2265.45
CLM005057,0,1,1,0,0,1,0,low,3,2.892,47317.38,36254.4
CLM005058,0,1,1,0,1,0,0,medium,3,4.313,66077.98,55283.35
CLM005059,0,0,0,0,1,0,0,low,1,0.65,8229.85,5103.27
CLM005060,1,0,1,1,0,0,0,medium,3,4.319,43902.66,27962.58
CLM005061,0,0,1,1,0,0,0,low,2,1.94,20435.95,9391.59
CLM005062,1,1,0,0,1,1,0,medium,4,6.162,69369.62,55921.83
CLM005063,0,1,1,1,0,0,0,medium,3,4.976,56691.07,46484.48
CLM005064,0,0,1,1,0,1,0,low,3,3.047,24101.94,11916.24
CLM005065,1,0,1,1,0,0,0,medium,3,5.373,62118.85,47891.04
CLM005066,1,0,0,0,0,0,0,medium,1,1.761,15682.38,10011.32
CLM005067,0,1,1,0,0,0,1,high,3,12.656,174241.26,154239.07
CLM005068,1,1,1,0,0,0,0,medium,3,5.261,57982.93,52207.73
CLM005069,0,0,1,1,0,0,0,high,2,5.911,65370.99,52968.95
CLM005070,0,1,1,0,1,0,0,medium,3,4.894,81707.77,58061.84
CLM005071,1,0,0,0,0,0,0,low,1,0.869,11653.86,3466.74
CLM005072,0,0,1,0,1,0,0,low,2,1.727,37058.36,27338.31
CLM005073,1,1,1,0,1,1,0,medium,5,9.496,91292.16,59592.22
CLM005074,0,1,1,0,1,1,0,medium,4,6.059,63161.22,57747.49
CLM005075,0,0,1,1,0,0,0,low,2,1.906,19984.97,8456.2
CLM005076,1,0,0,1,1,1,0,medium,4,6.667,80307.05,60137.22
CLM005077,1,0,0,0,1,0,0,medium,2,2.572,27741.85,9516.75
CLM005078,0,0,1,0,0,0,1,low,2,1.993,26147.0,17163.44
CLM005079,0,0,1,0,0,1,0,medium,2,3.172,54502.06,30758.61
CLM005080,0,1,1,0,1,0,0,high,3,8.948,114706.12,105532.5
CLM005081,1,0,0,0,0,0,0,low,1,1.05,12800.88,7971.98
CLM005082,0,0,1,0,0,0,0,low,1,0.63,7849.13,0.0
CLM005083,1,0,0,0,1,0,0,low,2,1.743,19351.0,10482.69
CLM005084,0,0,1,0,0,0,0,low,1,0.671,7814.13,4538.26
CLM005085,0,1,1,0,1,1,0,medium,4,6.093,72834.44,57179.99
CLM005086,0,0,0,0,0,1,0,medium,1,1.582,24210.02,12326.8
CLM005087,1,1,0,0,1,0,0,low,3,2.823,44650.39,36401.43
CLM005088,1,0,0,1,0,0,0,high,2,6.396,65082.66,45977.23
CLM005089,0,0,1,1,0,0,1,high,3,9.908,200389.07,172809.55
CLM005090,1,0,1,0,0,1,0,low,3,3.231,65566.82,45605.92
CLM005091,0,1,1,0,1,0,0,low,3,3.261,37789.61,15245.12
CLM005092,0,0,1,0,0,0,0,low,1,0.874,7079.26,0.0
CLM005093,0,0,1,0,1,0,0,low,2,1.599,14071.87,3684.35
CLM005094,1,0,1,0,1,0,0,medium,3,4.967,52011.67,28278.21
CLM005095,0,1,1,1,0,1,0,medium,4,6.481,86810.85,62465.45
CLM005096,0,0,1,1,0,0,0,low,2,1.618,23189.62,15914.55
CLM005097,0,0,1,0,0,0,0,low,1,0.652,6455.19,0.0
CLM005098,0,0,1,0,0,0,0,low,1,0.953,9419.61,3845.44
CLM005099,1,0,1,0,0,1,0,medium,3,3.335,49950.47,27492.7
CLM005100,0,0,1,0,0,0,0,low,1,0.945,18053.49,10284.9
CLM005101,0,1,0,0,1,1,0,high,3,7.491,123517.94,81031.78
CLM005102,0,1,1,0,1,1,0,high,4,11.441,231408.93,171257.82
CLM005103,1,0,1,0,0,0,0,low,2,1.706,24555.94,8745.81
CLM005104,0,1,1,1,1,0,0,high,4,12.865,131423.4,110356.06
CLM005105,1,0,0,0,0,1,0,medium,2,4.484,49998.56,33302.72
CLM005106,0,0,1,0,0,0,0,low,1,0.811,7108.98,0.0
CLM005107,1,0,1,0,0,0,0,low,2,1.617,19345.51,13715.27
CLM005108,1,0,0,0,0,0,0,low,1,0.95,9179.49,0.0
CLM005109,1,0,0,1,0,1,0,high,3,6.394,105717.11,83740.79
CLM005110,1,1,1,1,1,0,0,medium,5,6.951,139897.15,126073.16
CLM005111,0,1,1,0,0,1,0,high,3,7.744,110796.97,70833.0
CLM005112,0,0,1,1,0,1,0,low,3,3.057,44605.96,27415.88
CLM005113,0,0,1,0,0,0,0,low,1,0.64,6588.48,1254.58
CLM005114,0,1,1,0,0,0,0,low,2,1.839,21407.99,17086.08
CLM005115,1,0,0,0,1,1,0,medium,3,4.859,62472.72,36950.07
CLM005116,0,0,1,1,0,0,0,low,2,2.086,34298.87,22251.83
CLM005117,1,1,0,0,1,0,0,medium,3,5.019,53421.58,40094.25
CLM005118,0,0,1,1,0,1,0,medium,3,5.39,50704.72,34914.56
CLM005119,0,0,1,1,1,0,0,low,3,3.491,42626.78,34485.95
CLM005120,0,1,1,0,0,1,0,medium,3,5.893,75387.5,51921.99
CLM005121,0,0,1,1,0,0,0,medium,2,3.33,45418.98,25506.5
CLM005122,0,0,1,1,0,1,0,medium,3,4.972,62215.77,52243.56
CLM005123,0,1,1,1,0,0,0,low,3,2.782,42091.08,34108.33
CLM005124,1,1,1,0,1,0,0,medium,4,7.63,139976.0,102950.45
CLM005125,1,0,0,1,1,1,1,high,5,13.166,207628.05,175915.26
CLM005126,0,0,1,1,0,0,0,medium,2,3.024,57199.33,48579.14
CLM005127,1,0,0,0,0,0,0,low,1,1.204,13200.46,9522.15
CLM005128,1,0,0,0,1,0,0,medium,2,2.623,39969.84,30674.06
CLM005129,1,0,0,0,1,0,0,high,2,4.017,40547.5,22113.57
CLM005130,0,1,1,0,1,0,0,medium,3,3.078,34363.82,21633.6
CLM005131,1,0,0,0,1,1,0,medium,3,4.704,59427.11,41649.64
CLM005132,0,0,1,0,0,0,0,low,1,1.025,13144.78,7445.13
CLM005133,0,1,1,1,0,1,1,high,5,12.483,218142.38,153987.31
CLM005134,0,0,0,0,1,1,0,medium,2,2.43,36726.44,21057.82
CLM005135,0,1,1,0,1,1,0,medium,4,6.632,96996.74,86746.71
CLM005136,1,0,0,1,0,1,0,medium,3,5.069,77909.76,58243.35
CLM005137,1,0,0,0,0,1,0,medium,2,3.423,47909.85,39345.0
CLM005138,1,0,1,1,1,0,0,medium,4,4.898,98026.25,75388.0
CLM005139,1,0,0,0,1,1,0,high,3,7.819,110529.09,80000.22
CLM005140,0,1,1,0,0,0,0,low,2,2.129,33809.88,25728.92
CLM005141,1,0,1,1,0,0,0,medium,3,4.174,46889.33,30733.52
CLM005142,1,1,0,1,1,0,0,high,4,14.519,174619.55,138526.2
CLM005143,0,1,1,0,0,0,0,medium,2,3.386,69206.61,45479.71
CLM005144,1,0,0,0,1,1,0,high,3,8.391,79753.44,38664.51
CLM005145,0,0,1,0,0,1,0,medium,2,3.735,30687.57,20974.08
CLM005146,0,0,1,1,0,0,0,low,2,2.326,35308.12,22381.49
CLM005147,1,0,1,0,0,1,0,high,3,7.937,92748.28,55244.07
CLM005148,0,0,1,0,0,1,1,medium,3,5.214,61731.76,42208.58
CLM005149,0,0,1,0,0,0,0,low,1,0.964,9108.49,0.0
CLM005150,1,0,0,0,1,0,0,low,2,1.56,16409.17,12581.6
CLM005151,0,0,1,0,1,0,0,low,2,1.679,23618.49,16542.45
CLM005152,0,0,1,0,0,1,0,low,2,1.468,24923.59,20342.45
CLM005153,0,0,1,1,0,1,0,high,3,5.789,77971.64,68440.18
CLM005154,1,0,0,0,1,1,0,medium,3,4.959,61667.82,49059.71
CLM005155,0,1,1,0,0,1,0,low,3,2.846,40202.19,32776.86
CLM005156,0,0,1,1,1,0,0,medium,3,3.857,45820.11,26042.54
CLM005157,1,1,1,0,1,0,0,medium,4,6.87,78477.47,50524.49
CLM005158,0,0,0,0,1,1,0,medium,2,2.67,31098.54,22595.04
CLM005159,1,1,1,0,1,0,0,high,4,9.284,128965.16,94908.74
CLM005160,1,0,1,1,1,1,0,high,5,15.23,213555.11,156557.06
CLM005161,0,1,1,0,1,1,0,high,4,8.046,109517.27,81046.76
CLM005162,1,1,0,0,0,0,0,low,2,1.807,21084.18,9929.33
CLM005163,1,0,0,0,0,0,0,low,1,0.882,15577.18,10693.79
CLM005164,1,0,1,0,1,0,0,medium,3,2.646,24339.11,18077.57
CLM005165,1,0,1,0,0,0,0,low,2,1.95,18660.98,10038.35
CLM005166,0,1,1,1,1,1,0,high,5,10.83,86159.2,56988.79
CLM005167,0,1,1,0,1,0,0,high,3,6.671,124658.6,104535.43
CLM005168,1,0,1,1,0,1,1,medium,5,7.107,110893.41,85182.59
CLM005169,0,0,0,0,0,1,0,low,1,0.813,10886.4,954.35
CLM005170,0,1,1,0,0,1,0,high,3,7.356,112462.87,104667.95
CLM005171,1,0,0,0,1,1,0,low,3,2.168,14421.19,6962.07
CLM005172,0,0,0,1,0,0,0,low,1,0.898,9256.78,0.0
CLM005173,0,0,0,0,1,1,0,low,2,1.724,26277.37,15907.76
CLM005174,0,1,1,0,0,1,0,high,3,8.106,92178.56,79114.9
CLM005175,0,1,1,1,0,1,1,medium,5,9.337,147729.38,123968.19
CLM005176,0,1,1,0,1,0,0,low,3,2.586,25156.66,21396.46
CLM005177,0,0,1,1,1,0,0,medium,3,4.65,61349.54,48655.07
CLM005178,0,0,1,1,0,0,0,medium,2,3.497,25902.96,13615.72
CLM005179,0,0,0,1,1,1,0,low,3,2.705,30065.67,20228.65
CLM005180,0,1,1,1,1,1,0,high,5,12.418,192513.13,154534.23
CLM005181,0,1,1,0,1,0,0,high,3,7.709,131231.2,91151.42
CLM005182,0,0,1,0,1,0,0,medium,2,2.492,37342.03,21742.94
CLM005183,1,0,1,0,0,0,0,high,2,5.336,60477.31,42259.0
CLM005184,0,0,0,0,1,0,0,medium,1,1.251,14353.11,97.18
CLM005185,0,1,1,0,1,0,0,high,3,6.358,70843.86,44574.69
CLM005186,1,0,0,0,1,0,0,medium,2,2.687,42930.43,32416.94
CLM005187,0,0,1,0,0,1,0,low,2,2.04,32332.0,20907.97
CLM005188,0,1,1,0,0,0,1,medium,3,4.883,70144.6,42730.51
CLM005189,0,0,1,0,0,0,0,low,1,0.565,8384.96,3833.05
CLM005190,0,1,1,0,1,1,0,high,4,8.488,110970.31,94726.03
CLM005191,0,0,1,1,0,0,0,medium,2,4.266,47126.88,35124.32
CLM005192,0,1,1,1,1,1,0,high,5,12.661,151957.7,114267.45
CLM005193,0,0,1,0,1,0,0,medium,2,3.362,37225.93,27662.23
CLM005194,0,0,1,1,1,1,0,medium,4,6.985,88376.88,61868.6
CLM005195,0,1,1,0,1,1,0,high,4,10.46,148020.86,125304.24
CLM005196,1,0,1,1,0,1,0,high,4,10.8,81584.66,58660.78
CLM005197,0,1,1,0,1,1,0,medium,4,5.992,65833.14,50793.25
CLM005198,0,1,1,0,0,1,1,medium,4,7.32,132246.03,109665.14
CLM005199,0,0,1,0,1,0,0,medium,2,2.691,36136.34,27116.26
CLM005200,0,0,0,0,1,0,0,low,1,0.864,10805.91,0.0
CLM005201,0,0,1,1,0,1,0,low,3,2.608,30037.6,10476.96
CLM005202,1,0,1,0,1,1,0,high,4,9.76,101331.34,72390.64
CLM005203,0,1,1,0,1,1,1,high,5,17.136,321729.21,237208.08
CLM005204,0,0,1,0,0,0,0,medium,1,1.231,17973.13,2659.59
CLM005205,1,1,0,0,1,1,0,medium,4,7.156,41184.93,36212.39
CLM005206,1,0,0,0,0,0,0,low,1,0.884,12130.18,1200.6
CLM005207,1,0,0,0,1,0,0,medium,2,3.765,60531.9,39615.09
CLM005208,1,0,1,1,0,1,0,medium,4,7.25,58914.61,36216.69
CLM005209,1,0,0,0,0,0,0,low,1,0.777,9168.21,5282.29
CLM005210,0,0,1,0,0,1,0,medium,2,3.15,31550.49,18243.87
CLM005211,0,1,1,0,1,0,0,high,3,7.272,85119.62,57875.6
CLM005212,1,0,0,0,0,1,0,medium,2,3.027,26344.36,22199.02
CLM005213,0,1,1,1,0,0,0,low,3,3.307,42367.2,32059.56
CLM005214,0,0,1,1,0,0,0,low,2,2.323,29100.0,18067.77
CLM005215,1,0,0,0,1,0,0,low,2,2.232,28639.79,21962.17
CLM005216,0,0,1,0,0,0,0,low,1,0.77,7863.44,0.0
CLM005217,0,0,1,0,0,0,0,low,1,0.795,14048.9,7699.51
CLM005218,1,1,1,0,1,0,0,medium,4,6.929,75563.73,57062.8
CLM005219,1,0,0,0,0,1,0,medium,2,2.161,31096.49,20768.25
CLM005220,1,1,1,0,1,0,0,high,4,9.383,130322.77,91383.03
CLM005221,0,1,1,0,1,0,0,medium,3,4.638,43457.83,32004.08
CLM005222,1,0,0,0,1,1,0,medium,3,3.792,69433.34,45214.53
CLM005223,0,0,1,0,1,0,0,low,2,1.847,25456.01,17843.53
CLM005224,0,1,1,0,1,1,0,medium,4,7.501,107795.86,79577.92
CLM005225,1,0,1,1,0,0,0,medium,3,5.25,71246.94,55517.95
CLM005226,0,0,0,0,1,0,0,low,1,0.738,10610.23,6387.29
CLM005227,0,0,1,0,0,0,0,low,1,0.705,7869.16,0.0
CLM005228,1,1,1,1,0,1,0,high,5,12.534,179117.52,127596.84
CLM005229,1,0,0,0,1,1,0,medium,3,3.561,65567.29,56521.07
CLM005230,1,0,0,1,1,0,0,medium,3,4.568,55394.55,40990.11
CLM005231,1,1,0,0,1,1,0,high,4,9.697,136733.11,100398.58
CLM005232,1,0,1,0,0,1,1,medium,4,7.692,155310.32,107602.02
CLM005233,1,1,1,0,1,1,0,high,5,14.845,151995.81,103028.26
CLM005234,1,0,1,0,0,0,0,low,2,1.234,17438.87,0.0
CLM005235,0,0,1,1,0,1,0,high,3,10.074,120594.22,86173.6
CLM005236,0,0,0,1,1,0,0,low,2,1.804,22101.77,11517.17
CLM005237,1,0,0,0,1,0,0,high,2,3.978,44392.76,30191.35
CLM005238,0,1,1,0,0,0,0,medium,2,3.155,44263.43,25896.33
CLM005239,1,0,0,0,1,0,0,medium,2,2.915,30083.89,25303.53
CLM005240,0,0,1,1,0,0,0,medium,2,2.842,52307.37,38738.28
CLM005241,0,1,1,0,1,1,0,high,4,10.892,192629.23,147652.5
CLM005242,0,1,1,0,1,1,0,high,4,12.141,157408.58,139526.3
CLM005243,0,1,1,1,1,0,0,high,4,13.816,152551.46,115909.45
CLM005244,0,1,1,0,0,1,0,high,3,7.323,98922.01,59459.73
CLM005245,1,1,1,0,1,0,0,medium,4,6.692,52784.18,42251.57
CLM005246,0,0,1,0,0,0,0,low,1,0.812,10663.82,5717.99
CLM005247,0,1,1,0,1,1,0,medium,4,6.648,123123.91,89450.75
CLM005248,1,0,0,0,0,0,0,low,1,0.945,15652.33,9439.04
CLM005249,1,0,1,0,1,0,0,low,3,2.554,33184.79,15711.88
CLM005250,1,0,1,0,1,1,0,medium,4,5.757,65059.23,36770.19
CLM005251,0,0,1,1,0,1,0,medium,3,3.734,43167.13,29024.84
CLM005252,0,0,1,0,0,0,0,low,1,0.872,10073.88,6566.88
CLM005253,0,0,1,1,0,0,0,medium,2,3.339,53574.71,40445.06
CLM005254,0,0,1,1,0,1,0,medium,3,4.505,42259.31,37392.48
CLM005255,0,1,1,0,1,1,0,high,4,8.144,119774.41,85721.41
CLM005256,0,0,0,0,0,1,0,low,1,0.968,10868.67,0.0
CLM005257,1,0,0,0,0,0,0,low,1,0.852,11785.77,5595.24
CLM005258,0,1,1,0,1,1,0,high,4,10.582,112984.68,96528.39
CLM005259,0,0,1,1,0,0,0,low,2,2.351,25913.0,18851.85
CLM005260,0,0,1,0,1,1,0,high,3,6.128,100670.83,74963.39
CLM005261,0,1,1,0,1,0,0,medium,3,4.236,55832.81,42281.34
CLM005262,0,0,1,0,0,0,0,medium,1,1.309,15378.86,11231.09
CLM005263,1,0,0,0,1,1,0,medium,3,4.603,52761.91,43165.75
CLM005264,0,0,1,0,0,0,0,medium,1,1.075,13139.71,6991.9
CLM005265,0,0,1,1,0,0,0,low,2,1.616,23505.65,18665.05
CLM005266,1,0,1,0,1,0,0,low,3,2.637,37841.69,26775.32
CLM005267,0,1,0,0,0,0,1,high,2,3.703,70671.07,54579.85
CLM005268,0,0,1,0,0,1,1,high,3,9.811,107546.92,81974.01
CLM005269,0,0,1,0,1,0,0,medium,2,3.259,39850.05,18839.08
CLM005270,1,0,1,0,1,0,0,medium,3,5.962,100041.88,57362.18
CLM005271,0,0,0,1,0,0,0,low,1,0.726,5894.1,1792.07
CLM005272,0,1,1,0,1,1,0,medium,4,5.183,60653.66,32681.13
CLM005273,1,1,1,0,0,1,0,high,4,10.302,135472.64,121164.46
CLM005274,0,0,1,0,0,0,0,low,1,1.03,12829.76,6476.02
CLM005275,1,0,0,0,1,0,0,medium,2,3.288,35603.19,24883.3
CLM005276,0,0,1,0,1,0,0,medium,2,2.62,34143.9,15940.73
CLM005277,0,0,1,1,0,1,0,high,3,5.678,59629.76,47005.45
CLM005278,0,0,0,1,0,0,0,medium,1,2.379,35871.62,27370.38
CLM005279,0,1,1,0,1,1,0,high,4,9.587,132505.79,83344.53
CLM005280,0,0,1,0,0,1,0,medium,2,3.541,39678.95,30700.2
CLM005281,0,0,1,0,0,0,0,low,1,0.743,9678.64,0.0
CLM005282,1,0,1,1,0,1,0,medium,4,4.453,57430.81,40185.75
CLM005283,0,0,1,0,0,0,0,medium,1,1.55,18483.55,7860.91
CLM005284,0,0,1,1,1,1,0,high,4,8.675,129720.55,93324.74
CLM005285,1,0,0,0,0,0,0,low,1,1.062,12094.71,1446.47
CLM005286,1,0,0,0,1,1,0,medium,3,4.402,60633.97,40958.08
CLM005287,0,1,1,1,0,0,0,medium,3,5.516,96417.24,73540.22
CLM005288,1,0,0,0,1,0,0,low,2,2.11,25569.78,22248.81
CLM005289,0,1,1,0,1,1,0,high,4,11.603,240637.39,190015.79
CLM005290,0,0,1,0,0,1,0,low,2,1.685,32244.79,24029.92
CLM005291,0,1,1,0,0,0,1,high,3,6.69,75133.58,66065.07
CLM005292,0,0,1,0,0,1,0,medium,2,2.397,45817.14,30721.75
CLM005293,0,0,1,0,0,1,0,low,2,2.152,34986.85,20041.01
CLM005294,1,0,1,1,0,1,1,high,5,9.886,151820.35,107912.19
CLM005295,0,1,1,0,0,0,1,high,3,7.513,113454.57,102605.5
CLM005296,0,0,1,1,0,0,0,low,2,2.437,23864.73,14328.75
CLM005297,0,0,0,0,1,0,0,low,1,0.684,8090.29,0.0
CLM005298,0,0,1,0,0,1,1,medium,3,3.991,86820.95,68083.29
CLM005299,1,0,0,1,0,0,0,low,2,1.916,24404.94,10304.68
CLM005300,0,1,1,0,0,1,0,high,3,7.982,102842.48,68659.2
CLM005301,1,1,1,0,1,1,0,high,5,9.83,130010.29,98283.79
CLM005302,1,0,0,0,1,0,0,medium,2,3.243,54880.14,36849.51
CLM005303,0,0,1,0,0,0,0,low,1,0.872,11544.73,0.0
CLM005304,0,0,0,0,1,0,1,medium,2,2.613,25316.41,21353.95
CLM005305,1,1,1,0,1,0,0,medium,4,6.271,95905.52,65574.11
CLM005306,1,0,0,0,0,0,0,low,1,1.077,13928.15,3877.25
CLM005307,0,0,1,0,0,0,0,low,1,0.892,15820.3,9779.43
CLM005308,1,0,0,0,0,0,0,medium,1,1.902,35735.34,16364.37
CLM005309,0,0,1,1,0,0,0,medium,2,3.364,27200.05,6025.68
CLM005310,1,1,1,0,1,1,0,high,5,16.771,128645.22,110885.05
CLM005311,0,1,1,0,0,0,0,medium,2,2.974,52678.41,31329.26
CLM005312,1,0,0,0,1,0,0,medium,2,2.898,43782.72,23381.6
CLM005313,0,0,1,0,0,0,0,low,1,1.109,15808.45,9434.93
CLM005314,1,0,1,1,0,0,1,high,4,13.214,89291.91,67036.49
CLM005315,0,0,1,1,0,1,0,high,3,8.069,137611.45,96432.59
CLM005316,0,0,1,0,0,0,0,medium,1,1.293,25524.57,11319.43
CLM005317,0,1,1,0,1,0,0,medium,3,4.791,81651.86,61288.49
CLM005318,0,0,1,0,0,0,0,low,1,0.653,6743.67,2354.35
CLM005319,0,1,1,1,0,1,1,high,5,13.647,203944.88,148799.34
CLM005320,0,1,1,0,0,1,0,low,3,2.737,26731.35,14404.08
CLM005321,0,0,1,1,0,0,0,low,2,1.322,29917.3,17435.21
CLM005322,0,0,1,0,0,0,0,low,1,0.491,5774.37,0.0
CLM005323,1,0,0,0,1,0,0,medium,2,2.849,29946.34,22633.82
CLM005324,0,0,1,0,1,1,0,high,3,5.124,45974.89,38630.37
CLM005325,0,1,1,0,0,0,0,low,2,2.065,42271.08,27971.16
CLM005326,0,0,1,0,0,1,1,low,3,3.2,56467.1,48093.25
CLM005327,1,0,1,0,0,0,0,low,2,1.76,17505.26,13362.19
CLM005328,1,1,1,0,1,1,0,high,5,12.438,92692.62,76608.66
CLM005329,0,0,1,1,0,0,0,medium,2,3.122,33757.94,16260.38
CLM005330,1,0,0,0,1,0,0,medium,2,2.69,37983.46,24664.7
CLM005331,1,0,1,0,0,0,0,low,2,1.835,27857.0,17150.34
CLM005332,0,0,0,0,1,0,0,low,1,1.053,21523.8,15099.44
CLM005333,1,0,1,0,1,1,0,high,4,8.61,102661.2,71199.94
CLM005334,0,0,1,0,0,1,0,low,2,1.565,28456.68,12001.78
CLM005335,0,0,1,1,0,0,0,low,2,1.645,19836.4,7379.32
CLM005336,1,0,0,0,1,1,0,high,3,8.541,105506.32,73306.33
CLM005337,0,0,1,1,0,0,0,low,2,1.93,22103.0,9070.51
CLM005338,1,0,1,1,0,1,1,high,5,11.917,90469.46,49599.14
CLM005339,0,0,1,0,0,0,0,low,1,0.82,11578.02,5756.1
CLM005340,1,0,0,0,0,0,0,low,1,1.111,14901.88,8481.18
CLM005341,1,1,1,1,0,1,0,high,5,13.526,165890.23,105534.3
CLM005342,1,0,0,0,1,1,0,medium,3,4.077,49824.53,30864.72
CLM005343,0,1,1,0,1,1,0,medium,4,5.986,112879.4,89321.15
CLM005344,0,0,1,1,1,1,0,medium,4,7.155,118779.42,83788.76
CLM005345,0,0,1,1,0,1,0,low,3,2.859,48171.87,24196.55
CLM005346,1,0,1,0,0,0,0,low,2,1.931,22855.19,18840.82
CLM005347,0,0,0,0,1,0,0,low,1,0.839,14875.03,5763.97
CLM005348,0,0,1,0,0,0,0,medium,1,1.4,20631.29,17227.94
CLM005349,1,0,1,0,1,0,0,low,3,3.026,34793.98,26535.19
CLM005350,0,0,1,0,0,0,0,low,1,1.172,11444.98,0.0
CLM005351,0,0,1,0,0,0,0,medium,1,1.323,15378.33,11302.55
CLM005352,0,0,1,1,1,1,0,high,4,8.625,72610.59,43138.38
CLM005353,0,0,0,0,0,1,0,low,1,0.764,7647.23,0.0
CLM005354,1,1,0,0,1,1,1,medium,5,7.764,110088.17,80059.99
CLM005355,1,0,0,0,0,0,0,medium,1,1.621,16488.56,11409.29
CLM005356,1,0,0,0,1,0,0,low,2,2.182,23560.7,18296.86
CLM005357,1,0,0,0,0,1,0,medium,2,3.552,43423.54,31364.54
CLM005358,1,0,1,0,1,0,0,medium,3,3.63,30256.37,24499.8
CLM005359,0,1,1,0,1,1,0,high,4,10.56,161951.85,122284.92
CLM005360,1,0,0,0,1,0,0,medium,2,2.489,38672.9,26719.73
CLM005361,0,1,1,0,0,1,0,high,3,6.454,76801.1,39445.81
CLM005362,0,1,1,0,1,1,0,high,4,9.822,164673.92,130340.0
CLM005363,1,0,0,0,0,0,0,medium,1,1.561,14624.46,0.0
CLM005364,0,0,1,1,0,0,0,medium,2,3.252,32273.08,13909.31
CLM005365,0,0,1,0,0,0,1,medium,2,3.784,39898.01,20429.68
CLM005366,1,0,0,0,1,1,0,high,3,7.615,124856.35,99836.01
CLM005367,0,1,1,0,1,1,0,high,4,8.305,106260.72,89915.65
CLM005368,0,1,1,1,1,1,0,high,5,12.143,89797.61,66088.16
CLM005369,0,0,1,0,0,0,0,medium,1,1.481,24841.5,17444.43
CLM005370,1,0,1,0,0,0,0,low,2,1.978,26610.51,18429.31
CLM005371,1,0,0,0,0,0,0,low,1,1.384,20875.45,2041.58
CLM005372,0,0,0,0,1,0,0,medium,1,1.198,15029.95,9397.85
CLM005373,0,1,1,1,0,1,1,high,5,14.086,232747.51,203589.25
CLM005374,0,0,1,0,0,1,0,low,2,1.615,24092.43,14709.03
CLM005375,0,0,1,1,0,0,0,low,2,1.578,27617.77,11923.6
CLM005376,0,0,1,1,0,0,0,medium,2,3.086,59274.24,50775.99
CLM005377,1,0,1,0,0,0,0,low,2,1.742,21214.35,16146.21
CLM005378,1,0,1,1,0,1,0,low,4,5.51,68213.78,53184.25
CLM005379,1,0,1,0,0,0,0,medium,2,2.943,37575.85,16945.73
CLM005380,0,0,0,1,0,0,0,low,1,1.121,11600.88,5651.16
CLM005381,0,0,1,0,0,0,0,low,1,0.952,14849.0,10737.07
CLM005382,1,0,1,0,1,0,0,low,3,2.752,22025.49,11156.53
CLM005383,1,0,0,0,1,0,0,medium,2,3.036,33377.86,27289.78
CLM005384,1,1,1,0,0,1,1,high,5,14.633,279990.95,196102.17
CLM005385,0,1,1,0,1,1,1,high,5,12.692,248511.73,210761.63
CLM005386,1,1,1,0,1,0,0,medium,4,6.229,123339.14,96053.98
CLM005387,0,0,1,1,1,0,0,medium,3,5.042,42995.09,29224.01
CLM005388,0,0,1,0,0,0,0,low,1,1.008,15637.54,0.0
CLM005389,0,0,1,0,1,1,0,medium,3,4.008,37382.62,23224.52
CLM005390,1,0,1,1,1,1,0,high,5,12.487,156159.0,118283.68
CLM005391,0,1,0,1,0,1,1,high,4,12.325,121110.3,75153.26
CLM005392,1,0,0,0,1,0,0,medium,2,2.952,32835.07,16423.61
CLM005393,1,0,0,0,0,1,0,high,2,6.264,85874.97,49860.26
CLM005394,0,1,1,1,0,1,0,high,4,12.501,194590.79,173225.62
CLM005395,1,0,0,0,1,0,0,low,2,1.888,24451.67,15788.67
CLM005396,0,0,1,1,0,0,0,low,2,1.886,16088.65,9469.79
CLM005397,0,0,1,1,0,0,0,low,2,1.553,18579.74,13736.62
CLM005398,1,1,0,0,1,0,0,medium,3,5.819,103519.81,89026.24
CLM005399,0,0,1,1,0,1,0,high,3,9.348,123676.75,96376.92
CLM005400,1,0,0,1,1,1,0,high,4,9.618,126637.0,103394.23
CLM005401,1,1,1,0,0,1,0,high,4,14.346,162292.31,116060.19
CLM005402,0,1,1,0,1,0,0,medium,3,4.959,89891.22,71431.72
CLM005403,0,1,1,0,0,1,1,high,4,9.21,119152.97,104008.88
CLM005404,1,0,1,0,0,0,0,medium,2,2.397,31051.8,15183.29
CLM005405,0,1,1,0,0,1,0,low,3,3.383,70836.94,56632.78
CLM005406,0,1,1,1,0,1,1,high,5,15.251,214832.58,164903.54
CLM005407,1,0,0,0,0,0,0,medium,1,1.928,21840.51,1091.49
CLM005408,1,0,1,0,1,0,0,high,3,8.407,63625.95,48383.99
CLM005409,1,0,0,0,1,0,0,medium,2,2.51,22158.79,14689.84
CLM005410,0,0,0,1,1,1,0,low,3,3.166,42174.21,18834.13
CLM005411,0,0,1,0,0,0,0,low,1,0.902,10371.37,5055.72
CLM005412,1,0,0,0,1,1,0,medium,3,4.058,48346.04,35720.23
CLM005413,0,1,1,0,0,1,1,high,4,11.39,182797.79,161994.26
CLM005414,1,0,0,0,1,0,0,medium,2,2.385,31414.87,22979.3
CLM005415,0,1,1,0,1,0,0,high,3,8.655,127309.48,86876.36
CLM005416,0,1,0,1,1,1,1,high,5,14.873,226382.97,154596.25
CLM005417,1,0,1,1,0,1,1,high,5,14.432,263809.23,216843.14
CLM005418,0,0,1,0,1,0,0,medium,2,2.745,37829.11,21510.57
CLM005419,0,0,1,0,0,0,0,low,1,0.747,9813.05,0.0
CLM005420,0,0,0,0,1,1,0,medium,2,3.115,51195.69,33824.72
CLM005421,1,0,1,0,1,0,0,medium,3,4.548,58085.43,42615.51
CLM005422,0,1,1,0,1,0,0,medium,3,4.412,71313.96,54947.45
CLM005423,0,0,1,0,1,1,0,medium,3,3.761,31752.48,20831.08
CLM005424,1,0,0,1,0,1,0,medium,3,4.56,65525.4,50738.4
CLM005425,0,1,1,0,1,0,0,medium,3,3.073,36977.86,30941.73
CLM005426,0,1,1,0,1,1,0,high,4,13.384,264844.34,239637.63
CLM005427,0,1,1,0,1,0,0,low,3,3.764,36002.15,28444.03
CLM005428,1,0,0,0,1,0,0,medium,2,2.678,28554.46,6403.87
CLM005429,0,0,1,1,0,1,0,medium,3,4.763,105872.19,81350.25
CLM005430,1,1,0,0,1,0,0,low,3,2.769,43371.94,37231.59
CLM005431,1,0,0,0,1,1,0,low,3,2.69,29392.16,15851.92
CLM005432,0,0,1,1,0,1,0,medium,3,4.685,57789.93,43336.64
CLM005433,0,0,1,1,0,0,0,low,2,1.897,25008.01,7985.38
CLM005434,1,0,0,0,0,0,0,low,1,1.302,9264.16,0.0
CLM005435,1,0,0,0,1,1,0,medium,3,5.329,59165.64,41251.51
CLM005436,0,0,1,0,0,0,0,low,1,0.949,9726.77,6560.12
CLM005437,0,0,1,0,0,0,0,low,1,0.869,11599.13,6437.58
CLM005438,0,1,1,0,1,1,0,high,4,8.552,92965.84,77794.69
CLM005439,1,1,1,1,0,1,0,medium,5,7.8,98990.16,71424.69
CLM005440,0,0,1,0,0,1,0,low,2,1.883,16973.24,12869.98
CLM005441,1,0,0,0,1,0,0,medium,2,3.857,37690.16,27929.11
CLM005442,0,1,0,0,1,1,0,medium,3,3.797,45728.77,38140.42
CLM005443,0,0,1,1,0,1,0,high,3,5.886,77513.86,58006.52
CLM005444,1,1,1,0,1,1,0,high,5,15.498,275902.04,187689.68
CLM005445,0,0,1,1,0,0,0,medium,2,3.38,32399.96,22314.5
CLM005446,1,0,0,0,1,0,0,high,2,4.94,61337.51,24033.23
CLM005447,1,0,0,0,0,0,0,low,1,1.064,14673.02,3429.98
CLM005448,0,0,0,0,1,0,0,low,1,0.74,8031.72,4244.15
CLM005449,0,0,1,0,0,0,0,low,1,0.819,6234.47,0.0
CLM005450,0,1,1,0,1,1,0,low,4,2.607,37771.46,23261.25
CLM005451,1,0,0,0,0,0,0,low,1,1.262,11023.29,6059.23
CLM005452,0,1,1,0,1,1,0,high,4,8.76,100868.38,83660.71
CLM005453,0,0,1,0,0,1,1,medium,3,4.991,88918.92,67229.24
CLM005454,1,0,1,1,0,0,0,medium,3,4.119,62750.84,51241.95
CLM005455,0,1,1,0,1,1,0,medium,4,4.599,48701.58,39281.92
CLM005456,0,1,1,0,0,1,0,high,3,9.809,94280.4,60280.98
CLM005457,0,0,1,0,0,1,0,low,2,2.017,29188.51,16067.46
CLM005458,1,0,0,1,0,0,0,medium,2,3.143,25548.86,16747.28
CLM005459,0,1,1,0,0,0,0,medium,2,3.977,50292.44,42080.7
CLM005460,0,0,1,0,0,0,0,low,1,1.028,12330.36,4108.06
CLM005461,1,1,1,0,1,1,0,high,5,14.072,124476.73,92650.15
CLM005462,1,1,1,0,1,1,0,high,5,12.73,192397.56,138325.88
CLM005463,0,0,1,1,0,0,0,medium,2,3.242,46353.33,33011.43
CLM005464,1,0,0,0,1,0,0,medium,2,2.69,31746.91,22876.72
CLM005465,0,0,1,0,0,0,0,medium,1,1.395,18446.29,9449.4
CLM005466,0,0,1,1,1,0,0,medium,3,4.665,72650.82,50230.89
CLM005467,0,0,1,0,0,0,0,low,1,0.701,8572.32,5659.87
CLM005468,0,1,1,0,1,0,0,high,3,8.24,117734.21,86655.8
CLM005469,1,0,1,0,1,0,0,low,3,2.846,33987.3,25228.56
CLM005470,0,1,1,0,0,1,0,high,3,5.946,60196.4,45698.84
CLM005471,1,0,1,1,0,1,0,medium,4,6.956,87246.99,67058.3
CLM005472,0,0,0,0,1,0,0,low,1,0.872,11306.97,0.0
CLM005473,0,0,1,1,0,1,0,medium,3,4.278,66317.12,45897.8
CLM005474,0,0,1,1,0,1,0,medium,3,3.845,26396.76,19814.51
CLM005475,0,1,1,1,0,1,0,high,4,11.432,187911.2,136968.82
CLM005476,1,1,1,0,1,1,0,medium,5,6.194,58354.97,46822.06
CLM005477,0,0,1,0,0,0,0,low,1,1.155,12459.98,6989.51
CLM005478,0,1,1,0,1,1,0,high,4,8.657,68018.33,53730.54
CLM005479,1,0,0,0,0,0,0,low,1,1.096,12810.58,7979.0
CLM005480,0,0,1,1,0,1,0,low,3,2.119,28376.34,16337.45
CLM005481,0,0,1,0,1,0,0,medium,2,2.487,39025.86,28489.76
CLM005482,1,0,0,0,1,0,0,high,2,5.164,89044.79,71515.79
CLM005483,0,0,1,0,0,0,0,low,1,0.676,10274.39,7412.12
CLM005484,0,1,1,1,0,1,1,medium,5,10.052,128443.62,96044.09
CLM005485,1,0,0,0,1,0,0,low,2,2.011,17787.26,9454.87
CLM005486,1,0,1,0,0,0,0,low,2,2.392,24230.94,14669.41
CLM005487,0,1,1,0,0,0,1,high,3,8.925,123020.84,104625.6
CLM005488,0,0,0,0,1,0,0,medium,1,1.388,22291.52,11879.83
CLM005489,1,0,0,0,1,1,0,medium,3,3.77,30923.31,21758.67
CLM005490,0,0,1,0,1,1,0,medium,3,4.448,59002.91,45992.43
CLM005491,0,0,1,0,0,0,0,low,1,1.003,15681.92,3481.41
CLM005492,0,0,1,0,1,1,0,medium,3,4.358,63358.54,51768.59
CLM005493,0,0,1,1,1,1,0,high,4,8.192,123044.9,83929.04
CLM005494,1,0,0,0,1,1,0,high,3,5.798,91678.3,66132.27
CLM005495,1,1,1,1,0,0,0,high,4,6.905,66265.37,43983.46
CLM005496,1,0,0,0,1,0,0,medium,2,3.161,47445.32,31439.39
CLM005497,0,0,1,1,0,0,0,medium,2,3.436,39466.96,29044.46
CLM005498,0,1,1,0,0,1,0,medium,3,4.861,52336.06,39020.6
CLM005499,0,0,1,0,0,0,0,low,1,0.939,11715.77,5016.91
CLM005500,1,0,1,1,1,0,0,medium,4,5.786,76197.54,59519.6
CLM005501,0,1,1,0,1,1,0,high,4,7.53,117868.1,85011.53
CLM005502,1,0,1,0,1,0,0,low,3,2.795,38091.84,31355.69
CLM005503,1,0,0,1,1,0,0,high,3,9.465,127207.29,100886.18
CLM005504,0,0,1,0,0,0,0,low,1,1.008,17064.75,4619.04
CLM005505,0,1,1,0,0,1,0,medium,3,4.249,51150.55,35641.63
CLM005506,0,1,1,0,1,0,0,high,3,8.388,96798.86,86805.27
CLM005507,0,0,1,0,1,1,0,medium,3,4.026,43915.01,25766.02
CLM005508,1,0,0,0,0,1,0,low,2,2.106,19921.41,12036.98
CLM005509,0,0,0,0,1,0,0,low,1,0.778,13592.86,0.0
CLM005510,0,1,1,0,1,1,0,high,4,7.612,95808.97,86920.5
CLM005511,1,1,0,0,0,0,0,medium,2,4.186,67603.68,49902.3
CLM005512,0,1,1,0,0,1,1,medium,4,5.778,76627.28,60455.31
CLM005513,1,0,0,0,0,0,0,low,1,0.842,10260.91,3088.24
CLM005514,0,0,1,1,0,0,0,high,2,5.345,58306.65,49539.34
CLM005515,0,1,1,0,1,0,0,medium,3,4.953,49649.99,33559.26
CLM005516,1,1,0,0,1,0,0,medium,3,4.305,50183.43,38678.69
CLM005517,1,0,1,0,0,0,0,low,2,1.864,21804.07,7756.57
CLM005518,0,1,1,0,0,1,0,medium,3,4.799,94155.15,82372.87
CLM005519,0,1,1,0,0,0,0,high,2,4.705,77026.41,62224.28
CLM005520,0,1,1,0,0,1,1,medium,4,6.865,68324.01,54271.21
CLM005521,0,0,0,1,0,1,0,low,2,2.219,31640.33,13304.93
CLM005522,0,0,0,1,0,0,0,low,1,1.068,13324.29,6675.36
CLM005523,1,0,0,0,1,0,0,medium,2,3.899,32212.45,12714.64
CLM005524,0,0,1,1,1,0,0,low,3,2.875,35366.03,24902.58
CLM005525,1,0,0,0,1,1,0,high,3,6.687,83588.9,54560.73
CLM005526,0,1,0,0,0,1,1,low,3,3.944,61720.91,53036.48
CLM005527,1,0,1,0,0,0,0,low,2,1.885,25703.12,19254.15
CLM005528,0,1,0,1,0,0,1,medium,3,5.308,109738.36,85500.35
CLM005529,0,0,1,0,0,1,0,low,2,1.859,28635.32,25085.7
CLM005530,0,1,1,0,1,1,0,high,4,9.891,118555.6,96883.9
CLM005531,0,0,1,0,1,1,1,high,4,9.645,144784.03,105670.27
CLM005532,0,1,1,0,1,1,0,high,4,11.477,153374.06,108398.21
CLM005533,1,0,0,0,1,1,0,medium,3,5.322,98243.52,66980.5
CLM005534,1,0,0,0,1,1,0,medium,3,4.971,57600.55,52651.31
CLM005535,1,1,0,0,1,0,0,low,3,2.115,31290.21,21185.23
CLM005536,0,0,1,0,0,1,0,low,2,1.237,9977.9,5980.5
CLM005537,0,0,1,1,1,1,0,medium,4,6.425,98813.38,82403.95
CLM005538,0,1,1,1,0,0,1,medium,4,7.511,139639.48,119359.74
CLM005539,1,0,0,0,0,1,0,low,2,1.96,26679.12,22327.44
CLM005540,0,0,1,0,0,0,0,medium,1,1.338,15086.34,7713.76
CLM005541,1,0,1,1,0,0,0,medium,3,3.712,35876.98,15639.92
CLM005542,0,0,1,0,0,0,0,low,1,0.876,6854.93,2191.75
CLM005543,0,0,1,0,0,0,0,low,1,0.736,10403.15,3961.37
CLM005544,1,0,0,0,1,1,0,high,3,8.625,102541.63,71524.0
CLM005545,0,1,1,0,1,1,0,high,4,11.409,93870.89,81041.32
CLM005546,0,0,0,0,1,0,0,medium,1,1.39,18160.04,11428.21
CLM005547,0,1,1,0,1,1,1,high,5,10.824,172996.82,144514.44
CLM005548,0,0,1,0,0,0,0,medium,1,1.465,19522.66,10334.7
CLM005549,0,0,1,0,0,0,0,low,1,0.781,9113.12,2472.91
CLM005550,0,1,1,0,0,1,0,medium,3,6.408,66323.34,57074.12
CLM005551,1,0,0,0,1,1,0,high,3,7.014,85405.88,66024.85
CLM005552,0,0,1,1,0,1,0,medium,3,4.894,84366.08,64280.34
CLM005553,0,1,1,1,1,1,0,medium,5,7.161,113575.17,94300.76
CLM005554,1,0,0,0,1,1,0,high,3,9.267,89877.21,69260.21
CLM005555,0,0,1,0,0,0,0,low,1,0.6,5243.11,2949.45
CLM005556,1,1,1,0,1,1,0,high,5,14.385,139968.65,108010.94
CLM005557,0,1,1,0,0,1,1,high,4,9.021,127792.06,112249.54
CLM005558,1,1,1,0,1,0,0,medium,4,7.534,119539.8,91451.79
CLM005559,1,0,0,0,1,0,0,low,2,1.217,13693.87,8442.01
CLM005560,0,1,1,0,0,0,0,medium,2,3.948,72947.27,66502.87
CLM005561,0,0,1,0,0,0,0,low,1,0.645,7669.07,5250.81
CLM005562,1,0,0,0,0,0,0,low,1,0.978,13991.72,8170.46
CLM005563,1,0,0,1,1,0,0,medium,3,4.621,54893.37,49608.53
CLM005564,0,1,1,0,0,1,1,high,4,10.876,150785.94,133309.82
CLM005565,0,0,1,0,1,0,0,low,2,1.323,13498.63,6291.51
CLM005566,0,1,1,0,1,1,0,high,4,7.385,116784.87,96032.52
CLM005567,1,0,0,0,0,0,0,low,1,1.039,9436.24,1780.45
CLM005568,0,0,1,0,0,0,0,low,1,0.83,11808.23,5643.68
CLM005569,0,1,1,0,1,0,0,medium,3,4.9,78717.56,60614.29
CLM005570,1,0,0,0,0,1,0,medium,2,3.283,39916.38,27754.31
CLM005571,0,1,1,0,1,0,0,high,3,8.878,86554.87,62941.31
CLM005572,0,0,0,0,1,0,0,low,1,0.905,13547.11,7583.44
CLM005573,0,0,1,0,0,0,0,low,1,0.985,14048.95,3914.3
CLM005574,0,0,1,0,1,1,0,high,3,5.06,77232.77,62145.96
CLM005575,0,0,1,0,0,0,0,low,1,1.015,9527.72,5225.07
CLM005576,0,0,1,0,0,0,0,low,1,1.126,16440.95,13198.23
CLM005577,0,0,1,0,0,0,0,low,1,0.659,9158.14,0.0
CLM005578,1,0,0,0,0,0,0,medium,1,1.302,13202.8,8146.48
CLM005579,1,0,1,0,0,1,0,medium,3,5.833,60079.91,42776.89
CLM005580,0,1,1,0,1,0,0,high,3,8.505,155291.17,116341.35
CLM005581,0,1,1,0,0,0,1,medium,3,5.187,92414.94,74804.18
CLM005582,0,0,0,0,1,1,0,low,2,2.076,19363.55,13528.57
CLM005583,0,1,1,1,0,0,0,medium,3,4.232,85144.48,69328.21
CLM005584,1,0,0,0,0,0,0,low,1,0.934,11936.92,7908.58
CLM005585,0,1,1,0,1,0,0,low,3,2.842,35621.49,29279.12
CLM005586,1,0,0,0,1,1,0,high,3,6.979,74069.86,57778.97
CLM005587,0,0,1,1,0,1,0,high,3,8.048,144568.52,108232.63
CLM005588,0,1,1,0,0,0,0,medium,2,2.97,55631.39,31185.0
CLM005589,0,1,1,1,1,1,0,medium,5,8.405,135220.43,118519.52
CLM005590,0,0,0,0,1,1,0,medium,2,2.744,55250.01,36737.74
CLM005591,1,0,1,1,0,0,0,low,3,2.596,28193.87,20861.52
CLM005592,1,1,1,0,0,1,1,high,5,12.927,251619.02,211478.86
CLM005593,1,0,0,0,1,1,0,medium,3,4.248,47238.65,42873.42
CLM005594,0,0,1,0,0,0,0,low,1,1.032,11435.73,4194.77
CLM005595,1,0,0,0,1,1,0,high,3,5.067,55827.71,34410.22
CLM005596,1,0,1,0,1,0,0,medium,3,3.951,55952.43,39577.24
CLM005597,0,1,1,1,1,1,1,high,6,23.934,273276.56,199049.05
CLM005598,0,0,1,0,1,1,0,medium,3,4.02,42364.7,32284.96
CLM005599,1,1,0,0,1,1,0,medium,4,5.821,100850.24,73115.51
CLM005600,0,1,1,0,1,1,0,medium,4,6.0,108888.69,78330.26
CLM005601,0,1,1,0,1,1,0,low,4,4.879,42822.36,30159.68
CLM005602,0,1,1,0,0,0,1,medium,3,4.716,85318.21,65486.97
CLM005603,1,0,0,0,0,0,0,medium,1,1.649,16584.85,7617.46
CLM005604,0,0,0,0,1,0,0,low,1,0.88,11676.91,7905.33
CLM005605,0,0,1,0,0,1,0,medium,2,3.247,29749.35,21608.49
CLM005606,0,0,1,0,0,1,0,medium,2,3.43,39708.15,25869.41
CLM005607,0,0,1,1,0,1,0,low,3,2.521,40779.19,15352.96
CLM005608,1,1,0,0,1,1,0,high,4,12.641,197783.69,165933.36
CLM005609,0,1,1,0,1,0,1,high,4,10.558,152424.9,109862.8
CLM005610,0,0,0,0,1,0,0,low,1,0.857,15300.12,4948.83
CLM005611,0,1,1,0,0,1,0,medium,3,4.323,56255.81,35288.19
CLM005612,0,1,1,0,0,1,0,medium,3,4.278,93470.07,75395.26
CLM005613,1,0,0,0,1,1,0,low,3,2.15,24633.3,15441.29
CLM005614,0,0,1,1,0,0,0,low,2,1.744,15905.56,10757.25
CLM005615,0,0,1,0,0,0,0,low,1,0.912,6792.02,3883.38
CLM005616,1,0,0,0,1,1,0,high,3,7.693,78256.15,48683.15
CLM005617,1,0,0,0,1,0,0,medium,2,2.942,22420.66,12243.76
CLM005618,1,0,0,0,1,0,0,high,2,5.905,70800.7,24383.27
CLM005619,0,0,1,1,0,0,0,low,2,1.782,26069.52,5702.3
CLM005620,1,0,0,0,0,0,1,low,2,2.108,30863.13,17314.78
CLM005621,1,0,0,0,1,0,0,low,2,1.588,13092.19,1844.31
CLM005622,0,0,1,1,0,0,0,medium,2,3.623,35931.38,28853.25
CLM005623,0,0,1,0,1,0,0,medium,2,2.942,30224.39,22044.67
CLM005624,0,1,1,0,1,1,0,high,4,10.839,117818.49,79581.6
CLM005625,0,0,1,1,0,0,0,low,2,1.723,28479.56,17460.2
CLM005626,0,1,1,0,1,1,0,high,4,7.348,101837.89,75502.29
CLM005627,0,1,1,0,1,1,0,medium,4,6.498,85892.28,63642.25
CLM005628,0,0,0,0,1,0,0,low,1,0.702,6417.29,0.0
CLM005629,0,1,1,0,1,1,0,high,4,9.043,152507.22,103079.96
CLM005630,0,1,0,0,0,0,0,low,1,1.473,18099.94,12519.54
CLM005631,0,1,0,0,0,1,0,medium,2,3.538,63639.04,41362.23
CLM005632,0,0,1,0,0,1,0,medium,2,3.032,33096.74,26632.45
CLM005633,0,1,1,0,0,1,0,medium,3,4.783,72326.31,42016.79
CLM005634,1,1,1,0,1,1,0,high,5,13.841,288378.84,238452.48
CLM005635,0,0,1,0,0,0,0,low,1,0.971,10234.45,7233.47
CLM005636,0,0,1,0,0,0,1,medium,2,2.944,44498.71,23737.57
CLM005637,1,0,0,0,1,0,0,low,2,2.09,18734.02,8559.55
CLM005638,1,1,1,1,1,1,1,high,7,21.323,337865.02,249498.83
CLM005639,0,1,1,1,0,1,0,high,4,12.782,190864.17,174745.21
CLM005640,0,0,0,0,1,1,0,low,2,1.993,31318.84,15897.83
CLM005641,1,0,0,0,1,0,0,high,2,4.077,54714.69,40297.04
CLM005642,1,0,0,0,1,1,0,medium,3,4.828,48417.93,32532.69
CLM005643,1,0,0,0,1,0,0,medium,2,2.978,42608.84,31448.49
CLM005644,0,0,1,1,0,0,0,medium,2,3.468,43699.82,33977.25
CLM005645,0,1,1,0,0,0,1,medium,3,5.848,96286.92,64513.13
CLM005646,0,1,1,0,0,0,1,high,3,9.523,133369.39,119043.41
CLM005647,0,1,1,0,0,1,1,medium,4,7.302,102435.51,89298.32
CLM005648,0,1,1,0,1,1,0,low,4,3.11,46597.16,29920.98
CLM005649,1,0,0,0,1,1,0,high,3,7.013,64975.37,48953.6
CLM005650,1,0,0,0,1,0,0,low,2,2.5,31089.38,25321.79
CLM005651,1,0,1,0,1,0,0,medium,3,4.257,53214.68,33617.08
CLM005652,0,1,1,0,1,0,0,medium,3,4.949,47395.59,33219.24
CLM005653,0,0,1,0,0,0,0,low,1,1.031,9591.77,1166.14
CLM005654,0,0,1,0,1,0,0,medium,2,2.8,32834.71,23368.01
CLM005655,0,0,1,1,0,1,0,high,3,8.141,72192.55,48267.21
CLM005656,0,0,1,0,0,0,0,low,1,0.931,10226.87,5426.96
CLM005657,0,0,1,0,0,0,0,low,1,0.83,7891.84,0.0
CLM005658,0,0,1,0,1,1,0,medium,3,3.592,41436.07,27876.56
CLM005659,0,1,1,0,0,0,0,low,2,1.752,28619.17,14773.07
CLM005660,0,1,1,0,1,1,1,high,5,11.597,195264.73,134977.33
CLM005661,0,1,1,0,0,1,0,low,3,3.471,70806.03,57010.9
CLM005662,0,1,0,1,0,1,0,medium,3,4.495,57804.45,39410.96
CLM005663,1,0,0,1,1,0,0,medium,3,4.158,48441.3,39430.8
CLM005664,1,0,0,0,0,0,0,low,1,0.813,8925.66,2022.93
CLM005665,1,1,1,0,1,1,0,medium,5,7.996,65310.52,51246.77
CLM005666,1,0,0,0,0,0,0,medium,1,1.768,36512.69,24070.49
CLM005667,1,0,0,0,1,0,0,medium,2,3.22,49618.72,20530.26
CLM005668,1,0,0,0,1,0,0,medium,2,2.991,32087.42,22056.67
CLM005669,0,1,1,0,1,1,1,high,5,16.236,229047.02,150120.35
CLM005670,1,0,0,0,1,1,0,medium,3,4.68,77250.06,53502.41
CLM005671,0,1,1,0,1,0,0,high,3,7.917,129697.05,98951.36
CLM005672,1,0,0,0,1,1,0,medium,3,4.745,73456.58,52222.83
CLM005673,1,0,0,0,1,0,0,low,2,1.746,20642.84,15552.28
CLM005674,0,1,1,0,1,0,0,medium,3,5.228,83622.48,61459.67
CLM005675,0,1,1,0,1,1,0,high,4,10.56,247478.66,166569.02
CLM005676,0,0,1,0,0,1,0,low,2,1.911,33297.76,14753.81
CLM005677,1,0,1,0,0,0,0,low,2,1.807,27455.68,18535.63
CLM005678,1,1,1,0,0,1,0,high,4,8.557,115284.48,93740.59
CLM005679,1,0,0,0,0,1,0,low,2,2.418,28583.19,18151.85
CLM005680,1,0,0,0,1,0,0,medium,2,3.203,26479.19,20613.9
CLM005681,0,0,1,0,1,0,0,low,2,1.566,17448.97,9516.64
CLM005682,0,1,1,0,0,1,1,high,4,11.954,167729.48,103002.84
CLM005683,0,0,1,0,0,0,0,low,1,0.943,8705.71,4366.48
CLM005684,0,0,1,0,0,0,0,low,1,0.809,9225.88,3637.08
CLM005685,0,0,1,1,0,0,0,low,2,1.831,14805.76,8983.8
CLM005686,1,0,0,0,1,1,0,medium,3,5.18,70972.44,50118.21
CLM005687,1,0,0,0,0,1,0,medium,2,2.829,36438.0,27192.61
CLM005688,0,1,1,1,1,0,1,high,5,11.12,165097.51,127236.58
CLM005689,0,0,1,0,0,0,0,low,1,0.912,11851.13,8256.88
CLM005690,1,0,0,0,1,0,0,low,2,1.728,16267.12,11271.55
CLM005691,1,1,0,0,1,0,1,high,4,11.324,148078.03,96278.59
CLM005692,1,0,0,0,0,1,0,low,2,1.564,17726.17,11751.77
CLM005693,0,0,1,1,0,0,1,low,3,2.985,40963.24,30284.47
CLM005694,0,0,1,0,0,1,0,low,2,1.33,24200.51,14032.57
CLM005695,0,0,0,0,0,1,0,low,1,0.828,10743.51,7124.13
CLM005696,1,0,0,0,0,1,0,high,2,5.265,56097.82,38576.85
CLM005697,0,0,1,0,1,1,0,medium,3,4.508,62955.91,40596.38
CLM005698,1,0,0,0,1,1,0,medium,3,4.8,78032.58,52520.74
CLM005699,0,0,1,1,0,0,0,low,2,2.005,30449.65,17252.08
CLM005700,0,1,1,0,0,1,1,medium,4,7.841,156328.75,108109.66
CLM005701,1,1,0,0,0,0,0,medium,2,3.52,36606.01,24942.44
CLM005702,1,1,1,0,0,1,0,medium,4,7.111,134839.59,105849.04
CLM005703,0,0,1,1,0,0,0,medium,2,3.445,38066.16,23187.85
CLM005704,0,0,1,1,0,1,0,high,3,5.254,62283.24,43527.56
CLM005705,0,1,1,0,0,1,0,medium,3,4.834,58601.96,45317.98
CLM005706,1,0,0,0,1,1,0,high,3,7.41,60919.44,36795.43
CLM005707,0,0,1,0,0,1,0,medium,2,2.518,32228.58,28500.61
CLM005708,0,1,1,0,1,0,0,medium,3,4.412,51570.77,34056.03
CLM005709,0,1,1,0,1,1,0,medium,4,6.865,69660.56,39766.28
CLM005710,0,1,1,0,1,1,0,medium,4,7.155,53582.8,40759.41
CLM005711,1,0,0,0,0,0,0,low,1,1.125,14959.24,3244.43
CLM005712,0,0,1,1,0,1,0,medium,3,4.285,51855.11,24919.24
CLM005713,1,0,0,0,0,0,0,low,1,0.99,13100.29,9407.45
CLM005714,1,0,1,1,0,1,0,medium,4,5.624,107070.82,79522.8
CLM005715,1,0,0,0,0,0,0,low,1,0.934,19530.23,11302.0
CLM005716,0,1,1,0,0,0,0,medium,2,4.51,76055.07,53076.29
CLM005717,0,0,1,0,0,0,0,low,1,1.066,13931.05,2376.19
CLM005718,0,0,1,1,0,0,0,medium,2,3.099,47380.61,33742.71
CLM005719,1,0,1,1,0,0,0,low,3,4.445,49348.39,29269.49
CLM005720,1,0,1,0,0,1,0,low,3,2.558,35090.08,23410.41
CLM005721,0,0,1,0,0,0,0,low,1,0.821,10474.2,6376.81
CLM005722,0,0,0,1,0,1,0,low,2,1.677,23316.35,17937.48
CLM005723,1,0,0,0,1,0,0,medium,2,3.45,50525.1,34136.63
CLM005724,1,0,0,0,1,1,1,high,4,9.828,143486.17,131203.7
CLM005725,1,0,1,0,1,1,0,medium,4,6.014,75201.75,60193.5
CLM005726,1,0,1,0,0,0,0,medium,2,3.51,46777.43,40707.93
CLM005727,0,0,1,0,0,0,0,medium,1,1.353,16879.15,13997.4
CLM005728,0,0,1,1,0,1,0,low,3,2.79,25633.11,9079.19
CLM005729,1,0,0,1,0,0,0,low,2,2.427,33503.8,27527.17
CLM005730,0,0,0,0,0,1,0,medium,1,1.651,21694.08,10358.51
CLM005731,0,0,1,1,0,0,0,low,2,1.738,26404.98,6723.87
CLM005732,0,1,1,0,1,0,0,medium,3,5.553,44628.74,17511.36
CLM005733,0,1,1,0,0,1,0,medium,3,5.157,58311.75,42256.38
CLM005734,0,0,1,1,0,0,0,medium,2,3.287,47485.18,41712.87
CLM005735,1,0,0,0,1,0,0,medium,2,2.282,27062.83,15924.27
CLM005736,1,0,1,0,1,1,0,high,4,8.597,70740.13,63381.83
CLM005737,1,0,0,0,1,1,0,low,3,2.244,26016.13,13262.74
CLM005738,1,0,1,0,0,0,0,medium,2,2.905,49356.19,34273.5
CLM005739,0,1,1,0,0,0,0,low,2,2.381,26057.35,19111.61
CLM005740,0,0,1,0,0,0,0,low,1,0.947,13137.42,7986.98
CLM005741,0,1,1,1,1,1,0,high,5,12.646,119075.82,89195.44
CLM005742,0,1,1,0,1,0,0,medium,3,4.363,57793.17,44806.31
CLM005743,0,1,1,0,1,0,0,high,3,6.809,76246.53,41732.2
CLM005744,0,0,0,1,0,0,0,low,1,1.434,12522.06,7335.99
CLM005745,0,1,1,0,1,0,0,high,3,5.879,57324.54,42354.09
CLM005746,0,1,1,0,1,1,0,high,4,8.593,89848.65,61351.88
CLM005747,0,0,1,1,0,0,0,low,2,2.44,28680.34,12632.62
CLM005748,1,0,0,0,1,0,0,high,2,7.474,115829.7,78585.43
CLM005749,0,0,0,0,1,1,0,low,2,1.696,22634.53,13973.37
CLM005750,0,0,1,0,0,0,0,low,1,1.054,12240.24,7534.42
CLM005751,1,0,0,0,0,0,0,low,1,1.051,13903.34,9545.94
CLM005752,0,0,1,0,0,0,0,low,1,0.788,9842.89,6298.95
CLM005753,0,0,1,1,0,0,0,low,2,1.993,26941.71,19219.94
CLM005754,1,0,0,0,1,0,0,low,2,1.175,19156.61,5272.96
CLM005755,0,1,1,0,1,0,0,medium,3,4.089,66746.12,56376.59
CLM005756,1,1,1,0,0,0,0,medium,3,4.484,51166.04,39478.84
CLM005757,0,0,1,0,0,0,0,low,1,0.793,9567.35,3762.61
CLM005758,1,0,0,0,1,0,0,medium,2,2.966,19727.24,10868.0
CLM005759,0,0,1,1,0,0,0,medium,2,4.191,35461.26,19849.57
CLM005760,0,0,1,0,0,0,0,medium,1,1.383,15498.88,7623.02
CLM005761,0,0,1,0,0,1,0,medium,2,3.174,48576.81,29989.99
CLM005762,1,0,1,0,1,0,0,low,3,2.921,35666.77,16707.76
CLM005763,0,1,1,0,0,0,1,high,3,7.75,144829.87,105173.48
CLM005764,0,0,1,1,0,1,0,medium,3,5.178,59078.75,50510.72
CLM005765,0,0,1,1,1,1,0,low,4,3.738,46202.98,32027.44
CLM005766,1,0,0,0,1,0,0,high,2,4.305,66344.11,53966.08
CLM005767,1,1,1,0,0,1,0,medium,4,7.367,105570.61,80451.85
CLM005768,1,1,1,0,1,1,0,high,5,11.96,72349.14,42332.79
CLM005769,0,1,1,0,1,1,0,medium,4,5.938,110676.47,64298.16
CLM005770,1,0,0,0,1,0,0,low,2,1.878,21850.63,11711.14
CLM005771,1,0,0,0,0,0,0,low,1,0.954,16051.55,9303.51
CLM005772,1,0,0,0,0,1,0,low,2,1.399,15170.87,10886.34
CLM005773,0,0,1,0,1,0,0,medium,2,3.269,37324.73,27896.53
CLM005774,1,0,0,0,1,1,0,medium,3,5.357,75175.38,63018.37
CLM005775,0,1,1,0,1,0,0,medium,3,4.16,39939.48,27564.91
CLM005776,1,0,1,0,1,0,0,high,3,7.65,137563.38,112931.77
CLM005777,1,0,0,1,1,0,0,medium,3,4.628,42797.46,25788.41
CLM005778,0,1,1,0,1,1,0,medium,4,5.856,120758.57,84053.73
CLM005779,0,0,1,0,1,0,0,medium,2,2.532,39460.5,20765.37
CLM005780,0,0,1,1,0,0,0,medium,2,2.617,44073.37,19490.7
CLM005781,1,1,1,1,0,0,0,high,4,15.462,260881.62,172214.16
CLM005782,0,0,1,1,0,0,0,medium,2,3.186,32281.34,21637.58
CLM005783,1,0,0,0,0,0,0,low,1,0.821,15354.22,4165.17
CLM005784,0,1,1,0,1,1,0,high,4,8.503,98777.0,75554.68
CLM005785,1,1,0,1,1,1,0,high,5,15.678,142778.78,97508.0
CLM005786,0,0,1,1,0,1,0,low,3,2.836,27598.27,18523.88
CLM005787,1,1,0,0,1,1,0,medium,4,6.415,52880.4,36134.25
CLM005788,0,1,1,0,1,1,0,medium,4,5.749,71540.68,61385.9
CLM005789,0,0,0,1,1,0,0,low,2,1.785,30531.42,17214.12
CLM005790,0,1,1,1,1,1,0,high,5,13.367,210281.37,143767.74
CLM005791,0,0,1,0,0,0,0,medium,1,1.265,15330.45,11600.5
CLM005792,0,1,0,0,1,1,0,low,3,2.508,20806.47,10529.48
CLM005793,0,1,1,1,1,1,0,high,5,13.189,141200.94,107484.37
CLM005794,0,0,1,1,0,1,0,medium,3,6.163,48227.74,37660.63
CLM005795,0,1,1,0,0,1,0,medium,3,3.951,55883.01,38656.19
CLM005796,0,1,1,0,1,1,0,high,4,13.145,82145.53,53961.93
CLM005797,0,0,0,0,1,0,0,low,1,0.563,6696.89,0.0
CLM005798,0,0,1,0,0,0,0,medium,1,1.44,12832.69,4335.69
CLM005799,0,0,0,0,1,0,0,low,1,0.813,7339.5,0.0
CLM005800,0,0,1,1,0,1,0,medium,3,5.109,67222.51,46102.53
CLM005801,1,0,0,0,0,0,0,low,1,1.043,8811.18,0.0
CLM005802,1,0,1,0,1,0,0,high,3,8.068,86470.42,61853.59
CLM005803,0,0,1,0,1,0,0,low,2,1.507,21738.22,15855.62
CLM005804,1,0,0,0,0,1,0,low,2,1.718,19323.93,12643.47
CLM005805,0,0,1,0,1,0,0,medium,2,2.952,37020.16,13887.13
CLM005806,0,1,1,0,0,0,0,medium,2,3.182,41919.37,22453.7
CLM005807,1,0,0,0,1,0,0,high,2,4.89,50715.93,37979.92
CLM005808,0,0,1,1,0,0,0,medium,2,3.109,43824.36,26997.68
CLM005809,0,0,1,0,1,0,0,low,2,1.387,10318.84,4679.66
CLM005810,0,1,1,0,1,0,0,medium,3,5.304,77437.43,53743.48
CLM005811,1,0,0,1,1,0,0,high,3,8.02,76347.27,58588.63
CLM005812,0,1,1,0,0,0,1,medium,3,5.888,106400.88,79143.76
CLM005813,1,1,0,0,1,0,0,high,3,9.348,140976.2,111685.21
CLM005814,1,0,0,0,0,0,0,low,1,0.855,7655.15,0.0
CLM005815,0,1,1,0,1,1,1,high,5,13.892,217314.13,192661.29
CLM005816,0,0,1,1,0,0,0,medium,2,3.265,30083.11,17782.43
CLM005817,0,1,1,0,0,1,0,medium,3,5.152,53459.82,38154.43
CLM005818,0,0,1,1,1,1,0,medium,4,5.48,61606.69,32091.12
CLM005819,0,0,1,1,0,0,0,low,2,2.132,23641.55,12456.96
CLM005820,1,0,1,0,1,0,0,low,3,3.053,32261.76,21642.41
CLM005821,0,1,1,0,1,1,0,high,4,11.42,163578.43,132618.2
CLM005822,0,1,1,0,1,1,0,high,4,12.645,164735.54,134594.02
CLM005823,0,0,1,1,0,1,0,high,3,10.413,122932.39,76883.34
CLM005824,0,0,1,0,1,0,0,low,2,1.353,9891.44,1531.53
CLM005825,1,1,0,0,0,1,0,high,3,6.635,68409.78,40632.48
CLM005826,0,0,1,1,0,0,0,medium,2,2.854,47645.39,25608.46
CLM005827,0,0,1,1,0,0,0,low,2,1.58,17053.03,13171.99
CLM005828,0,1,1,0,0,0,0,medium,2,3.237,53817.05,39362.45
CLM005829,1,0,0,1,0,1,0,medium,3,5.959,106064.33,72110.7
CLM005830,0,1,1,0,0,0,0,medium,2,4.117,45693.97,31961.14
CLM005831,0,1,1,0,1,1,0,high,4,8.494,128102.34,87569.49
CLM005832,1,1,0,0,1,1,0,medium,4,6.192,45519.22,19840.39
CLM005833,0,1,1,0,1,1,0,medium,4,8.218,82487.36,71557.88
CLM005834,1,0,1,0,1,0,0,high,3,7.919,66556.98,48198.96
CLM005835,0,1,1,0,1,1,0,high,4,13.022,199695.42,172095.76
CLM005836,0,1,1,1,1,1,0,high,5,16.737,324036.31,295839.36
CLM005837,1,0,0,0,1,0,0,medium,2,2.536,24164.44,14970.24
CLM005838,0,0,1,1,0,1,0,medium,3,4.083,51434.36,42502.17
CLM005839,0,0,1,0,1,1,0,high,3,6.238,67322.02,52418.96
CLM005840,0,0,1,1,0,0,1,high,3,5.441,79838.92,56025.17
CLM005841,1,0,0,0,1,1,0,high,3,8.887,121953.87,73384.28
CLM005842,0,1,1,0,0,0,0,medium,2,3.067,35275.39,22312.41
CLM005843,1,0,1,0,1,1,0,high,4,7.994,114386.04,87186.51
CLM005844,1,1,0,0,0,1,1,medium,4,5.887,69463.21,37412.87
CLM005845,1,0,1,0,0,1,0,medium,3,5.888,45643.87,30756.93
CLM005846,1,0,0,0,1,0,0,high,2,4.412,46316.38,34011.99
CLM005847,0,1,1,0,0,0,0,medium,2,3.035,41984.98,28903.88
CLM005848,0,1,1,0,1,1,0,high,4,9.023,168874.43,113954.54
CLM005849,1,0,0,0,1,0,0,low,2,2.231,24034.05,16464.72
CLM005850,0,1,0,1,1,1,0,high,4,11.766,214396.62,165571.35
CLM005851,0,1,1,0,1,0,0,low,3,2.905,38741.41,31403.34
CLM005852,0,0,1,0,0,1,0,low,2,1.783,16214.05,12529.34
CLM005853,1,0,0,1,1,1,1,high,5,9.624,100884.78,76007.12
CLM005854,1,1,1,1,0,0,0,medium,4,6.949,80506.38,70379.97
CLM005855,1,0,0,0,0,0,0,medium,1,1.467,16123.64,9841.44
CLM005856,1,0,0,0,0,1,0,low,2,2.102,29589.38,13144.94
CLM005857,0,0,1,0,0,0,0,low,1,0.897,10697.59,5868.1
CLM005858,0,1,1,0,1,1,0,high,4,11.438,157632.76,111000.45
CLM005859,0,0,0,0,1,0,0,low,1,0.876,9046.34,5952.23
CLM005860,1,0,0,0,1,1,0,medium,3,4.614,47238.91,30147.57
CLM005861,1,0,0,0,1,0,0,medium,2,2.838,32606.7,13611.71
CLM005862,0,1,1,1,1,0,0,low,4,3.764,35412.94,23242.13
CLM005863,0,1,1,0,0,1,0,medium,3,3.764,51027.75,31153.47
CLM005864,0,1,0,0,0,0,0,low,1,1.157,19009.19,13461.53
CLM005865,0,1,1,0,1,1,1,high,5,11.843,128466.99,96604.82
CLM005866,0,1,1,1,1,0,0,medium,4,4.961,61384.99,35773.38
CLM005867,1,0,0,0,1,0,0,low,2,2.023,24545.56,17708.97
CLM005868,1,0,0,0,1,1,0,low,3,1.948,19673.72,12482.92
CLM005869,0,0,1,1,0,1,0,high,3,7.333,106915.68,96466.15
CLM005870,1,0,0,0,1,0,0,low,2,1.601,21335.62,16226.58
CLM005871,0,1,1,1,0,1,0,high,4,7.731,92814.86,61999.11
CLM005872,1,0,0,0,1,1,0,medium,3,4.094,45166.99,32683.28
CLM005873,1,0,1,1,0,1,0,medium,4,5.591,33902.97,28975.46
CLM005874,0,1,1,0,1,1,0,medium,4,5.253,70789.12,43665.24
CLM005875,1,1,0,0,0,1,0,high,3,12.946,189695.89,164162.94
CLM005876,0,1,1,1,0,1,0,high,4,10.825,155479.78,129260.66
CLM005877,0,1,1,0,0,1,0,medium,3,3.037,29502.31,17756.91
CLM005878,1,0,1,0,1,1,0,medium,4,6.03,81627.51,53156.62
CLM005879,1,1,1,0,0,1,1,high,5,15.67,204410.21,173197.45
CLM005880,1,1,1,0,1,0,0,high,4,9.05,101380.17,59591.98
CLM005881,0,1,1,0,1,1,0,medium,4,6.246,116549.59,80531.03
CLM005882,0,1,1,0,1,1,0,high,4,9.85,116863.51,83080.96
CLM005883,0,0,0,1,0,0,0,low,1,1.034,14026.28,7265.42
CLM005884,1,0,0,0,1,1,0,high,3,6.998,118634.2,85718.15
CLM005885,0,1,1,0,1,0,0,medium,3,4.643,86981.51,58395.13
CLM005886,0,0,1,1,1,0,0,low,3,3.069,34122.64,27694.41
CLM005887,0,0,0,0,1,0,0,low,1,0.661,8774.73,6285.24
CLM005888,0,0,0,0,1,0,0,low,1,0.88,7533.08,1199.92
CLM005889,1,0,1,0,0,0,0,low,2,1.502,13023.18,0.0
CLM005890,0,0,1,0,1,1,0,low,3,2.531,25759.59,16542.99
CLM005891,0,1,1,0,1,1,0,high,4,13.359,210787.88,172845.05
CLM005892,1,0,0,0,0,0,0,low,1,0.978,10258.95,4788.29
CLM005893,0,0,1,0,0,0,0,low,1,0.722,9022.07,2334.39
CLM005894,1,0,0,0,1,1,0,high,3,6.179,79269.15,47728.27
CLM005895,1,0,1,0,1,0,0,medium,3,3.595,49735.47,43038.36
CLM005896,1,0,1,0,0,0,0,low,2,1.975,23376.28,18809.15
CLM005897,0,1,1,0,1,0,0,high,3,8.104,113588.34,63122.07
CLM005898,1,0,0,0,1,0,0,medium,2,3.092,40117.14,30773.73
CLM005899,1,0,0,0,1,1,0,medium,3,4.623,68949.8,45387.46
CLM005900,0,1,1,0,1,1,0,high,4,8.358,113693.78,99794.45
CLM005901,0,1,1,0,0,1,1,high,4,8.718,157305.55,124698.97
CLM005902,1,1,0,0,0,1,0,medium,3,5.38,66068.01,49833.12
CLM005903,1,0,0,1,0,1,1,medium,4,6.653,110725.44,89723.42
CLM005904,0,1,1,0,1,0,0,low,3,2.694,34123.47,20389.46
CLM005905,0,0,1,1,0,0,0,low,2,2.365,20970.31,13252.36
CLM005906,0,0,1,0,0,0,0,low,1,0.832,6930.24,0.0
CLM005907,0,0,1,0,0,1,1,medium,3,5.586,92008.77,60737.76
CLM005908,1,0,1,0,0,0,0,medium,2,2.949,38520.69,32255.08
CLM005909,0,1,0,0,0,0,1,low,2,2.154,29562.17,23610.22
CLM005910,1,0,0,1,0,0,0,low,2,2.06,33482.41,15423.3
CLM005911,0,0,1,0,0,0,0,medium,1,1.354,18535.46,12495.33
CLM005912,0,0,0,0,1,0,0,medium,1,1.291,25216.33,16249.48
CLM005913,1,0,0,0,1,1,0,medium,3,4.47,50064.49,25108.9
CLM005914,0,0,1,0,1,1,0,medium,3,3.517,37354.81,23209.26
CLM005915,1,0,1,1,0,1,0,medium,4,5.953,102812.79,70865.0
CLM005916,1,0,0,0,0,0,0,low,1,0.799,7148.2,0.0
CLM005917,1,0,0,1,1,1,0,medium,4,4.459,99070.2,78093.09
CLM005918,1,0,0,1,0,0,0,medium,2,3.373,39752.25,29857.71
CLM005919,0,1,1,0,1,1,0,high,4,9.088,142509.91,123176.98
CLM005920,1,0,0,0,1,1,0,medium,3,6.233,82369.86,61228.29
CLM005921,1,0,0,0,1,0,0,low,2,2.075,19880.79,7803.99
CLM005922,0,0,1,1,0,0,0,low,2,1.649,18480.81,8570.69
CLM005923,0,1,1,0,1,1,1,medium,5,9.674,146976.29,100572.36
CLM005924,0,1,1,0,0,1,1,high,4,10.731,173398.61,125897.52
CLM005925,1,0,0,0,1,0,0,low,2,2.469,28565.89,12004.42
CLM005926,0,1,1,1,1,0,0,high,4,14.493,113330.07,89558.47
CLM005927,0,0,1,1,0,1,0,low,3,2.26,26771.88,11824.84
CLM005928,1,1,0,0,1,1,0,medium,4,5.321,44907.08,26812.62
CLM005929,0,0,1,0,0,0,0,medium,1,1.288,18341.95,10177.24
CLM005930,0,0,1,1,1,0,0,low,3,2.619,23796.21,16878.4
CLM005931,0,0,1,1,1,0,0,medium,3,4.661,70378.8,55358.93
CLM005932,0,1,1,0,1,1,0,high,4,9.37,170662.08,134645.64
CLM005933,0,1,1,1,1,1,0,high,5,14.873,208792.49,161091.13
CLM005934,0,1,1,0,1,1,0,medium,4,6.711,72395.94,57926.28
CLM005935,0,1,1,0,0,0,1,high,3,7.026,80492.21,52039.16
CLM005936,1,1,0,0,1,0,0,high,3,8.483,71716.04,49673.8
CLM005937,1,0,0,1,1,0,0,medium,3,5.138,47537.68,41755.95
CLM005938,0,0,1,0,0,0,0,low,1,1.035,15232.65,1570.75
CLM005939,1,1,1,0,1,0,0,high,4,11.846,151748.29,109437.91
CLM005940,1,0,1,0,0,1,0,medium,3,4.801,90163.76,55960.39
CLM005941,0,0,1,1,0,0,0,medium,2,2.788,33849.79,25347.47
CLM005942,0,0,1,0,1,0,0,low,2,1.557,24920.47,16964.75
CLM005943,1,0,0,0,1,1,0,high,3,7.262,114896.06,96112.51
CLM005944,0,0,1,0,1,1,0,medium,3,4.269,39266.33,30029.09
CLM005945,1,0,0,1,1,1,0,medium,4,6.407,86700.39,56085.67
CLM005946,0,0,0,0,1,0,0,low,1,0.675,7022.93,4414.2
CLM005947,0,1,1,0,1,0,0,medium,3,4.037,59143.11,50890.94
CLM005948,0,1,1,0,1,0,0,high,3,6.69,101756.39,79000.76
CLM005949,0,0,0,0,1,0,0,low,1,0.788,7987.9,0.0
CLM005950,0,1,1,1,0,0,0,low,3,2.931,45152.84,29946.18
CLM005951,0,1,1,0,1,1,0,medium,4,5.483,51469.82,34846.29
CLM005952,1,0,0,0,1,1,0,low,3,2.7,29562.42,18317.14
CLM005953,1,1,1,1,1,1,0,high,6,16.609,290035.35,227811.61
CLM005954,0,0,1,0,1,1,0,low,3,1.985,13162.13,7705.91
CLM005955,0,0,1,0,0,0,0,low,1,0.813,14289.59,0.0
CLM005956,0,0,1,1,0,1,0,medium,3,3.996,56312.43,49402.21
CLM005957,0,1,1,0,1,1,0,medium,4,6.121,123480.52,93606.24
CLM005958,0,1,1,0,1,1,0,high,4,11.559,143719.71,81995.0
CLM005959,1,0,0,0,1,1,0,high,3,10.179,100982.13,59335.42
CLM005960,0,1,1,0,0,0,0,medium,2,3.697,54740.14,34933.06
CLM005961,1,0,0,0,0,0,0,low,1,1.056,16177.02,12306.25
CLM005962,1,0,0,0,1,1,0,medium,3,3.706,58601.86,34452.66
CLM005963,0,0,1,0,1,0,0,medium,2,3.467,47587.48,30884.97
CLM005964,0,1,0,0,1,1,0,high,3,10.651,146322.88,105156.17
CLM005965,0,0,1,1,1,0,0,medium,3,4.567,33120.09,22449.62
CLM005966,0,0,1,0,0,1,0,low,2,1.616,26838.97,20114.52
CLM005967,0,0,1,1,0,0,0,low,2,1.779,16812.55,5690.34
CLM005968,0,0,1,1,0,1,0,high,3,9.892,131120.57,103729.29
CLM005969,0,1,1,1,1,0,0,high,4,12.173,141671.06,101302.57
CLM005970,0,1,1,0,1,1,1,high,5,17.262,220833.84,161316.22
CLM005971,1,0,1,0,1,1,1,high,5,12.012,140532.53,125328.79
CLM005972,1,1,1,0,1,1,0,high,5,12.473,146877.76,132796.66
CLM005973,1,0,0,0,1,1,0,medium,3,4.242,67418.95,51785.5
CLM005974,1,0,0,0,0,0,0,low,1,1.026,8804.98,3689.1
CLM005975,0,1,1,0,0,0,0,low,2,1.823,21713.03,15678.82
CLM005976,1,0,0,0,1,0,0,low,2,1.887,21086.16,12018.97
CLM005977,0,0,1,0,0,0,0,low,1,0.703,7451.75,1432.71
CLM005978,1,0,1,1,0,0,0,medium,3,5.196,46627.39,25525.78
CLM005979,1,0,0,0,0,0,0,low,1,1.165,14461.39,10055.09
CLM005980,0,0,1,1,0,0,0,medium,2,3.771,52861.12,33237.0
CLM005981,0,0,1,0,0,0,0,low,1,0.914,13159.53,8925.38
CLM005982,0,1,1,0,0,0,1,medium,3,5.241,88462.96,71895.2
CLM005983,0,0,1,0,1,1,0,medium,3,4.592,75449.91,56669.15
CLM005984,0,1,1,1,1,1,0,high,5,11.375,120922.74,90639.91
CLM005985,0,0,1,1,0,1,0,medium,3,5.218,78110.12,59765.18
CLM005986,0,0,1,0,0,0,0,low,1,0.705,7131.91,3450.59
CLM005987,1,0,1,0,1,1,0,medium,4,5.283,53910.94,39776.04
CLM005988,1,0,1,0,1,0,0,medium,3,4.287,65766.21,45327.24
CLM005989,1,0,0,0,1,0,0,medium,2,3.111,56751.49,38318.58
CLM005990,0,0,1,0,1,1,0,medium,3,3.982,63353.06,48756.13
CLM005991,0,0,1,0,0,0,0,low,1,1.031,13973.27,4874.48
CLM005992,0,1,1,1,0,1,0,high,4,11.028,196327.37,179257.82
CLM005993,0,0,1,0,0,0,0,low,1,0.851,9924.61,6855.84
CLM005994,1,0,1,0,1,1,0,medium,4,5.375,40044.82,30837.71
CLM005995,0,0,1,1,0,1,0,high,3,7.983,56266.12,29784.42
CLM005996,1,0,1,0,0,0,0,high,2,3.951,53243.76,23117.55
CLM005997,0,0,1,1,0,1,0,low,3,2.548,46504.05,32552.91
CLM005998,0,1,1,0,0,1,1,medium,4,6.631,147734.14,108877.93
CLM005999,0,1,1,0,1,1,0,high,4,9.966,259777.04,220944.79
CLM006000,1,0,0,0,0,0,0,low,1,0.971,10969.37,6132.18
CLM006001,0,0,1,0,0,1,0,medium,2,4.161,60106.5,51330.42
CLM006002,0,1,1,1,0,0,0,medium,3,6.37,129649.62,100250.02
CLM006003,0,0,1,1,0,1,0,medium,3,5.085,75125.24,57433.38
CLM006004,1,0,0,0,1,0,0,high,2,5.359,52643.39,33760.16
CLM006005,1,0,0,0,1,1,0,high,3,7.202,97857.43,62638.97
CLM006006,0,0,1,0,1,0,1,high,3,7.788,96528.76,63628.8
CLM006007,0,1,1,0,0,1,1,high,4,9.414,124380.03,106744.2
CLM006008,1,1,0,0,1,1,0,medium,4,8.557,82150.68,47540.04
CLM006009,0,1,1,0,1,1,0,high,4,8.414,92725.31,70823.4
CLM006010,1,0,0,0,1,1,0,medium,3,4.074,60967.02,54932.82
CLM006011,0,1,1,0,0,1,0,low,3,2.661,26761.01,14114.15
CLM006012,0,0,1,1,0,0,0,medium,2,2.866,42841.01,29773.91
CLM006013,1,0,1,0,0,0,0,low,2,1.55,18561.94,2097.79
CLM006014,0,1,1,0,1,0,0,low,3,2.306,29776.11,16380.84
CLM006015,0,1,0,0,0,0,1,low,2,2.531,26908.36,15467.51
CLM006016,0,1,1,1,0,1,0,medium,4,7.791,95928.72,78042.56
CLM006017,1,1,1,0,0,0,0,high,3,10.242,137025.89,112213.73
CLM006018,0,1,1,0,0,0,1,medium,3,6.42,111118.59,91406.32
CLM006019,0,1,1,0,1,1,0,high,4,8.89,100019.41,84761.89
CLM006020,1,0,0,0,1,0,0,low,2,2.156,39781.27,27478.61
CLM006021,1,0,0,0,1,0,0,medium,2,3.028,34419.8,26759.54
CLM006022,0,0,1,1,0,0,0,low,2,1.852,16566.36,9968.06
CLM006023,0,0,1,1,0,0,1,medium,3,4.968,54415.33,36801.53
CLM006024,1,0,0,0,1,1,0,high,3,7.736,115556.82,82887.7
CLM006025,1,0,0,0,1,0,0,low,2,1.592,16672.66,9427.09
CLM006026,0,0,0,1,0,1,0,low,2,2.249,21648.78,13610.78
CLM006027,0,1,1,0,0,1,0,medium,3,3.597,50289.84,32539.93
CLM006028,0,1,1,0,1,1,0,high,4,8.626,65916.59,54362.98
CLM006029,0,0,0,0,0,1,0,low,1,0.958,14757.71,6401.97
CLM006030,1,0,0,0,1,1,0,low,3,3.293,29368.06,13559.99
CLM006031,0,1,1,0,1,1,0,high,4,7.991,82765.18,65667.54
CLM006032,1,1,1,0,0,0,0,medium,3,6.318,96621.03,83429.76
CLM006033,1,0,0,0,1,0,0,medium,2,2.746,51175.82,42114.82
CLM006034,0,1,1,0,1,1,0,medium,4,7.693,111649.62,99689.17
CLM006035,0,1,1,0,1,0,0,low,3,1.953,20048.82,13204.12
CLM006036,0,0,1,1,1,1,0,medium,4,5.402,79436.53,68491.53
CLM006037,0,0,1,1,0,0,0,medium,2,3.666,34185.76,27189.99
CLM006038,0,1,1,0,1,1,0,high,4,10.216,198846.76,173820.22
CLM006039,0,0,1,0,0,1,0,medium,2,3.023,29911.48,22150.54
CLM006040,0,1,1,0,1,1,0,high,4,7.236,110882.88,98080.97
CLM006041,0,0,1,1,1,1,0,high,4,9.962,115474.81,85631.28
CLM006042,0,1,1,0,0,1,0,high,3,5.976,91913.87,71864.76
CLM006043,1,0,0,0,1,0,0,medium,2,2.146,26736.08,11744.82
CLM006044,0,0,1,0,0,0,0,low,1,0.952,19806.62,3101.15
CLM006045,0,0,1,1,0,0,0,medium,2,2.848,39967.52,29593.82
CLM006046,0,0,1,0,1,0,0,medium,2,2.456,48702.87,35860.07
CLM006047,0,0,1,0,0,0,0,low,1,0.708,7331.48,3390.55
CLM006048,0,1,1,0,1,1,0,high,4,6.481,68076.52,53536.7
CLM006049,1,0,0,0,0,0,0,low,1,0.985,15954.91,11690.46
CLM006050,0,1,1,0,0,0,0,low,2,1.812,16355.09,7629.8
CLM006051,1,0,0,0,0,0,0,medium,1,1.586,23467.66,14399.05
CLM006052,0,0,1,0,0,1,0,medium,2,3.271,42958.43,32664.49
CLM006053,1,1,0,0,1,0,0,medium,3,6.55,54265.11,33163.32
CLM006054,0,0,1,1,0,1,0,low,3,3.425,38672.95,30577.58
CLM006055,0,0,1,1,0,1,1,high,4,13.447,183266.29,134825.63
CLM006056,1,1,1,0,1,1,0,high,5,10.209,96744.16,67031.45
CLM006057,0,0,1,0,0,1,1,medium,3,6.071,75245.25,52621.44
CLM006058,0,0,1,1,0,0,0,low,2,1.966,16989.56,10277.89
CLM006059,1,0,0,0,0,0,0,low,1,1.042,22430.93,18123.37
CLM006060,1,0,0,0,1,1,0,low,3,2.844,28221.25,15330.62
CLM006061,1,0,0,0,0,1,0,medium,2,4.421,71505.94,50193.0
CLM006062,1,0,1,0,1,0,0,medium,3,4.083,66842.66,49308.34
CLM006063,0,0,1,1,0,0,1,medium,3,6.38,73423.8,51797.87
CLM006064,0,0,1,1,0,0,0,low,2,2.053,34541.9,17671.92
CLM006065,1,0,0,0,0,1,0,low,2,1.587,18620.23,3840.62
CLM006066,0,0,0,0,0,0,1,low,1,1.032,13426.84,10283.84
CLM006067,0,0,1,0,0,0,0,low,1,0.971,8582.4,4079.1
CLM006068,1,1,1,0,1,1,0,high,5,12.627,139496.51,104599.22
CLM006069,0,1,0,0,1,0,1,high,3,7.864,116745.77,80581.64
CLM006070,1,1,1,0,1,1,0,high,5,11.961,165578.51,116013.34
CLM006071,0,1,1,0,1,1,0,high,4,10.332,93007.21,75437.0
CLM006072,0,1,1,1,0,0,0,high,3,9.452,84588.69,62279.24
CLM006073,1,0,0,1,1,1,0,high,4,15.034,146929.13,95833.71
CLM006074,1,0,0,0,0,0,0,medium,1,1.668,15528.6,8625.38
CLM006075,0,1,1,0,0,1,1,high,4,12.085,276555.5,218510.44
CLM006076,0,1,1,0,1,1,0,medium,4,8.845,76998.4,54608.98
CLM006077,1,1,1,0,0,0,0,medium,3,4.719,38665.1,14481.97
CLM006078,0,0,1,1,0,1,0,low,3,2.963,56279.26,46405.92
CLM006079,0,1,1,1,1,1,0,high,5,10.608,176628.64,126428.95
CLM006080,1,1,0,0,1,0,0,medium,3,5.713,61139.64,56035.49
CLM006081,0,0,1,1,0,1,0,high,3,5.02,45745.52,16001.59
CLM006082,0,1,1,0,1,1,0,high,4,11.884,93756.57,75210.65
CLM006083,1,0,1,1,0,1,1,high,5,12.642,151331.59,120527.25
CLM006084,1,0,0,1,1,0,1,high,4,13.02,130103.43,90228.6
CLM006085,0,0,1,0,0,0,0,low,1,1.002,10942.76,6290.43
CLM006086,0,0,1,1,0,0,0,medium,2,3.03,26189.35,13593.54
CLM006087,0,1,1,0,0,0,0,medium,2,3.365,47632.73,38996.8
CLM006088,0,0,1,1,0,0,0,low,2,1.767,27761.05,19001.05
CLM006089,0,1,1,0,0,1,0,high,3,9.184,141390.69,105762.22
CLM006090,0,0,0,1,0,1,0,medium,2,2.793,35480.44,13998.96
CLM006091,0,0,1,1,0,0,0,medium,2,2.721,30850.92,25087.78
CLM006092,0,0,0,0,1,0,0,low,1,0.958,12854.78,8826.22
CLM006093,1,0,1,0,1,1,0,medium,4,6.04,64514.84,50660.2
CLM006094,0,0,1,1,1,1,0,low,4,3.224,51896.12,34151.97
CLM006095,1,1,1,0,1,1,0,high,5,14.632,152105.65,135438.49
CLM006096,0,1,1,0,0,0,0,medium,2,3.266,39212.86,30762.39
CLM006097,0,0,1,0,0,0,0,low,1,1.014,14037.34,9314.3
CLM006098,1,0,0,0,0,0,0,low,1,0.77,10536.15,7289.67
CLM006099,0,0,1,0,0,1,0,low,2,2.19,26035.51,20066.73
CLM006100,1,0,0,0,0,0,0,low,1,1.211,10692.26,5910.46
CLM006101,1,1,1,0,1,0,1,high,5,17.796,272892.5,226972.73
CLM006102,1,1,0,0,1,0,0,low,3,2.555,31691.32,22949.23
CLM006103,0,0,1,0,0,0,0,medium,1,0.874,13033.03,1989.79
CLM006104,1,0,0,0,1,0,0,low,2,1.575,21138.24,13994.99
CLM006105,0,0,1,1,0,0,0,high,2,5.068,38822.42,27910.36
CLM006106,0,0,1,0,0,0,1,medium,2,4.47,40359.76,30084.78
CLM006107,0,0,1,1,0,0,0,low,2,1.919,21775.41,15482.33
CLM006108,0,0,1,1,0,0,0,medium,2,3.026,39966.15,24238.15
CLM006109,0,0,1,1,1,0,1,high,4,10.578,178894.91,138471.95
CLM006110,0,0,1,0,1,0,0,medium,2,2.447,35097.0,19592.0
CLM006111,0,1,1,0,0,1,1,high,4,8.874,109671.67,81870.76
CLM006112,1,1,0,0,1,0,0,medium,3,4.755,83727.3,54309.17
CLM006113,1,0,0,0,0,0,0,low,1,0.922,14948.13,8748.34
CLM006114,0,0,1,1,0,1,0,medium,3,3.897,50597.19,29179.04
CLM006115,0,1,0,0,1,0,0,low,2,2.003,25712.35,19588.11
CLM006116,1,0,1,0,0,1,0,medium,3,4.215,50350.62,33794.15
CLM006117,1,1,1,0,1,1,0,high,5,16.021,242203.49,180531.47
CLM006118,0,1,1,1,1,0,0,high,4,14.196,178820.86,143952.31
CLM006119,0,0,1,0,0,0,0,low,1,0.811,7464.91,2478.67
CLM006120,0,0,1,0,1,1,0,medium,3,3.496,37006.5,25993.56
CLM006121,0,0,1,0,0,0,0,low,1,0.91,16215.15,11413.65
CLM006122,0,0,0,1,1,1,0,low,3,2.342,39121.18,31228.5
CLM006123,0,0,1,1,0,1,0,high,3,7.22,111697.47,86032.39
CLM006124,1,1,1,0,1,0,0,high,4,10.089,151011.29,108630.08
CLM006125,0,0,1,0,0,0,0,low,1,1.048,9098.91,4117.7
CLM006126,0,0,1,1,0,1,0,medium,3,5.143,56318.45,47641.12
CLM006127,0,0,1,0,0,0,0,low,1,0.636,5579.42,3231.0
CLM006128,0,0,1,0,1,0,0,low,2,1.108,17597.6,13229.93
CLM006129,0,1,1,0,0,0,0,medium,2,3.114,48400.52,32490.81
CLM006130,1,1,1,0,1,1,0,medium,5,5.908,55372.49,47067.35
CLM006131,0,0,1,1,0,1,0,medium,3,5.687,47111.94,39284.64
CLM006132,1,0,0,0,1,1,0,high,3,8.143,85453.96,69245.13
CLM006133,0,1,1,0,0,1,1,medium,4,6.654,99066.26,76396.93
CLM006134,0,0,0,1,0,1,0,high,2,6.204,98527.13,80128.81
CLM006135,1,0,1,0,0,0,0,low,2,1.977,17746.07,13501.09
CLM006136,0,1,1,0,0,1,0,medium,3,5.372,42584.01,25388.73
CLM006137,0,1,1,0,1,1,0,high,4,12.214,159258.86,140056.95
CLM006138,0,0,1,1,0,1,0,medium,3,4.415,58929.22,43035.74
CLM006139,0,0,1,1,0,1,0,low,3,2.752,30655.19,19515.64
CLM006140,0,1,1,0,0,0,0,medium,2,3.555,38501.79,31568.0
CLM006141,1,0,0,0,1,0,0,medium,2,3.676,60956.6,46497.04
CLM006142,0,1,0,0,0,0,0,low,1,1.365,16981.37,12651.9
CLM006143,0,1,1,0,1,0,0,medium,3,5.696,63807.17,44358.31
CLM006144,1,0,0,0,1,1,0,high,3,6.079,55164.94,45359.17
CLM006145,0,0,1,0,0,0,0,low,1,0.787,7847.66,4083.01
CLM006146,1,1,0,0,1,1,0,low,4,4.069,55349.96,36300.36
CLM006147,0,0,0,0,0,1,0,medium,1,1.478,20823.03,812.94
CLM006148,0,1,1,0,1,1,0,high,4,9.031,87331.93,77720.55
CLM006149,0,0,1,1,0,0,0,low,2,2.371,12132.75,4101.94
CLM006150,0,1,1,0,1,1,0,high,4,12.019,193111.89,140017.71
CLM006151,0,0,1,0,0,0,0,low,1,0.927,14801.75,11291.98
CLM006152,0,0,1,1,0,1,0,high,3,7.35,79302.85,42074.22
CLM006153,0,1,1,0,1,1,0,medium,4,5.819,54690.1,45587.77
CLM006154,1,0,0,0,1,0,0,low,2,1.88,15044.2,6902.09
CLM006155,1,0,0,0,0,0,0,low,1,1.043,18938.68,11178.76
CLM006156,1,0,0,0,1,1,0,medium,3,4.249,63698.57,55449.96
CLM006157,0,1,1,0,1,0,0,medium,3,5.06,44415.55,23512.24
CLM006158,0,1,1,0,1,1,0,medium,4,4.826,58967.47,50183.84
CLM006159,0,0,1,0,0,1,0,low,2,1.916,33449.83,17371.47
CLM006160,1,0,1,0,1,1,1,high,5,8.287,117583.31,102637.81
CLM006161,1,0,0,0,1,0,0,low,2,2.11,28232.38,21849.36
CLM006162,1,0,0,0,1,0,0,medium,2,2.509,25020.73,21330.6
CLM006163,0,0,1,0,0,0,0,medium,1,1.585,15978.69,8444.23
CLM006164,0,1,1,0,0,0,0,medium,2,2.902,33256.62,15718.22
CLM006165,1,0,0,0,1,0,0,low,2,1.598,24690.8,15622.22
CLM006166,1,1,1,0,0,1,1,high,5,16.597,427062.06,316053.51
CLM006167,0,0,1,0,0,1,0,low,2,1.498,18043.56,5465.1
CLM006168,1,0,0,0,0,0,0,low,1,0.987,10970.98,6342.46
CLM006169,1,0,0,0,1,1,0,medium,3,4.225,37085.79,22158.01
CLM006170,1,0,1,0,1,0,0,low,3,2.806,35274.41,29331.13
CLM006171,1,0,0,0,1,1,0,medium,3,4.346,59961.68,48931.68
CLM006172,1,0,0,0,1,0,0,high,2,4.947,62575.58,42027.22
CLM006173,0,1,1,0,1,1,0,medium,4,7.068,100777.01,87087.38
CLM006174,1,0,0,0,1,0,0,low,2,1.462,13014.59,7287.96
CLM006175,1,0,0,0,1,0,0,low,2,1.584,14979.41,5511.99
CLM006176,1,0,0,0,0,0,0,low,1,0.934,8963.07,0.0
CLM006177,1,0,1,1,0,1,0,high,4,13.335,100534.77,64640.03
CLM006178,0,1,1,0,1,0,0,medium,3,4.29,50869.38,29375.78
CLM006179,0,0,1,0,1,0,0,high,2,3.119,55240.03,26845.49
CLM006180,1,1,0,0,1,1,1,high,5,15.35,222077.51,180475.17
CLM006181,1,0,0,0,1,1,0,high,3,5.783,87339.95,64301.19
CLM006182,1,0,0,0,1,1,0,low,3,3.078,33576.88,26509.27
CLM006183,0,0,1,0,1,0,0,medium,2,2.692,35847.02,26969.82
CLM006184,0,0,1,1,0,1,0,high,3,9.597,119235.9,75686.24
CLM006185,0,1,1,1,0,1,0,high,4,9.06,137532.04,89036.11
CLM006186,0,1,1,0,1,1,1,medium,5,8.626,114507.1,78779.7
CLM006187,0,0,0,0,0,1,1,medium,2,4.178,78241.58,54844.95
CLM006188,0,0,1,1,0,0,0,low,2,2.322,26060.01,20069.06
CLM006189,0,1,1,0,1,1,0,medium,4,6.764,92685.42,60290.27
CLM006190,0,0,1,0,0,0,0,low,1,0.688,8184.58,4446.06
CLM006191,0,0,1,1,1,0,0,low,3,2.62,39028.39,31263.96
CLM006192,0,0,1,0,1,1,0,high,3,5.673,84747.94,60917.48
CLM006193,0,1,1,0,1,0,0,high,3,7.438,84896.87,40899.04
CLM006194,0,0,0,0,0,0,1,low,1,0.958,16726.69,9369.24
CLM006195,0,1,1,0,1,0,0,medium,3,4.684,56690.03,45960.82
CLM006196,0,0,0,0,1,0,0,low,1,0.672,11624.26,0.0
CLM006197,0,1,1,0,1,1,0,high,4,8.622,113060.45,74229.26
CLM006198,0,1,1,0,1,1,1,high,5,14.137,162772.84,113442.88
CLM006199,0,1,1,1,0,1,0,medium,4,9.005,121603.39,78631.09
CLM006200,1,1,1,0,0,1,1,medium,5,7.896,110258.72,93324.17
CLM006201,0,0,1,0,1,1,1,medium,4,5.929,116637.01,75360.52
CLM006202,1,0,0,0,0,0,0,low,1,0.882,5018.32,0.0
CLM006203,0,1,1,0,1,1,1,medium,5,8.327,95317.84,85305.27
CLM006204,0,1,0,1,0,0,0,low,2,2.157,21183.15,13472.91
CLM006205,0,0,1,1,0,1,0,medium,3,4.228,48597.87,39703.76
CLM006206,0,1,1,1,0,1,0,high,4,10.889,161795.21,128180.75
CLM006207,1,1,1,0,0,1,1,high,5,18.726,288429.58,246564.43
CLM006208,0,1,1,1,1,1,0,high,5,14.745,250579.91,195446.66
CLM006209,0,1,1,0,0,0,0,low,2,1.58,18479.93,1728.48
CLM006210,1,0,0,0,1,0,0,low,2,1.389,16343.0,1509.9
CLM006211,0,0,1,0,0,0,0,low,1,0.847,16313.95,8737.22
CLM006212,1,0,0,0,1,0,0,medium,2,2.593,20432.47,16333.76
CLM006213,0,0,0,1,0,1,0,medium,2,4.081,70546.64,42215.24
CLM006214,0,0,1,1,0,0,0,medium,2,3.226,25946.14,9602.43
CLM006215,1,0,0,0,0,0,0,low,1,0.707,8769.2,2129.44
CLM006216,1,0,1,1,0,0,0,low,3,2.794,21133.81,15474.41
CLM006217,1,0,0,0,1,0,0,medium,2,2.675,31291.24,23042.8
CLM006218,0,0,1,0,1,0,0,low,2,2.059,25049.15,13302.47
CLM006219,0,1,1,0,1,0,0,high,3,7.685,140612.38,118490.19
CLM006220,0,0,1,0,0,0,0,medium,1,1.365,17183.45,13256.32
CLM006221,1,0,0,0,0,0,0,low,1,0.876,9275.96,5752.32
CLM006222,1,0,1,0,1,0,0,medium,3,4.444,57087.91,44269.16
CLM006223,0,1,1,1,0,1,0,high,4,12.113,191866.43,136346.49
CLM006224,1,0,1,0,0,1,0,low,3,3.332,63939.2,49820.23
CLM006225,0,1,1,0,0,0,1,medium,3,5.306,88559.42,71440.07
CLM006226,0,1,1,1,0,1,1,high,5,14.92,237171.52,146227.42
CLM006227,0,0,1,1,0,1,0,high,3,7.547,126620.68,97221.63
CLM006228,0,0,1,0,1,1,0,medium,3,3.08,27675.37,20437.39
CLM006229,1,0,1,0,1,0,0,low,3,2.513,26043.34,10773.16
CLM006230,0,0,1,0,0,0,0,low,1,0.86,10636.25,5973.6
CLM006231,1,0,0,0,0,0,0,medium,1,1.567,31228.0,17713.33
CLM006232,0,1,1,0,1,1,0,high,4,9.11,132990.07,67056.01
CLM006233,1,1,0,0,1,1,0,medium,4,6.1,51335.85,32053.53
CLM006234,0,0,1,1,0,1,0,low,3,2.904,30065.82,19449.84
CLM006235,0,1,1,0,1,0,0,medium,3,5.253,41997.08,22678.74
CLM006236,1,1,1,0,1,1,0,high,5,9.688,112807.0,86489.8
CLM006237,1,1,0,0,1,1,0,medium,4,5.374,123125.07,90120.36
CLM006238,0,1,1,0,0,1,1,medium,4,5.494,82295.99,62046.04
CLM006239,0,0,1,1,0,1,0,high,3,6.452,67999.4,39721.81
CLM006240,0,0,1,0,0,0,0,low,1,1.03,9481.28,3000.98
CLM006241,0,1,1,0,1,1,0,high,4,9.863,122208.2,99549.0
CLM006242,1,0,0,0,1,1,0,medium,3,4.256,53754.24,35167.16
CLM006243,1,1,1,0,1,0,0,high,4,13.002,131280.49,111629.15
CLM006244,1,0,1,0,1,1,0,high,4,11.539,147224.64,96396.71
CLM006245,1,0,0,0,0,0,0,low,1,0.69,8140.78,1314.66
CLM006246,0,0,1,0,0,1,0,medium,2,3.202,46014.44,28736.3
CLM006247,0,1,1,0,0,0,0,low,2,1.936,21371.11,6432.59
CLM006248,0,1,0,1,0,0,0,medium,2,3.835,39062.36,23977.73
CLM006249,0,0,1,0,1,1,0,high,3,7.62,72879.59,50348.97
CLM006250,0,0,1,0,0,0,0,medium,1,1.481,14644.78,6998.37
CLM006251,1,1,1,0,0,1,0,high,4,8.877,145039.57,97702.11
CLM006252,1,0,1,0,1,0,0,low,3,2.454,31357.57,21017.62
CLM006253,1,1,0,0,1,0,0,medium,3,5.266,55504.47,39124.36
CLM006254,0,0,1,0,0,0,0,low,1,0.752,8728.72,5974.34
CLM006255,0,1,1,0,0,1,0,high,3,7.215,85831.21,72306.48
CLM006256,0,1,1,0,1,0,0,medium,3,3.867,80826.87,52492.92
CLM006257,0,1,0,0,0,0,1,medium,2,4.204,58433.55,38973.54
CLM006258,0,0,1,0,1,1,0,medium,3,5.008,55395.3,35009.06
CLM006259,0,0,1,0,0,0,1,medium,2,3.463,38639.85,30338.0
CLM006260,0,0,1,0,0,0,0,medium,1,1.693,25310.76,17720.65
CLM006261,0,1,1,1,0,0,0,medium,3,5.48,68782.92,46341.63
CLM006262,0,1,1,0,1,0,0,medium,3,4.037,54720.72,35982.43
CLM006263,0,1,1,1,1,0,0,high,4,7.967,94506.55,79674.57
CLM006264,0,1,1,0,1,1,0,high,4,12.432,163966.11,139678.71
CLM006265,0,0,1,1,1,1,0,high,4,10.981,120336.66,103459.98
CLM006266,0,0,1,0,1,1,0,medium,3,3.767,64960.37,43973.8
CLM006267,0,1,1,0,1,1,0,medium,4,6.031,81448.12,57870.03
CLM006268,0,1,1,0,1,0,0,medium,3,3.794,65544.69,51892.15
CLM006269,0,1,1,1,0,1,0,high,4,12.009,135159.67,96839.02
CLM006270,1,0,0,0,1,0,0,high,2,4.005,45548.63,34060.92
CLM006271,1,0,1,0,0,1,0,medium,3,4.859,48400.13,41530.29
CLM006272,0,0,1,0,0,1,0,low,2,1.785,21001.22,12995.15
CLM006273,1,0,0,0,1,1,0,high,3,6.066,94371.58,66440.15
CLM006274,1,0,0,0,0,0,0,low,1,0.805,7721.48,4516.82
CLM006275,1,1,1,0,0,1,1,high,5,10.713,194285.85,138069.45
CLM006276,0,0,1,0,0,1,0,medium,2,2.929,44576.02,21685.27
CLM006277,1,0,0,0,0,1,0,high,2,3.948,47779.81,31915.71
CLM006278,1,0,1,0,1,1,0,medium,4,5.428,109827.97,91848.57
CLM006279,0,0,1,0,0,0,0,low,1,1.004,13197.05,9103.57
CLM006280,0,0,1,1,0,1,0,medium,3,4.258,37277.57,22567.49
CLM006281,1,1,1,0,1,1,0,high,5,10.58,125807.74,109568.92
CLM006282,0,0,1,1,0,1,0,low,3,3.822,37517.92,24811.48
CLM006283,0,0,1,1,1,0,0,medium,3,4.727,50312.36,35002.29
CLM006284,0,0,1,0,0,1,0,low,2,2.053,24296.5,19705.88
CLM006285,1,0,0,0,0,0,0,low,1,1.221,18416.53,7528.39
CLM006286,0,1,1,0,0,1,1,high,4,11.598,246365.2,177413.35
CLM006287,0,0,0,0,1,0,0,low,1,0.684,8272.36,344.74
CLM006288,1,0,0,0,1,0,0,low,2,1.633,22791.81,16929.69
CLM006289,1,0,0,0,1,1,0,medium,3,5.009,44888.87,30010.04
CLM006290,1,0,0,0,0,0,0,medium,1,1.668,20016.21,15887.18
CLM006291,0,1,1,0,1,1,0,high,4,7.899,98257.49,79145.5
CLM006292,0,0,1,0,0,0,0,low,1,0.988,20004.41,14036.48
CLM006293,0,0,1,0,0,0,0,low,1,1.102,9229.36,6337.1
CLM006294,1,0,1,0,1,1,0,medium,4,5.964,66628.33,41681.43
CLM006295,0,1,1,0,0,1,0,medium,3,5.705,51282.8,37370.0
CLM006296,0,1,1,0,0,0,0,medium,2,2.889,37601.85,25868.5
CLM006297,0,0,1,1,0,1,0,medium,3,6.256,107475.74,77354.8
CLM006298,1,0,0,0,1,0,0,low,2,2.168,25124.86,15525.65
CLM006299,0,0,1,1,1,1,0,medium,4,6.445,120249.75,107350.15
CLM006300,1,1,0,0,0,0,0,high,2,7.168,98472.1,72456.99
CLM006301,0,1,1,0,1,1,0,high,4,13.332,202520.38,156779.18
CLM006302,1,0,0,0,1,0,0,medium,2,2.478,29145.52,17578.38
CLM006303,1,0,0,0,1,0,0,low,2,1.296,7448.02,0.0
CLM006304,0,0,1,1,0,1,0,medium,3,3.432,36788.93,25720.34
CLM006305,0,0,1,0,0,0,0,low,1,0.784,5986.12,0.0
CLM006306,0,1,1,0,0,1,0,low,3,2.941,31730.68,23636.56
CLM006307,0,1,1,1,0,1,1,high,5,17.524,403067.31,350293.76
CLM006308,1,0,0,0,1,1,0,medium,3,4.137,38966.51,26782.39
CLM006309,0,0,1,1,0,1,0,medium,3,6.126,95373.57,52352.81
CLM006310,0,1,0,0,1,1,0,low,3,3.137,36217.29,13799.19
CLM006311,0,0,1,1,1,1,0,medium,4,6.905,68616.46,55755.07
CLM006312,0,0,1,0,0,1,0,low,2,2.012,32127.57,16134.36
CLM006313,0,1,1,0,1,1,0,high,4,9.202,105851.44,89816.01
CLM006314,0,0,1,1,0,1,0,medium,3,4.006,48402.43,33735.85
CLM006315,1,0,0,0,1,1,0,medium,3,4.584,65942.02,52824.36
CLM006316,0,0,0,0,1,0,0,low,1,0.804,11326.28,772.68
CLM006317,0,1,1,0,0,1,1,high,4,10.403,94292.22,82072.64
CLM006318,0,0,1,0,0,0,0,medium,1,1.689,17019.85,10874.03
CLM006319,0,1,1,0,1,1,0,high,4,9.158,171631.38,132642.52
CLM006320,1,0,0,0,1,0,0,low,2,2.138,26230.47,19758.25
CLM006321,0,0,1,1,0,0,0,medium,2,3.187,35849.5,21169.42
CLM006322,1,0,0,0,0,0,0,low,1,0.865,6511.99,0.0
CLM006323,0,0,0,0,0,1,1,high,2,5.848,73853.61,53627.13
CLM006324,1,1,0,0,1,0,0,medium,3,4.655,53060.78,33854.46
CLM006325,1,0,1,0,1,1,0,high,4,7.606,110964.05,66888.14
CLM006326,1,0,0,0,1,1,0,medium,3,2.989,32994.0,22781.78
CLM006327,0,0,1,0,0,1,0,medium,2,4.06,62350.49,49241.39
CLM006328,1,0,0,0,1,0,0,medium,2,3.178,32733.98,26113.86
CLM006329,0,0,0,0,1,0,0,low,1,0.79,5976.01,2975.12
CLM006330,0,0,0,1,0,1,0,low,2,1.807,12900.62,7753.54
CLM006331,0,1,1,0,1,1,0,medium,4,5.383,85574.26,61799.12
CLM006332,0,0,1,1,0,0,0,medium,2,2.75,32543.35,22242.0
CLM006333,0,0,1,0,0,1,1,medium,3,4.516,53408.19,44854.07
CLM006334,1,1,0,0,1,0,0,medium,3,5.198,71252.85,50611.79
CLM006335,0,1,1,0,0,0,0,medium,2,2.869,27612.08,22123.22
CLM006336,1,0,1,0,1,1,0,high,4,9.136,97420.59,73932.01
CLM006337,0,0,1,1,0,1,0,high,3,8.475,56612.62,37384.38
CLM006338,0,0,1,0,0,0,0,low,1,0.673,9658.11,5977.64
CLM006339,0,1,1,1,1,1,0,high,5,12.474,137654.69,103600.22
CLM006340,0,1,1,0,0,0,0,high,2,4.988,62984.13,34662.91
CLM006341,1,1,1,0,1,1,0,high,5,10.633,203571.64,155822.64
CLM006342,0,0,1,0,0,0,0,low,1,0.869,7846.62,0.0
CLM006343,1,1,0,0,1,0,0,medium,3,4.325,57489.86,42652.77
CLM006344,1,0,1,0,0,1,0,high,3,8.718,82911.71,66225.43
CLM006345,1,0,0,0,1,1,0,high,3,5.878,97723.41,63635.71
CLM006346,0,1,1,0,1,0,0,medium,3,5.157,105042.22,70927.52
CLM006347,0,1,1,1,1,0,0,high,4,7.962,55069.25,46131.26
CLM006348,0,0,1,0,0,0,0,low,1,0.867,15744.31,8886.0
CLM006349,0,1,1,1,1,1,0,medium,5,7.358,88624.77,81789.13
CLM006350,0,0,1,0,1,0,0,low,2,1.7,21391.31,8419.4
CLM006351,0,1,1,0,0,1,1,medium,4,7.459,90544.64,78610.26
CLM006352,1,0,0,0,0,0,0,medium,1,1.64,21930.43,15083.78
CLM006353,0,1,1,0,0,1,1,medium,4,7.475,80125.02,65552.59
CLM006354,1,1,0,0,1,0,0,high,3,6.512,78459.75,70314.07
CLM006355,0,0,1,0,0,0,0,low,1,1.091,12440.35,8426.59
CLM006356,0,0,1,0,0,0,0,low,1,0.616,7320.41,0.0
CLM006357,1,0,1,0,0,0,0,low,2,2.078,23838.24,12095.62
CLM006358,0,1,1,0,1,0,0,medium,3,4.482,54878.32,42722.31
CLM006359,1,0,1,0,0,0,0,low,2,1.966,33855.23,24714.31
CLM006360,1,1,1,0,1,0,0,medium,4,7.229,128511.61,94988.31
CLM006361,1,0,0,1,1,0,0,medium,3,3.338,44960.3,33442.5
CLM006362,1,0,0,0,1,0,0,medium,2,2.231,32152.74,20145.98
CLM006363,1,1,0,0,0,0,0,medium,2,3.15,48557.75,31177.97
CLM006364,1,0,0,0,0,0,0,low,1,0.711,10735.27,7143.33
CLM006365,1,0,0,0,0,0,0,medium,1,1.988,24671.27,3239.33
CLM006366,1,0,1,0,1,1,0,high,4,9.279,152101.69,126566.75
CLM006367,0,1,1,0,1,1,0,medium,4,6.169,68800.27,60171.16
CLM006368,1,0,0,0,1,1,0,high,3,9.551,142267.12,97855.04
CLM006369,0,0,1,0,1,0,1,low,3,2.465,29021.48,14148.91
CLM006370,0,1,1,0,1,1,0,high,4,9.616,144673.33,121895.13
CLM006371,1,1,1,0,1,1,0,high,5,17.308,215092.51,176534.09
CLM006372,0,0,1,0,0,1,0,medium,2,2.863,25219.76,18223.25
CLM006373,0,1,1,0,1,0,0,high,3,6.603,106050.45,68086.36
CLM006374,1,0,0,0,0,0,0,medium,1,1.535,15948.14,0.0
CLM006375,0,1,1,1,0,1,0,medium,4,5.851,67001.21,49039.89
CLM006376,0,0,1,1,0,0,0,high,2,6.631,78242.36,51188.04
CLM006377,1,0,0,1,1,1,0,high,4,8.277,83156.54,62511.49
CLM006378,1,0,0,0,1,0,0,medium,2,2.892,38370.13,30874.29
CLM006379,1,0,0,0,1,1,0,low,3,1.672,28022.85,15512.78
CLM006380,0,0,1,0,0,0,0,low,1,0.844,7794.08,3914.09
CLM006381,0,1,1,0,1,1,0,medium,4,8.229,80402.56,49420.79
CLM006382,0,1,1,0,0,1,1,high,4,13.503,198663.2,149264.49
CLM006383,0,1,1,0,0,1,1,medium,4,6.452,127770.52,112320.97
CLM006384,1,0,1,0,1,0,0,medium,3,4.896,76255.51,60045.32
CLM006385,0,1,1,0,0,0,0,medium,2,3.342,60549.13,44105.66
CLM006386,0,0,1,1,0,1,0,low,3,3.282,27840.77,22087.05
CLM006387,1,0,1,0,0,0,0,low,2,1.77,17383.17,7988.2
CLM006388,0,0,1,1,0,0,0,medium,2,4.14,38331.6,24304.76
CLM006389,1,0,1,0,1,0,0,medium,3,4.455,42468.15,29007.39
CLM006390,0,1,1,0,0,1,0,low,3,2.599,49154.4,42336.85
CLM006391,1,0,1,0,1,1,0,high,4,8.311,80635.53,45498.91
CLM006392,1,1,1,1,1,1,0,high,6,16.264,235530.53,194721.12
CLM006393,1,0,0,0,1,1,0,high,3,8.814,62350.69,33651.52
CLM006394,0,0,1,1,0,1,0,low,3,2.346,33977.84,19922.78
CLM006395,1,0,0,0,1,0,0,low,2,1.476,11881.65,5792.74
CLM006396,0,0,1,1,1,1,0,medium,4,6.164,103935.15,60881.35
CLM006397,1,1,1,0,0,1,1,high,5,14.138,272502.21,203021.85
CLM006398,0,0,1,1,0,1,0,low,3,1.823,16187.18,12219.83
CLM006399,0,0,1,0,0,1,0,low,2,1.701,17087.63,0.0
CLM006400,0,0,1,0,0,0,0,low,1,1.028,9811.54,241.57
CLM006401,1,1,1,0,1,0,0,high,4,6.746,139708.85,100342.26
CLM006402,1,1,1,0,1,1,0,high,5,12.774,226731.78,173079.3
CLM006403,1,0,0,0,1,0,0,low,2,2.077,23353.36,12797.96
CLM006404,0,0,1,0,1,0,0,medium,2,2.824,24258.7,11424.47
CLM006405,1,0,1,0,0,0,0,low,2,2.374,45376.71,33471.35
CLM006406,0,1,0,0,0,1,1,high,3,12.277,326612.0,261556.62
CLM006407,0,0,0,0,1,0,0,low,1,0.72,11713.99,4988.76
CLM006408,0,0,0,0,0,0,1,low,1,1.12,10404.3,5633.58
CLM006409,0,0,0,0,1,0,0,low,1,0.83,8837.44,1901.21
CLM006410,1,0,0,0,1,0,0,medium,2,2.462,31620.1,20346.38
CLM006411,1,0,1,0,0,0,0,medium,2,2.91,15973.63,12845.24
CLM006412,0,0,1,1,0,0,0,low,2,1.637,30163.57,16286.18
CLM006413,0,1,1,0,0,1,1,high,4,12.918,196380.12,140496.19
CLM006414,1,0,0,0,0,0,0,low,1,0.957,12436.06,0.0
CLM006415,0,1,1,0,1,1,0,high,4,7.742,52638.34,35901.26
CLM006416,0,0,1,0,0,1,1,high,3,5.877,78006.21,53049.56
CLM006417,1,1,1,0,0,1,0,low,4,4.174,58749.04,28532.18
CLM006418,1,0,0,0,1,1,0,medium,3,4.53,49098.39,41530.43
CLM006419,0,1,1,0,1,1,0,high,4,10.529,85589.41,53876.46
CLM006420,0,0,1,1,0,1,0,low,3,2.209,24716.37,10602.69
CLM006421,0,1,1,0,1,0,0,medium,3,3.96,52432.88,32612.75
CLM006422,0,0,0,0,1,0,0,medium,1,1.254,21234.93,14467.39
CLM006423,0,0,1,1,0,0,0,medium,2,3.235,37820.33,29877.57
CLM006424,0,1,1,0,1,1,1,high,5,13.961,219541.86,179267.08
CLM006425,0,0,1,0,1,1,0,low,3,2.832,27611.69,17447.69
CLM006426,0,0,1,0,0,0,0,medium,1,1.429,17308.42,8592.25
CLM006427,1,0,1,1,0,0,0,medium,3,5.854,84911.86,56812.66
CLM006428,0,0,1,0,0,1,0,low,2,2.264,28866.83,15622.83
CLM006429,1,0,1,0,1,0,0,low,3,3.551,66481.71,57070.4
CLM006430,1,1,0,1,1,0,0,low,4,4.426,65290.39,40325.78
CLM006431,1,0,0,0,0,0,0,low,1,1.022,11492.61,7169.29
CLM006432,1,0,1,0,1,0,0,medium,3,3.439,50482.03,35161.95
CLM006433,0,0,0,1,0,1,0,low,2,2.709,41144.29,28663.21
CLM006434,0,1,1,1,0,1,0,medium,4,7.178,94698.66,78998.55
CLM006435,0,0,1,1,0,0,0,medium,2,2.565,34238.12,23020.76
CLM006436,0,1,1,0,1,1,0,high,4,8.44,101402.52,82393.34
CLM006437,0,1,0,0,0,0,0,low,1,1.017,19402.12,2995.54
CLM006438,0,1,1,1,1,1,0,high,5,10.551,113195.8,79289.9
CLM006439,1,0,0,0,0,0,0,medium,1,1.497,19329.39,10591.3
CLM006440,1,0,0,0,1,0,0,medium,2,2.934,38778.2,29004.67
CLM006441,1,0,0,0,1,1,0,high,3,10.242,160284.37,138694.6
CLM006442,1,1,1,0,0,1,0,medium,4,7.625,117843.97,101974.12
CLM006443,0,1,1,1,0,0,0,low,3,2.959,33859.41,27615.72
CLM006444,0,0,1,1,0,0,0,medium,2,2.574,26850.58,16501.8
CLM006445,0,0,1,1,0,0,0,low,2,2.258,27116.36,18433.81
CLM006446,0,1,1,0,1,1,0,high,4,11.705,220304.35,151563.7
CLM006447,0,0,1,0,1,1,0,medium,3,3.954,52733.21,40472.26
CLM006448,0,0,0,0,1,0,0,low,1,0.866,8563.18,6079.68
CLM006449,0,1,1,0,1,1,0,low,4,3.096,41462.53,34985.78
CLM006450,0,0,1,1,0,1,0,low,3,2.686,27777.63,20564.1
CLM006451,0,1,1,0,1,1,0,high,4,8.128,146780.75,90203.4
CLM006452,0,1,1,0,0,0,0,medium,2,2.998,44876.24,34632.7
CLM006453,1,1,1,0,1,1,0,high,5,13.649,249006.67,203477.3
CLM006454,1,0,0,0,0,1,0,medium,2,3.543,42127.01,29894.9
CLM006455,0,1,0,0,1,0,0,low,2,2.859,23178.1,19103.88
CLM006456,0,1,1,0,1,0,0,medium,3,4.819,77096.75,59261.83
CLM006457,0,0,1,0,0,1,0,low,2,2.018,29879.42,23468.38
CLM006458,0,0,1,0,0,0,0,low,1,1.009,13231.49,3256.38
CLM006459,0,1,1,0,1,1,0,high,4,10.004,111450.15,94274.2
CLM006460,1,1,1,0,1,0,0,low,4,3.298,56360.59,49941.84
CLM006461,1,1,1,0,0,0,0,low,3,2.371,43133.78,32107.5
CLM006462,1,0,0,0,0,0,0,low,1,0.973,9027.48,167.39
CLM006463,0,0,1,0,1,0,0,medium,2,1.983,29916.89,24704.07
CLM006464,0,0,1,1,1,1,0,high,4,10.175,71709.6,61241.08
CLM006465,1,1,0,0,1,0,0,medium,3,5.482,49501.16,33806.17
CLM006466,0,0,1,1,0,0,0,medium,2,2.76,24442.31,15525.33
CLM006467,0,1,1,1,1,1,0,high,5,14.291,185452.73,143223.57
CLM006468,1,0,0,0,1,0,0,medium,2,3.423,46541.44,34489.9
CLM006469,1,0,0,0,1,0,0,medium,2,2.515,24514.78,10222.97
CLM006470,1,0,0,0,1,0,0,low,2,1.982,18785.61,8604.16
CLM006471,0,0,1,0,0,1,0,low,2,1.766,14711.66,9700.91
CLM006472,0,0,1,0,0,1,0,low,2,1.085,11085.23,0.0
CLM006473,1,1,1,0,1,1,0,high,5,9.346,112721.71,88361.78
CLM006474,1,1,1,0,0,1,0,high,4,12.06,207942.32,193092.15
CLM006475,0,1,1,0,1,1,0,high,4,11.222,219126.6,188883.63
CLM006476,0,0,1,1,0,0,0,medium,2,4.098,53134.08,39055.28
CLM006477,0,1,1,0,1,1,0,medium,4,5.122,58722.72,53094.91
CLM006478,0,0,1,0,0,0,0,low,1,0.526,6552.05,3708.9
CLM006479,0,1,1,0,0,1,0,medium,3,4.496,51613.58,40791.49
CLM006480,0,0,1,1,0,0,0,low,2,2.043,29358.21,20493.25
CLM006481,0,1,1,0,1,1,0,medium,4,8.689,108790.69,78346.18
CLM006482,1,0,1,1,0,0,0,medium,3,4.834,64469.09,50646.69
CLM006483,1,0,0,0,1,0,0,high,2,4.044,46444.25,18740.83
CLM006484,1,0,0,1,0,1,0,low,3,3.015,52111.34,34604.38
CLM006485,1,0,0,0,0,0,0,low,1,1.083,7048.97,0.0
CLM006486,1,0,0,0,1,1,0,medium,3,5.647,64391.12,40881.42
CLM006487,1,0,0,0,1,0,0,low,2,1.915,29667.19,19166.95
CLM006488,1,0,0,0,1,1,0,medium,3,4.445,54728.7,44007.0
CLM006489,1,0,0,0,0,0,0,medium,1,1.702,22803.53,17887.37
CLM006490,0,0,1,1,1,1,0,low,4,3.42,47553.36,34486.76
CLM006491,0,0,1,1,0,0,0,medium,2,2.94,43739.92,31859.82
CLM006492,0,1,1,0,1,1,0,high,4,11.129,110524.78,97618.94
CLM006493,1,0,1,0,0,1,0,high,3,7.799,106615.02,87207.51
CLM006494,1,0,1,0,0,1,0,low,3,2.786,38414.45,15022.22
CLM006495,0,0,1,0,0,0,0,low,1,0.707,6336.24,3138.59
CLM006496,0,1,1,0,0,0,0,medium,2,3.693,47616.78,29637.31
CLM006497,1,0,0,0,1,0,0,low,2,2.082,32957.91,21621.94
CLM006498,1,0,0,0,0,1,0,medium,2,3.074,38357.74,32154.57
CLM006499,0,1,1,0,1,0,0,high,3,5.755,75966.58,55107.19
CLM006500,0,1,1,0,1,1,0,high,4,10.372,118497.59,84179.62
CLM006501,1,0,0,0,0,0,0,low,1,0.85,9705.15,4783.43
CLM006502,1,0,0,0,0,0,0,low,1,0.921,7934.09,5233.92
CLM006503,1,0,1,0,1,1,0,high,4,8.148,126336.81,115018.54
CLM006504,1,0,0,0,1,1,0,medium,3,4.316,59162.09,43302.87
CLM006505,0,0,1,0,1,1,0,high,3,6.281,105523.74,76499.26
CLM006506,0,0,0,0,0,1,0,low,1,1.158,8481.32,5375.36
CLM006507,1,1,1,0,0,1,1,high,5,16.253,318448.81,274285.34
CLM006508,1,0,0,0,1,0,0,high,2,4.892,65472.66,42902.77
CLM006509,0,0,1,1,0,0,0,medium,2,2.687,27352.67,14308.34
CLM006510,0,1,1,0,1,1,0,medium,4,8.458,132233.71,113519.81
CLM006511,1,0,1,0,1,0,0,medium,3,3.724,65153.23,49433.66
CLM006512,0,1,1,0,0,0,0,low,2,1.863,22846.55,2161.44
CLM006513,1,0,0,0,1,0,0,high,2,6.654,87083.37,58580.84
CLM006514,0,0,1,0,0,0,0,low,1,0.797,11138.07,7326.03
CLM006515,1,0,0,0,1,0,0,medium,2,3.021,31915.81,17766.14
CLM006516,1,0,0,0,1,1,0,low,3,2.558,31799.97,16730.75
CLM006517,1,0,0,0,1,0,0,low,2,1.844,21428.54,13936.42
CLM006518,0,0,1,0,0,0,0,low,1,0.751,5268.49,0.0
CLM006519,0,1,1,0,0,0,0,medium,2,3.526,57479.18,45978.47
CLM006520,0,0,1,1,1,0,0,medium,3,5.337,61094.88,48590.21
CLM006521,1,1,1,0,1,0,0,high,4,10.38,146005.35,102089.99
CLM006522,0,0,1,0,0,1,1,high,3,5.755,93053.57,68917.76
CLM006523,0,1,1,0,0,1,0,high,3,9.045,95720.89,66806.45
CLM006524,0,1,1,1,0,0,0,high,3,7.695,67513.71,45310.73
CLM006525,1,1,1,0,0,1,0,high,4,10.63,174664.21,153206.38
CLM006526,1,1,1,0,1,0,0,medium,4,6.036,89584.19,72175.44
CLM006527,1,0,0,1,1,0,0,low,3,2.74,35900.57,25686.69
CLM006528,0,0,1,0,1,0,0,medium,2,2.222,31119.1,19080.45
CLM006529,1,0,0,0,1,1,0,high,3,7.841,93057.53,82343.11
CLM006530,0,1,1,0,0,0,1,medium,3,4.925,45732.89,36867.77
CLM006531,0,0,0,0,1,0,0,low,1,0.711,5997.6,2382.42
CLM006532,0,0,1,0,1,0,0,low,2,1.361,15555.66,6138.01
CLM006533,0,0,1,0,1,0,0,low,2,1.6,35203.17,26807.85
CLM006534,1,1,1,0,1,0,0,high,4,8.938,139705.23,111767.32
CLM006535,0,1,0,0,0,0,0,medium,1,2.005,28837.86,10559.57
CLM006536,0,0,1,0,0,1,0,medium,2,2.591,41375.17,21933.78
CLM006537,0,0,1,0,0,1,0,low,2,1.436,12119.25,4782.01
CLM006538,0,0,1,1,0,1,0,medium,3,4.677,37735.07,21556.25
CLM006539,0,0,1,1,0,0,0,low,2,1.555,18298.27,6056.08
CLM006540,0,1,1,0,0,0,0,high,2,3.971,37186.65,0.0
CLM006541,1,0,0,1,1,1,0,high,4,10.466,164309.38,126596.42
CLM006542,0,0,1,1,0,1,0,medium,3,3.97,53719.47,41086.7
CLM006543,0,0,1,0,0,1,0,low,2,1.651,16821.98,1968.21
CLM006544,0,1,0,0,0,1,0,low,2,2.931,45966.95,34547.15
CLM006545,0,1,1,0,1,1,1,high,5,14.067,200316.51,166695.16
CLM006546,1,0,0,0,0,0,0,medium,1,1.11,12442.88,0.0
CLM006547,1,0,0,0,1,0,0,medium,2,2.894,25810.82,8620.29
CLM006548,1,0,0,0,0,0,0,low,1,1.158,14553.11,7695.05
CLM006549,0,0,1,0,0,0,0,low,1,0.869,9593.15,4554.8
CLM006550,1,0,0,1,1,1,0,high,4,9.805,99810.62,80629.37
CLM006551,0,0,1,0,0,0,0,low,1,0.958,12909.37,7717.11
CLM006552,1,1,0,0,1,1,0,high,4,11.592,153842.21,128463.54
CLM006553,1,1,1,1,0,0,0,high,4,12.493,232585.3,211733.56
CLM006554,0,0,1,0,1,0,0,low,2,1.335,17372.9,0.0
CLM006555,1,0,1,0,0,0,0,medium,2,2.346,21882.29,11451.31
CLM006556,0,0,1,1,1,1,0,medium,4,5.757,65595.89,59594.85
CLM006557,0,1,1,0,1,1,0,high,4,12.779,211392.78,170321.5
CLM006558,0,0,1,0,1,1,0,high,3,7.347,128261.44,103203.67
CLM006559,1,0,1,1,0,1,0,medium,4,5.378,95321.57,64414.71
CLM006560,0,0,1,1,0,1,0,high,3,6.425,116075.65,86191.07
CLM006561,1,0,0,0,0,1,0,medium,2,3.118,53968.85,34377.91
CLM006562,1,1,0,0,1,0,0,low,3,2.926,43185.67,30568.58
CLM006563,0,0,1,0,0,0,0,low,1,1.093,16549.38,4144.96
CLM006564,0,1,1,0,0,1,1,low,4,5.327,52234.15,34552.17
CLM006565,1,1,1,1,1,1,0,high,6,15.228,198978.53,132096.63
CLM006566,0,1,0,0,0,0,1,medium,2,3.347,47211.58,36706.34
CLM006567,0,0,1,1,0,0,0,medium,2,3.419,52283.4,36396.79
CLM006568,0,0,1,1,0,0,0,low,2,1.745,20861.36,0.0
CLM006569,0,1,1,1,0,1,1,high,5,14.735,256374.47,226861.31
CLM006570,1,0,0,0,0,0,1,medium,2,3.218,30015.63,20192.31
CLM006571,0,0,1,1,0,0,0,medium,2,3.425,45527.53,33549.38
CLM006572,1,0,0,0,0,0,0,low,1,0.987,8040.49,4482.29
CLM006573,0,0,0,0,1,0,0,medium,1,1.112,19022.48,13471.2
CLM006574,1,0,0,0,0,1,0,medium,2,3.173,24068.57,17571.19
CLM006575,1,0,1,0,0,0,0,low,2,1.58,27866.83,16819.4
CLM006576,0,0,1,1,0,0,0,medium,2,2.967,36972.39,28963.13
CLM006577,0,0,1,1,0,0,0,high,2,5.521,56993.9,51311.31
CLM006578,0,1,1,0,0,1,1,high,4,13.126,228964.94,210610.25
CLM006579,1,1,1,0,1,1,0,high,5,15.725,232889.32,157889.74
CLM006580,1,0,0,0,1,1,0,medium,3,4.258,51231.96,32734.93
CLM006581,1,0,0,0,0,0,0,low,1,0.83,12542.2,4994.34
CLM006582,1,0,0,0,1,1,0,medium,3,3.664,54007.54,48070.41
CLM006583,0,0,1,0,0,1,0,medium,2,3.215,40444.92,34870.86
CLM006584,0,1,1,0,1,1,1,high,5,11.079,166422.91,129196.76
CLM006585,0,0,1,1,0,1,0,high,3,9.812,109024.64,77483.16
CLM006586,0,0,1,1,0,1,0,medium,3,4.991,69825.39,53779.76
CLM006587,1,0,0,1,0,1,0,medium,3,3.624,53477.67,31109.8
CLM006588,1,0,1,0,0,0,0,low,2,1.968,20166.84,12173.84
CLM006589,1,1,0,0,1,1,0,high,4,11.489,152003.83,110907.72
CLM006590,0,0,1,0,0,1,0,low,2,1.502,18148.77,10932.32
CLM006591,1,0,0,0,1,0,0,medium,2,2.99,22013.21,14133.24
CLM006592,0,1,1,0,1,1,1,high,5,10.661,153025.03,105765.94
CLM006593,1,1,1,0,0,0,1,high,4,13.813,177028.54,113424.46
CLM006594,0,0,1,0,1,0,0,low,2,1.627,24850.25,13013.61
CLM006595,0,0,1,0,0,0,0,low,1,0.771,13943.55,7182.5
CLM006596,0,1,1,1,0,1,1,high,5,13.328,177753.2,129853.66
CLM006597,0,0,1,1,0,1,0,high,3,6.36,112782.4,90965.22
CLM006598,1,0,0,1,0,0,0,medium,2,2.764,34964.62,30377.95
CLM006599,1,0,0,0,0,1,0,medium,2,3.04,38369.51,31415.59
CLM006600,1,0,0,0,1,0,0,low,2,1.501,22835.24,17149.33
CLM006601,0,0,1,1,1,0,0,high,3,6.954,63837.4,51781.24
CLM006602,0,0,1,0,0,1,0,medium,2,2.74,51876.21,46206.05
CLM006603,1,0,0,0,0,0,0,low,1,0.955,8931.1,143.27
CLM006604,0,0,1,0,0,0,0,low,1,0.914,16598.21,6308.36
CLM006605,0,1,1,0,1,1,0,high,4,9.385,144548.63,119062.81
CLM006606,0,1,1,1,0,0,1,high,4,11.353,159600.52,119449.72
CLM006607,1,1,1,0,1,0,0,medium,4,5.801,73081.61,55283.54
CLM006608,0,1,1,0,0,0,1,medium,3,5.443,73619.06,55152.37
CLM006609,1,0,1,0,1,1,0,high,4,7.254,82264.88,65799.94
CLM006610,0,0,1,1,0,1,0,medium,3,4.027,43532.18,29535.1
CLM006611,0,0,0,1,0,1,0,low,2,1.899,15779.98,8564.54
CLM006612,1,0,0,0,1,0,0,medium,2,2.559,30391.92,10991.35
CLM006613,1,0,1,0,1,1,0,high,4,7.683,89982.6,77367.6
CLM006614,0,1,1,0,1,0,0,medium,3,5.754,77217.14,54602.16
CLM006615,1,0,1,1,0,0,0,medium,3,5.342,67768.96,44613.13
CLM006616,0,0,1,1,0,1,0,medium,3,5.054,68675.35,57049.25
CLM006617,1,0,0,0,1,1,0,high,3,10.658,98440.12,83438.98
CLM006618,0,0,1,1,1,0,0,medium,3,5.428,66914.67,42164.5
CLM006619,0,1,1,0,0,0,0,low,2,2.462,44561.51,29659.65
CLM006620,0,1,1,1,0,1,0,high,4,10.133,174690.74,163490.28
CLM006621,1,0,0,0,0,1,0,medium,2,2.915,36162.52,27523.05
CLM006622,0,0,0,0,0,1,0,low,1,1.177,15103.82,5509.89
CLM006623,0,1,1,1,0,1,1,high,5,17.084,435755.86,340877.76
CLM006624,0,0,1,0,0,0,0,medium,1,1.365,13970.97,7104.02
CLM006625,0,0,1,0,1,0,0,low,2,1.89,23785.87,4395.33
CLM006626,0,0,1,0,1,0,0,low,2,1.434,11319.53,6339.56
CLM006627,0,1,1,0,1,0,0,high,3,7.409,76532.51,67034.54
CLM006628,1,0,0,0,0,0,0,low,1,1.469,13384.81,9202.76
CLM006629,0,0,1,0,0,0,0,medium,1,1.508,19787.18,12160.38
CLM006630,0,0,1,1,0,0,0,low,2,2.094,28584.05,15112.55
CLM006631,1,0,0,0,0,1,0,medium,2,2.906,38432.96,28179.54
CLM006632,1,0,0,0,1,1,0,medium,3,4.524,51161.9,23121.37
CLM006633,1,0,0,0,0,1,0,low,2,1.855,20233.13,9436.78
CLM006634,0,0,1,0,1,0,1,high,3,12.184,221538.55,160587.62
CLM006635,1,1,1,0,1,1,0,high,5,10.077,134520.35,122855.94
CLM006636,0,1,1,0,0,1,0,medium,3,4.306,43193.33,37364.17
CLM006637,1,1,1,1,0,0,0,medium,4,8.697,110708.79,87985.69
CLM006638,0,0,1,0,1,0,0,low,2,1.287,22374.01,14810.9
CLM006639,0,1,1,0,0,1,0,high,3,7.737,94258.02,69254.66
CLM006640,0,0,1,0,0,0,0,low,1,0.589,9191.63,2323.49
CLM006641,1,0,0,0,1,1,0,low,3,2.418,34451.56,29622.7
CLM006642,0,1,1,0,0,1,1,medium,4,7.009,157828.86,120507.46
CLM006643,0,0,1,0,0,0,0,medium,1,1.549,27847.7,22316.83
CLM006644,1,0,0,0,0,0,0,low,1,0.748,8973.16,0.0
CLM006645,1,0,1,0,0,0,0,medium,2,3.164,40408.8,34017.64
CLM006646,0,1,1,1,1,1,0,high,5,12.248,121298.5,86947.93
CLM006647,0,1,1,0,1,1,0,medium,4,6.438,101792.23,85144.91
CLM006648,0,0,0,0,1,0,0,low,1,0.8,11962.42,5467.18
CLM006649,0,1,0,0,0,0,0,low,1,1.156,19132.11,11135.44
CLM006650,0,0,1,0,1,0,0,low,2,1.381,10285.71,4569.07
CLM006651,1,1,0,0,1,0,0,medium,3,5.158,42448.38,35784.47
CLM006652,1,0,0,0,1,1,1,high,4,10.624,123379.13,99289.58
CLM006653,1,0,0,0,1,0,0,medium,2,2.952,44901.16,32206.12
CLM006654,0,1,1,0,1,0,0,medium,3,3.803,43676.51,33459.71
CLM006655,0,0,1,1,0,1,0,low,3,2.651,30903.86,18102.44
CLM006656,0,1,1,1,0,0,0,high,3,9.173,87883.96,63706.7
CLM006657,0,0,1,1,0,0,0,medium,2,2.428,34608.65,25686.31
CLM006658,0,0,1,0,1,0,0,low,2,1.23,12894.45,8375.81
CLM006659,1,0,0,0,0,0,0,low,1,1.384,17716.15,13682.61
CLM006660,0,0,1,1,1,1,0,high,4,9.993,105933.31,71449.97
CLM006661,0,0,1,0,0,0,0,low,1,0.849,8767.98,0.0
CLM006662,0,0,1,1,0,0,0,medium,2,2.79,33436.13,19820.04
CLM006663,0,1,1,0,1,0,0,high,3,8.59,141424.53,107352.33
CLM006664,0,0,1,1,0,0,0,high,2,6.579,41402.84,10531.1
CLM006665,1,0,0,0,0,1,0,medium,2,3.433,38041.61,18767.07
CLM006666,1,0,0,0,1,0,0,medium,2,3.189,33931.57,22400.59
CLM006667,0,0,0,0,1,0,0,medium,1,1.286,15593.59,2022.0
CLM006668,0,0,1,0,1,0,0,medium,2,1.865,22576.38,18244.29
CLM006669,1,0,0,0,0,1,0,low,2,2.143,27627.58,21058.73
CLM006670,0,1,0,0,0,1,1,medium,3,5.601,99539.31,81159.19
CLM006671,0,0,0,1,0,0,0,low,1,1.151,12363.18,1412.33
CLM006672,1,0,0,0,0,0,0,low,1,1.149,12765.74,5819.65
CLM006673,1,0,0,0,1,1,0,high,3,8.27,132818.7,96709.89
CLM006674,0,0,1,0,0,0,0,low,1,0.69,9662.8,3342.98
CLM006675,0,0,1,1,0,1,0,low,3,2.507,32853.22,16534.41
CLM006676,0,1,1,0,1,0,0,high,3,6.786,105330.29,74547.68
CLM006677,1,0,0,0,1,0,0,low,2,2.105,34404.21,14615.24
CLM006678,0,0,1,0,0,0,0,low,1,0.723,8883.8,2962.8
CLM006679,1,0,0,0,1,1,0,medium,3,4.145,54594.97,39807.14
CLM006680,1,0,1,1,0,1,0,low,4,3.828,41390.21,36092.8
CLM006681,1,1,1,0,1,0,0,medium,4,7.378,104481.36,81848.04
CLM006682,0,0,1,0,0,1,0,medium,2,3.707,27301.98,15036.19
CLM006683,1,0,0,0,1,0,0,medium,2,3.416,29847.51,10322.49
CLM006684,1,0,0,0,1,1,0,high,3,8.723,97639.81,81158.84
CLM006685,0,0,1,1,0,0,0,low,2,1.651,18997.88,11317.89
CLM006686,0,0,1,0,0,0,0,low,1,0.831,14098.32,8188.17
CLM006687,0,1,1,0,0,0,0,low,2,2.612,34441.34,21635.58
CLM006688,0,1,1,0,0,1,0,medium,3,5.717,97505.35,60317.15
CLM006689,0,0,1,1,1,0,0,low,3,1.993,26639.65,8754.63
CLM006690,0,0,1,0,1,0,0,low,2,1.277,15873.42,6554.38
CLM006691,0,1,1,0,1,1,0,high,4,12.676,181003.79,115992.51
CLM006692,0,0,1,1,0,1,0,low,3,2.366,43756.58,30190.96
CLM006693,0,1,1,0,1,1,0,high,4,10.166,145633.59,106052.22
CLM006694,0,0,1,0,1,1,1,medium,4,5.39,67270.63,53097.43
CLM006695,0,1,1,0,1,1,0,medium,4,6.141,103972.11,90188.77
CLM006696,0,1,0,0,1,0,0,low,2,1.563,23093.38,11565.54
CLM006697,1,0,0,0,1,1,0,medium,3,4.905,67460.84,46928.23
CLM006698,0,0,0,1,0,1,0,low,2,2.113,18628.5,12169.93
CLM006699,1,0,0,1,1,1,0,medium,4,6.481,48486.93,29872.73
CLM006700,1,0,1,0,0,0,0,medium,2,4.057,40479.57,14994.47
CLM006701,0,0,1,0,0,1,0,low,2,2.386,27050.8,22617.44
CLM006702,0,1,1,0,1,0,1,high,4,11.794,159519.99,118215.22
CLM006703,0,0,1,0,0,0,0,low,1,0.97,12963.09,1463.72
CLM006704,0,0,0,1,0,0,0,low,1,1.337,16801.74,10454.78
CLM006705,1,0,0,0,1,0,0,high,2,4.538,49909.08,33459.81
CLM006706,0,0,1,1,0,0,0,low,2,2.06,32813.09,21111.7
CLM006707,0,1,1,0,1,1,1,high,5,10.765,187270.05,157135.17
CLM006708,0,1,1,0,1,1,0,medium,4,4.922,58334.21,33049.08
CLM006709,0,0,1,1,0,1,0,low,3,2.732,37770.48,24227.87
CLM006710,0,0,1,1,0,0,0,medium,2,3.843,42126.02,33160.97
CLM006711,1,0,0,0,0,1,0,medium,2,3.252,48455.11,33832.37
CLM006712,1,0,1,1,1,1,0,high,5,14.309,180473.03,129397.46
CLM006713,1,0,0,0,1,0,0,low,2,1.845,25665.27,21347.94
CLM006714,0,1,1,1,0,1,0,medium,4,7.108,88804.88,74487.26
CLM006715,0,1,1,0,1,0,0,medium,3,4.187,58287.94,37406.34
CLM006716,1,0,1,0,0,1,1,low,4,4.336,65261.71,53585.35
CLM006717,0,1,1,0,0,1,0,medium,3,4.344,47323.43,36700.1
CLM006718,0,1,1,0,0,1,1,high,4,12.529,234881.53,175624.18
CLM006719,0,0,1,1,0,1,0,medium,3,3.871,73579.42,43357.0
CLM006720,0,0,0,0,1,0,0,medium,1,1.297,16645.25,9964.7
CLM006721,0,1,1,0,1,0,0,medium,3,4.985,66491.64,41189.36
CLM006722,0,0,1,0,0,1,0,low,2,1.792,15252.6,9406.92
CLM006723,0,1,1,0,1,1,0,medium,4,6.012,63386.95,34801.36
CLM006724,0,1,1,0,1,0,0,high,3,6.689,105182.55,70545.23
CLM006725,1,0,0,1,1,1,0,medium,4,5.402,37703.01,28812.82
CLM006726,0,0,1,0,0,0,0,low,1,0.744,7823.47,1425.76
CLM006727,0,0,0,0,1,0,0,low,1,0.709,5946.8,2808.77
CLM006728,0,1,1,1,0,1,0,high,4,10.848,181995.6,167696.82
CLM006729,0,0,1,0,0,1,0,medium,2,3.15,17871.9,10364.6
CLM006730,0,1,1,0,1,1,1,high,5,14.506,208946.59,154360.59
CLM006731,0,1,1,0,1,1,0,low,4,4.676,59141.18,37923.81
CLM006732,0,0,1,0,1,0,0,medium,2,2.661,38896.6,27392.6
CLM006733,1,0,0,0,0,0,0,low,1,1.415,16067.23,0.0
CLM006734,0,0,1,0,0,0,0,low,1,0.923,11859.69,7385.53
CLM006735,1,1,0,0,1,1,0,high,4,12.398,158194.61,119852.87
CLM006736,0,0,1,1,0,1,0,high,3,6.908,70419.32,45535.52
CLM006737,0,1,1,0,1,1,0,high,4,10.838,235097.3,166652.98
CLM006738,0,0,1,1,1,0,0,low,3,3.802,42290.94,37005.35
CLM006739,0,0,1,1,0,1,0,low,3,2.555,26337.94,13135.81
CLM006740,0,0,1,0,0,0,1,low,2,2.575,36151.74,24567.15
CLM006741,0,0,0,0,1,0,0,low,1,0.719,13202.17,7724.38
CLM006742,0,0,1,1,0,0,0,medium,2,3.081,38645.9,23767.8
CLM006743,1,1,1,0,0,0,0,medium,3,5.367,59372.38,49550.59
CLM006744,0,0,1,0,0,1,1,medium,3,4.308,50853.29,33027.29
CLM006745,0,1,1,0,1,1,0,medium,4,6.77,86408.61,59669.52
CLM006746,1,0,0,0,1,0,0,medium,2,2.627,26475.34,17884.17
CLM006747,0,1,1,0,1,1,1,high,5,9.441,150782.03,104613.2
CLM006748,0,0,1,1,0,1,0,high,3,8.219,91529.86,77186.07
CLM006749,1,0,0,0,1,1,0,high,3,6.788,86268.53,69694.03
CLM006750,0,0,1,0,0,0,0,low,1,1.018,8656.84,4185.76
CLM006751,1,1,0,0,1,0,0,high,3,7.389,119566.32,83292.58
CLM006752,0,1,1,0,0,0,1,medium,3,5.68,66178.1,46228.7
CLM006753,0,0,1,1,0,1,0,medium,3,4.967,58443.14,44068.98
CLM006754,1,0,1,0,0,1,0,medium,3,3.764,34315.64,18496.1
CLM006755,1,0,0,0,0,0,0,low,1,0.977,8411.89,3962.08
CLM006756,0,1,1,0,1,1,0,medium,4,5.457,84204.69,69442.55
CLM006757,1,0,1,0,0,0,0,low,2,1.623,20733.25,11798.57
CLM006758,1,1,1,1,0,1,0,high,5,14.571,186132.06,156005.4
CLM006759,1,0,0,0,0,1,0,medium,2,4.046,25070.57,19704.43
CLM006760,0,0,1,1,0,1,0,low,3,2.675,24350.32,3633.21
CLM006761,1,0,0,0,0,1,0,medium,2,3.937,45635.01,33819.01
CLM006762,0,1,1,1,0,1,1,high,5,15.208,264422.71,226626.53
CLM006763,1,0,1,0,0,0,0,low,2,2.409,20125.46,0.0
CLM006764,0,1,1,0,0,1,0,medium,3,5.179,97801.43,77926.67
CLM006765,0,0,1,0,1,0,0,medium,2,2.443,33755.71,20801.83
CLM006766,0,1,1,1,1,0,0,high,4,13.302,140886.49,84949.74
CLM006767,0,0,1,0,0,0,0,medium,1,1.114,14466.63,7192.6
CLM006768,0,0,1,0,0,0,0,low,1,0.847,10253.02,0.0
CLM006769,0,1,1,1,0,1,1,high,5,17.912,360313.4,249817.81
CLM006770,0,0,1,0,0,1,0,low,2,1.545,15746.18,9744.13
CLM006771,0,1,1,0,0,0,1,medium,3,4.753,61018.79,45793.58
CLM006772,1,1,1,1,1,1,0,medium,6,10.081,111904.08,88893.38
CLM006773,0,0,1,0,0,0,0,medium,1,1.27,14123.9,10285.14
CLM006774,0,0,1,0,1,0,0,low,2,2.018,11392.3,5200.56
CLM006775,0,1,0,0,1,0,1,high,3,7.449,144144.05,125867.61
CLM006776,1,0,0,0,1,1,0,high,3,9.711,172847.25,132193.8
CLM006777,0,0,1,1,0,1,0,low,3,2.749,37148.44,28034.99
CLM006778,0,0,1,0,1,1,0,high,3,7.097,107014.5,79183.61
CLM006779,0,0,1,0,1,0,0,low,2,1.512,17451.18,9300.36
CLM006780,0,0,1,0,0,0,0,medium,1,1.426,21527.36,14569.34
CLM006781,1,1,0,0,1,1,0,high,4,13.693,132752.64,99315.19
CLM006782,0,1,1,0,1,1,0,high,4,10.014,132306.14,106566.65
CLM006783,0,0,0,0,1,0,0,low,1,0.865,6000.24,0.0
CLM006784,0,1,1,1,0,0,0,medium,3,5.19,83326.82,65530.66
CLM006785,1,0,1,1,0,0,0,low,3,2.522,17185.19,2714.92
CLM006786,1,0,1,0,0,0,0,low,2,1.951,17763.59,6206.48
CLM006787,0,1,1,0,1,1,0,high,4,12.327,167151.67,109433.09
CLM006788,1,1,1,0,1,1,0,high,5,16.988,261252.28,190330.07
CLM006789,0,0,1,1,0,1,0,low,3,2.883,33823.26,20469.19
CLM006790,0,0,1,0,0,0,0,low,1,0.72,6454.57,2713.18
CLM006791,1,0,1,0,0,0,0,low,2,2.646,27942.16,16436.53
CLM006792,1,0,0,0,0,0,0,medium,1,1.769,28599.83,14129.69
CLM006793,0,0,0,0,0,1,0,low,1,0.786,13065.83,10084.9
CLM006794,0,1,1,0,1,1,0,medium,4,6.496,73020.03,45237.74
CLM006795,1,0,0,0,0,0,0,low,1,1.122,17904.91,12140.71
CLM006796,1,1,1,0,0,0,0,low,3,3.283,37204.5,25466.86
CLM006797,0,1,0,0,0,1,1,medium,3,5.758,92981.13,73068.33
CLM006798,1,0,0,0,1,0,0,medium,2,2.706,44798.15,28740.79
CLM006799,0,0,1,0,1,0,0,medium,2,3.269,33957.3,25332.79
CLM006800,0,0,1,1,0,1,0,medium,3,5.782,72656.06,66234.79
CLM006801,1,0,0,1,1,0,0,medium,3,4.156,50643.23,35968.18
CLM006802,0,1,1,0,0,1,0,high,3,6.096,44563.22,19462.93
CLM006803,1,0,0,0,0,0,0,low,1,0.999,6444.76,2794.66
CLM006804,0,1,1,0,1,1,0,medium,4,4.983,84716.88,64975.42
CLM006805,0,1,1,0,0,0,1,high,3,9.343,139160.98,125581.72
CLM006806,0,1,1,0,0,0,0,low,2,2.75,26964.31,11690.22
CLM006807,0,1,1,0,1,0,0,high,3,7.486,125131.44,96610.0
CLM006808,1,0,1,0,0,0,0,low,2,2.229,34583.17,21320.08
CLM006809,0,0,1,0,0,1,0,medium,2,2.865,43396.57,27010.55
CLM006810,1,0,0,0,1,1,0,medium,3,5.108,73332.01,43905.03
CLM006811,0,0,1,0,0,0,0,low,1,1.067,12202.11,1709.78
CLM006812,0,1,1,0,0,1,0,high,3,9.797,127066.24,100272.86
CLM006813,1,0,1,0,1,0,0,medium,3,4.488,40435.02,33842.14
CLM006814,1,0,0,0,0,0,0,low,1,1.06,10498.09,0.0
CLM006815,0,1,1,0,1,1,0,high,4,8.157,84952.23,59846.94
CLM006816,0,0,0,1,0,1,0,medium,2,2.98,36273.9,24112.4
CLM006817,1,0,0,0,0,0,0,low,1,0.866,17430.65,12159.91
CLM006818,0,1,1,0,0,0,0,high,2,7.76,156256.91,145796.84
CLM006819,0,0,1,0,1,1,0,medium,3,4.293,58250.44,40644.06
CLM006820,0,1,1,0,1,1,0,high,4,9.109,119281.74,78601.95
CLM006821,1,1,1,0,1,1,0,medium,5,7.176,123520.49,99991.2
CLM006822,0,1,1,0,1,1,1,high,5,11.316,244367.31,200294.13
CLM006823,0,0,1,1,0,1,0,high,3,9.219,89507.16,81892.52
CLM006824,0,1,1,1,1,0,0,medium,4,6.919,133390.86,121541.29
CLM006825,0,0,1,1,0,1,0,medium,3,4.488,62743.25,43443.68
CLM006826,0,0,1,0,1,0,0,medium,2,2.965,22815.77,13192.19
CLM006827,0,1,1,0,1,0,1,medium,4,7.257,102925.74,73576.43
CLM006828,0,1,1,1,0,1,0,high,4,8.99,82836.1,59569.02
CLM006829,0,1,1,1,1,0,0,high,4,12.425,204031.22,128247.77
CLM006830,0,0,1,0,0,0,0,low,1,0.943,15708.74,3020.57
CLM006831,0,1,1,1,0,1,1,high,5,16.077,248744.31,196412.59
CLM006832,0,0,1,0,0,1,0,low,2,1.588,19356.66,12835.49
CLM006833,0,0,1,1,0,0,0,medium,2,3.49,45109.73,35385.88
CLM006834,1,0,1,0,0,0,0,low,2,1.594,23532.86,3227.11
CLM006835,0,0,1,0,0,0,0,low,1,0.664,6952.13,4112.79
CLM006836,0,1,1,0,1,1,0,high,4,8.012,92304.9,57316.04
CLM006837,0,0,1,1,1,0,0,low,3,2.219,20515.89,13573.06
CLM006838,0,0,0,0,0,1,0,low,1,0.804,10989.64,0.0
CLM006839,0,0,1,1,1,1,0,medium,4,7.424,74407.02,59214.05
CLM006840,0,1,1,0,0,1,1,medium,4,7.418,108001.17,86250.25
CLM006841,1,0,0,0,0,0,0,medium,1,1.421,14039.68,3226.34
CLM006842,0,0,1,0,0,1,0,low,2,1.913,36912.32,21126.49
CLM006843,1,0,1,0,1,1,0,high,4,11.677,147229.96,102151.55
CLM006844,1,0,1,0,0,0,0,medium,2,3.572,43067.62,22669.42
CLM006845,1,0,0,0,1,1,0,medium,3,4.659,74990.49,52845.46
CLM006846,0,1,1,1,1,0,0,medium,4,6.592,101330.87,83257.21
CLM006847,1,0,1,0,1,1,0,high,4,8.667,138786.44,112024.82
CLM006848,0,0,1,1,1,0,0,medium,3,4.435,64353.86,39843.98
CLM006849,0,1,1,1,0,1,0,high,4,8.758,146094.72,104494.88
CLM006850,0,0,1,0,1,0,0,medium,2,2.742,28088.22,19372.61
CLM006851,1,0,0,1,1,1,0,high,4,9.989,114395.9,84104.33
CLM006852,0,0,1,1,0,1,0,medium,3,3.661,31135.01,14130.62
CLM006853,1,0,0,0,1,0,0,low,2,1.804,15545.18,8851.08
CLM006854,1,0,0,0,1,0,0,low,2,1.885,18913.91,12230.1
CLM006855,1,0,1,0,1,0,0,medium,3,4.102,73152.23,60309.2
CLM006856,1,0,1,0,1,1,0,medium,4,5.471,92571.93,79348.7
CLM006857,1,0,1,1,0,0,0,medium,3,4.977,46293.43,35346.46
CLM006858,1,1,1,0,1,0,0,high,4,8.257,95465.02,83872.91
CLM006859,0,0,1,0,0,0,0,low,1,0.909,8044.51,4709.54
CLM006860,0,0,1,1,0,1,0,low,3,3.228,70571.78,50692.44
CLM006861,0,0,1,1,0,0,0,medium,2,2.928,23098.34,17758.18
CLM006862,0,0,1,1,0,1,0,high,3,7.215,94077.63,65857.6
CLM006863,1,0,0,1,0,0,0,low,2,1.854,11216.72,6528.4
CLM006864,0,0,1,0,0,1,0,medium,2,2.84,42153.39,32841.42
CLM006865,0,0,1,0,0,0,0,medium,1,1.376,12226.17,6449.47
CLM006866,1,1,1,0,1,0,1,medium,5,10.537,199888.0,171011.63
CLM006867,0,0,1,1,0,0,0,low,2,1.524,10791.53,4948.24
CLM006868,1,0,1,0,1,0,0,low,3,2.72,34870.4,31086.23
CLM006869,1,0,1,0,1,0,0,medium,3,3.946,34678.85,13138.39
CLM006870,1,1,1,0,1,0,0,high,4,11.821,236741.03,195828.13
CLM006871,1,0,0,0,1,0,0,medium,2,2.925,43077.83,31177.44
CLM006872,0,0,1,0,0,0,1,high,2,5.033,90765.49,70000.66
CLM006873,1,0,0,0,1,1,0,medium,3,3.228,38926.44,31456.31
CLM006874,0,1,1,0,1,0,0,high,3,9.474,157666.42,128093.46
CLM006875,0,1,1,0,1,0,1,high,4,10.625,117953.19,97292.69
CLM006876,0,0,1,0,0,0,1,medium,2,4.027,35199.93,16415.76
CLM006877,0,0,1,0,0,1,0,low,2,2.211,17190.9,0.0
CLM006878,1,0,0,1,1,0,0,high,3,7.533,95372.43,66514.51
CLM006879,1,0,0,0,1,1,0,low,3,2.273,13344.38,0.0
CLM006880,0,1,1,0,0,0,0,high,2,4.819,79664.97,57024.49
CLM006881,0,1,1,0,0,0,0,low,2,1.614,20225.78,2318.71
CLM006882,0,1,1,1,0,1,0,high,4,9.407,112801.17,83057.16
CLM006883,0,0,1,1,0,0,0,medium,2,2.996,47405.73,39977.74
CLM006884,1,1,1,0,0,1,1,high,5,17.58,213213.5,153407.81
CLM006885,1,1,1,0,1,0,0,medium,4,5.048,57770.37,41054.45
CLM006886,0,1,1,0,1,1,0,high,4,10.872,106335.18,82004.17
CLM006887,0,0,1,1,0,0,0,medium,2,3.422,25823.49,11244.41
CLM006888,1,0,1,0,0,1,0,medium,3,4.439,40408.71,25451.05
CLM006889,1,0,0,0,1,1,0,medium,3,4.555,38993.53,25098.4
CLM006890,0,0,1,1,1,1,0,high,4,12.083,130197.53,85045.24
CLM006891,0,1,1,0,0,1,0,medium,3,5.786,71936.48,65498.47
CLM006892,1,0,0,1,0,1,0,medium,3,4.672,52751.34,39769.82
CLM006893,0,0,1,1,1,0,0,low,3,1.815,28840.93,10287.66
CLM006894,0,0,1,0,0,1,1,medium,3,6.399,98311.98,65224.53
CLM006895,0,0,1,0,0,1,0,low,2,1.985,20031.03,16405.93
CLM006896,1,0,1,0,0,1,0,low,3,3.025,48919.98,27687.37
CLM006897,0,0,1,1,0,1,0,high,3,9.976,149776.91,126967.99
CLM006898,0,0,1,0,0,0,0,low,1,0.982,11062.55,4539.12
CLM006899,0,1,1,1,0,1,0,medium,4,6.521,79318.57,65256.43
CLM006900,1,0,0,0,1,0,0,low,2,1.47,16600.11,11064.65
CLM006901,1,0,1,0,0,0,0,low,2,2.199,26392.8,12095.33
CLM006902,1,1,1,0,1,1,0,high,5,13.884,270941.71,204403.32
CLM006903,1,0,1,0,1,0,0,high,3,5.902,102704.25,65095.26
CLM006904,0,1,1,0,0,0,1,high,3,7.75,95818.55,67760.6
CLM006905,1,0,1,0,0,0,0,low,2,2.164,34720.14,19721.39
CLM006906,1,1,1,0,0,1,0,medium,4,8.222,120947.01,83219.31
CLM006907,1,0,1,1,1,0,0,medium,4,7.154,109947.61,63348.45
CLM006908,0,1,1,0,1,0,0,high,3,7.027,97354.11,64070.36
CLM006909,0,1,1,0,1,1,0,high,4,12.204,211038.0,167700.33
CLM006910,1,0,1,0,1,0,0,low,3,2.669,29417.48,19694.43
CLM006911,0,0,1,1,0,0,0,high,2,6.176,66588.39,33767.16
CLM006912,0,1,1,0,0,1,1,medium,4,7.009,139893.09,100939.54
CLM006913,1,0,0,0,1,1,0,medium,3,5.085,45211.95,30234.22
CLM006914,0,0,1,0,1,1,0,medium,3,4.414,65508.41,54512.15
CLM006915,0,0,1,1,1,1,1,high,5,16.272,260781.91,221941.98
CLM006916,1,0,0,0,1,0,0,medium,2,2.427,20349.43,3686.27
CLM006917,0,1,1,0,0,1,1,high,4,10.728,109250.22,80878.27
CLM006918,1,0,0,0,1,1,0,medium,3,3.432,45483.17,36716.72
CLM006919,0,0,1,1,1,1,0,medium,4,6.312,74754.83,55529.76
CLM006920,0,0,1,1,0,0,0,low,2,2.22,13329.02,4646.05
CLM006921,1,0,0,0,0,1,0,low,2,1.25,19369.99,14646.14
CLM006922,1,0,0,1,1,0,0,medium,3,4.774,49794.97,39848.01
CLM006923,1,0,0,0,0,0,0,low,1,1.139,16581.47,0.0
CLM006924,1,0,0,0,1,0,0,medium,2,2.735,36118.28,19156.52
CLM006925,0,0,1,1,0,1,0,medium,3,2.923,37658.09,24239.93
CLM006926,0,0,1,1,0,0,0,low,2,1.834,22437.71,13697.57
CLM006927,0,0,1,0,0,0,0,low,1,0.848,12000.78,1770.04
CLM006928,0,0,1,1,0,1,0,low,3,3.439,61834.97,48710.54
CLM006929,1,0,1,0,1,0,0,medium,3,4.296,51203.69,43735.85
CLM006930,0,0,1,1,0,1,0,medium,3,4.782,78846.21,65551.4
CLM006931,1,0,0,0,0,0,1,high,2,6.181,98187.83,72328.62
CLM006932,0,0,0,1,0,0,0,low,1,1.097,11041.39,411.42
CLM006933,1,0,0,0,1,1,0,high,3,7.383,77878.56,51782.91
CLM006934,0,0,1,0,1,0,0,low,2,1.666,20824.2,4785.82
CLM006935,0,1,1,0,1,0,0,medium,3,5.63,91148.22,70811.22
CLM006936,0,0,0,0,1,0,0,low,1,0.548,6731.68,563.82
CLM006937,0,1,1,0,1,1,0,medium,4,7.597,67984.16,44047.42
CLM006938,1,1,1,0,1,1,0,high,5,11.721,97918.49,69961.2
CLM006939,0,0,1,0,1,0,0,low,2,1.616,17800.9,12371.42
CLM006940,0,1,1,0,1,1,0,high,4,9.568,82405.73,65586.94
CLM006941,1,0,0,0,0,0,0,medium,1,1.978,22718.53,13778.84
CLM006942,1,0,0,0,1,1,0,high,3,8.943,114575.2,83184.16
CLM006943,1,0,1,1,0,0,0,medium,3,5.644,101005.32,81060.7
CLM006944,0,1,1,0,1,0,0,low,3,2.666,35356.74,13443.46
CLM006945,1,0,1,0,0,1,0,medium,3,5.063,64898.05,58746.67
CLM006946,1,0,1,1,1,0,0,low,4,4.189,49075.84,35413.29
CLM006947,0,1,1,0,1,1,0,high,4,9.544,80458.51,53505.86
CLM006948,0,1,1,0,1,1,0,high,4,10.371,146700.39,115336.83
CLM006949,0,0,1,0,0,0,0,low,1,0.981,19672.95,9461.16
CLM006950,0,0,1,0,0,0,0,low,1,0.873,11873.91,0.0
CLM006951,0,0,1,0,1,1,0,low,3,2.447,36466.51,30758.17
CLM006952,0,1,1,1,1,1,0,high,5,18.038,309284.33,234865.84
CLM006953,0,1,1,0,0,1,0,low,3,3.004,37700.38,32434.04
CLM006954,1,0,0,0,0,0,0,low,1,1.093,13241.89,3260.46
CLM006955,1,1,1,0,0,1,0,high,4,12.617,143831.52,121716.27
CLM006956,0,0,1,0,0,0,0,low,1,0.916,13198.21,9200.34
CLM006957,1,0,0,0,1,1,0,medium,3,4.561,66603.56,57486.81
CLM006958,0,0,1,1,0,0,0,low,2,1.695,17133.2,11305.05
CLM006959,0,0,1,1,0,0,0,low,2,2.099,31561.82,26110.24
CLM006960,0,1,1,0,0,1,0,medium,3,5.24,58857.55,46966.68
CLM006961,1,0,0,0,0,0,0,medium,1,1.529,25475.34,19683.17
CLM006962,0,0,1,1,0,0,0,medium,2,2.845,26273.32,21646.61
CLM006963,0,0,1,0,0,1,0,low,2,1.769,23084.74,13447.07
CLM006964,1,0,1,0,1,0,0,low,3,1.337,23438.44,17621.36
CLM006965,0,1,1,0,0,0,0,low,2,2.037,25006.86,8078.52
CLM006966,1,0,0,0,0,0,0,low,1,1.24,12846.45,1573.28
CLM006967,0,0,0,0,1,0,0,low,1,1.071,17377.07,7510.96
CLM006968,1,0,1,1,0,1,0,high,4,12.692,131837.27,86617.06
CLM006969,1,0,0,0,1,1,0,medium,3,4.668,36836.64,24083.48
CLM006970,1,0,1,1,0,0,0,high,3,9.047,111075.66,81666.91
CLM006971,0,0,1,1,0,0,0,low,2,1.64,16263.8,12284.89
CLM006972,1,1,0,0,0,0,0,medium,2,3.225,42569.29,22044.04
CLM006973,0,0,1,1,0,1,0,low,3,2.834,23101.0,15215.36
CLM006974,0,1,1,0,1,0,0,high,3,8.997,104527.94,72773.85
CLM006975,1,0,0,0,0,1,0,medium,2,2.832,29083.7,24080.95
CLM006976,0,0,1,0,0,0,0,low,1,0.707,12088.93,5757.19
CLM006977,0,0,1,0,0,1,0,low,2,1.525,21266.49,17664.13
CLM006978,0,1,1,0,0,1,0,medium,3,4.911,72077.81,43605.88
CLM006979,0,1,1,1,0,0,0,high,3,8.398,147279.0,129248.48
CLM006980,0,0,1,0,1,0,0,low,2,2.09,20930.22,14716.52
CLM006981,0,0,1,0,1,1,0,medium,3,4.584,40457.58,32186.05
CLM006982,1,0,0,0,0,0,0,medium,1,1.589,25402.38,19220.43
CLM006983,0,0,1,0,0,0,0,low,1,0.909,6970.65,928.39
CLM006984,0,0,1,0,1,0,0,low,2,1.646,33039.67,26458.69
CLM006985,0,0,0,0,1,0,0,low,1,0.852,16871.36,12973.98
CLM006986,1,0,0,0,0,0,0,medium,1,1.79,21988.88,15902.11
CLM006987,1,0,0,0,1,0,0,medium,2,3.186,40636.7,26731.9
CLM006988,0,1,1,0,1,1,0,high,4,9.28,100936.86,67360.26
CLM006989,0,0,1,0,1,1,0,medium,3,4.612,80862.2,71108.34
CLM006990,0,1,1,0,1,1,0,medium,4,4.528,56833.52,47025.43
CLM006991,0,1,1,1,1,1,0,high,5,13.214,152290.71,101294.41
CLM006992,1,0,0,0,1,0,0,low,2,1.97,28787.21,20988.48
CLM006993,1,0,0,0,1,0,0,low,2,1.719,29568.5,23225.22
CLM006994,0,1,1,1,1,1,0,high,5,15.847,182122.7,150077.52
CLM006995,1,1,0,0,1,0,0,high,3,7.239,98293.6,75106.16
CLM006996,0,0,1,1,0,0,0,high,2,4.975,80030.95,62493.99
CLM006997,0,1,1,0,0,0,0,low,2,1.858,22918.27,14071.19
CLM006998,0,0,0,0,1,0,0,low,1,0.739,13600.48,0.0
CLM006999,0,1,1,0,1,1,0,high,4,9.097,157954.57,107500.12
CLM007000,1,0,0,1,1,0,0,high,3,6.646,63902.48,53099.56
CLM007001,1,0,0,0,0,0,0,low,1,0.924,10227.79,6357.63
CLM007002,0,0,1,1,0,1,0,low,3,2.458,23087.36,16583.83
CLM007003,1,1,1,0,1,0,0,high,4,11.437,168411.88,102057.06
CLM007004,0,1,1,0,0,0,0,medium,2,3.841,45488.61,36918.58
CLM007005,1,1,1,0,1,1,0,medium,5,7.529,82948.96,57364.47
CLM007006,1,0,0,1,1,1,0,high,4,9.512,71054.46,49874.8
CLM007007,0,1,1,0,1,1,0,high,4,9.013,127591.69,83075.54
CLM007008,0,1,1,0,1,0,0,low,3,2.492,47943.21,40898.48
CLM007009,0,0,1,0,0,0,0,low,1,0.618,6645.15,684.15
CLM007010,1,0,0,0,0,0,0,low,1,0.974,9653.2,1866.28
CLM007011,0,1,1,1,0,1,0,high,4,9.491,107452.66,83648.34
CLM007012,0,0,1,1,0,0,0,low,2,2.523,44740.14,38075.86
CLM007013,1,0,0,0,1,1,0,high,3,7.477,72196.89,41403.97
CLM007014,0,1,1,0,0,0,0,medium,2,3.802,28256.39,20913.7
CLM007015,0,1,1,0,0,0,0,low,2,1.982,27847.24,19387.52
CLM007016,1,0,1,0,1,0,0,medium,3,4.605,57187.48,37906.57
CLM007017,1,0,1,0,1,0,0,medium,3,3.752,30815.96,18979.71
CLM007018,0,0,1,1,1,1,0,medium,4,4.724,48961.03,33353.4
CLM007019,0,1,1,0,0,0,0,low,2,1.798,24211.69,9860.5
CLM007020,0,1,1,0,1,1,0,high,4,11.86,142405.36,114470.14
CLM007021,0,1,1,0,1,1,1,high,5,8.517,243968.2,156688.18
CLM007022,0,0,1,0,0,0,0,low,1,0.749,5789.78,0.0
CLM007023,1,0,1,0,1,0,0,low,3,3.186,35944.34,16933.48
CLM007024,0,0,1,0,1,0,0,medium,2,2.783,46850.18,40338.51
CLM007025,0,0,1,0,1,0,0,medium,2,2.537,32432.13,28539.28
CLM007026,0,0,0,0,1,0,0,low,1,0.838,9113.22,4682.22
CLM007027,0,0,1,0,1,0,0,high,2,2.931,43763.34,37326.55
CLM007028,0,1,1,0,0,0,0,low,2,2.312,26322.67,11006.14
CLM007029,1,0,0,1,1,0,0,medium,3,5.356,79571.71,70827.53
CLM007030,0,0,1,1,0,0,0,low,2,2.52,22964.82,14380.92
CLM007031,0,1,1,0,0,1,1,high,4,8.595,124535.54,110327.61
CLM007032,1,0,0,0,1,0,0,high,2,4.338,53494.13,44185.0
CLM007033,1,0,0,0,1,0,0,medium,2,3.027,48597.51,37179.47
CLM007034,1,0,1,0,0,0,0,low,2,1.395,14891.22,9360.18
CLM007035,1,0,0,0,1,1,0,high,3,5.781,59535.82,31255.26
CLM007036,0,0,1,1,0,0,0,low,2,1.468,21148.23,6767.8
CLM007037,0,0,1,1,0,1,0,high,3,6.463,66557.69,57049.09
CLM007038,0,0,1,1,0,1,1,high,4,9.022,86221.59,39163.97
CLM007039,1,0,0,0,1,0,0,high,2,4.166,52575.1,37248.76
CLM007040,1,0,0,0,1,0,0,low,2,1.543,14837.44,5862.13
CLM007041,0,0,1,0,1,1,0,medium,3,3.342,51176.84,39132.23
CLM007042,0,0,1,1,0,1,0,high,3,7.848,101912.68,74109.15
CLM007043,0,1,1,0,1,1,0,medium,4,4.862,62461.29,43547.4
CLM007044,0,0,1,1,1,1,0,medium,4,4.727,56382.8,46916.53
CLM007045,1,1,1,1,1,1,0,medium,6,8.752,108664.06,66500.18
CLM007046,0,1,1,0,1,0,0,medium,3,5.353,93638.68,82859.06
CLM007047,0,0,0,0,1,0,0,low,1,0.815,8837.7,1896.32
CLM007048,1,0,0,0,1,1,0,low,3,2.615,34819.15,27745.65
CLM007049,0,1,1,0,1,0,0,medium,3,4.612,39007.42,32606.6
CLM007050,0,0,1,0,1,0,0,low,2,1.845,24316.85,17371.17
CLM007051,0,1,1,0,0,0,1,high,3,8.464,121163.76,84855.21
CLM007052,1,0,0,0,1,0,0,low,2,1.715,22399.43,2201.68
CLM007053,0,0,0,1,0,1,1,high,3,8.242,115063.64,63131.68
CLM007054,0,1,1,1,1,1,0,high,5,11.516,148233.86,88180.65
CLM007055,0,0,1,0,0,1,1,medium,3,5.432,48936.7,33015.99
CLM007056,0,0,1,1,0,1,0,high,3,7.262,66126.79,46243.66
CLM007057,0,0,1,1,0,1,0,medium,3,4.715,67444.64,50968.96
CLM007058,0,0,1,0,0,0,0,low,1,0.82,10463.09,2820.55
CLM007059,0,1,1,0,1,0,0,medium,3,4.437,57815.88,50625.21
CLM007060,0,1,1,0,0,1,1,medium,4,6.893,103982.6,93913.93
CLM007061,0,0,1,0,0,1,1,high,3,9.225,116014.41,90328.34
CLM007062,0,0,1,1,0,0,0,medium,2,2.756,20565.52,9949.49
CLM007063,1,0,0,0,1,0,0,medium,2,2.912,39462.27,25686.06
CLM007064,0,1,1,0,0,1,1,medium,4,7.021,94373.73,74477.57
CLM007065,0,1,1,0,0,0,1,high,3,9.382,74455.94,58506.23
CLM007066,0,0,1,1,0,0,0,medium,2,2.954,42907.6,28682.35
CLM007067,0,0,1,0,0,0,0,medium,1,1.389,17676.11,2436.3
CLM007068,0,1,1,0,0,1,0,medium,3,3.933,47769.11,41248.56
CLM007069,1,0,0,0,0,0,0,low,1,1.085,8936.21,348.85
CLM007070,0,0,0,0,1,0,0,low,1,0.722,6993.21,1239.19
CLM007071,1,0,1,0,0,1,0,low,3,2.024,29988.01,18080.56
CLM007072,1,0,0,1,1,1,0,high,4,8.143,142900.45,109949.86
CLM007073,0,0,1,1,0,1,0,medium,3,4.174,46801.14,41265.9
CLM007074,1,0,0,0,1,1,0,high,3,6.636,76617.38,60873.85
CLM007075,1,0,1,0,1,0,0,medium,3,3.211,41592.64,27550.22
CLM007076,0,0,1,1,1,1,1,medium,5,7.338,117322.23,97083.2
CLM007077,1,0,0,1,1,1,0,high,4,10.284,90101.62,73092.4
CLM007078,0,1,1,0,1,1,0,high,4,11.652,132123.83,104396.4
CLM007079,0,0,1,0,1,0,0,low,2,1.526,13269.74,9323.68
CLM007080,0,0,1,0,1,0,0,medium,2,3.341,46075.62,39952.47
CLM007081,0,0,0,0,1,0,0,low,1,0.759,9270.92,6135.62
CLM007082,1,1,0,0,1,1,0,low,4,5.123,50102.67,34414.07
CLM007083,0,0,0,1,0,0,0,low,1,1.528,18307.54,7392.36
CLM007084,0,1,1,0,1,1,0,high,4,10.891,125800.23,58025.92
CLM007085,1,0,0,0,0,0,1,medium,2,3.389,35901.56,27098.84
CLM007086,0,0,1,1,0,0,0,high,2,5.463,67286.87,40190.08
CLM007087,0,0,1,0,1,0,0,low,2,1.842,23132.16,12288.81
CLM007088,1,0,0,1,1,1,0,medium,4,5.642,83603.64,56574.25
CLM007089,0,0,1,0,0,0,0,medium,1,1.648,21571.64,8102.88
CLM007090,0,1,1,1,1,0,1,high,5,10.708,128013.34,102339.16
CLM007091,0,0,1,1,0,0,0,medium,2,3.145,70051.12,59408.87
CLM007092,1,1,1,0,1,1,1,high,6,16.18,259794.63,192162.26
CLM007093,1,0,1,1,0,1,0,high,4,8.57,107275.12,90037.72
CLM007094,0,1,1,0,1,0,0,medium,3,5.405,48222.49,33407.74
CLM007095,1,0,0,0,1,1,0,high,3,5.506,68412.48,56966.86
CLM007096,1,1,0,0,1,0,0,low,3,2.627,36140.27,26096.38
CLM007097,0,1,1,1,0,1,0,high,4,10.008,115216.84,97446.38
CLM007098,0,1,1,0,1,1,0,high,4,8.96,123613.86,86260.49
CLM007099,0,1,0,0,0,0,1,medium,2,4.445,68139.65,51963.36
CLM007100,0,0,1,1,0,1,0,medium,3,6.053,85933.55,62125.61
CLM007101,0,1,1,0,1,1,0,high,4,13.955,158779.12,145083.54
CLM007102,0,1,1,0,1,1,0,medium,4,4.884,59992.18,39318.94
CLM007103,0,1,1,0,0,0,0,medium,2,2.957,34610.09,17246.25
CLM007104,0,0,1,0,1,1,0,medium,3,4.408,41927.91,14824.59
CLM007105,0,0,1,1,0,0,0,medium,2,2.282,24968.88,16079.59
CLM007106,0,1,1,0,1,1,0,high,4,9.101,62777.16,52835.39
CLM007107,1,0,1,1,1,1,0,medium,5,7.637,53118.96,41181.49
CLM007108,1,0,0,1,1,0,0,medium,3,4.651,61318.15,47683.72
CLM007109,0,1,1,0,1,0,0,high,3,5.412,67380.01,52090.87
CLM007110,1,0,0,0,0,1,0,medium,2,2.669,30463.08,18977.78
CLM007111,1,0,0,0,1,0,0,medium,2,2.53,25713.12,15279.21
CLM007112,1,0,0,0,1,0,0,medium,2,3.123,54002.26,37427.96
CLM007113,1,0,0,0,1,1,0,high,3,8.248,82386.47,58981.64
CLM007114,0,0,1,1,0,1,0,medium,3,4.625,59681.76,53374.56
CLM007115,1,0,1,1,0,1,0,high,4,8.908,95169.1,59249.79
CLM007116,1,1,1,1,1,1,0,high,6,16.566,229885.01,155750.77
CLM007117,0,0,1,1,0,1,0,high,3,8.661,90291.67,64894.51
CLM007118,1,0,0,1,1,1,0,medium,4,6.562,106078.62,90293.73
CLM007119,1,0,1,0,0,0,0,medium,2,3.651,48308.75,39953.23
CLM007120,0,0,1,1,0,0,0,medium,2,3.45,57812.38,41460.3
CLM007121,0,0,1,1,0,1,1,high,4,14.716,244181.07,202373.79
CLM007122,1,1,1,0,1,1,1,high,6,18.045,307142.7,269096.23
CLM007123,1,0,0,0,0,0,0,medium,1,1.678,17839.16,0.0
CLM007124,0,0,1,1,0,0,0,medium,2,3.368,57864.32,40888.88
CLM007125,0,0,0,0,0,1,0,low,1,1.037,8442.54,0.0
CLM007126,0,1,1,1,0,1,0,high,4,13.468,209108.27,132875.71
CLM007127,0,0,1,0,1,1,0,medium,3,3.607,48948.81,27666.16
CLM007128,0,1,0,0,0,1,1,low,3,4.331,60744.63,48597.81
CLM007129,0,0,1,0,0,0,0,low,1,0.961,14295.64,8067.24
CLM007130,0,0,1,1,0,0,0,low,2,2.225,28644.12,23889.17
CLM007131,1,0,0,0,1,0,0,low,2,1.367,15519.45,0.0
CLM007132,1,0,0,0,0,0,0,low,1,1.158,18130.2,10794.47
CLM007133,0,0,1,1,0,0,0,medium,2,3.43,32577.0,20812.52
CLM007134,1,0,1,0,0,0,0,low,2,1.914,20824.81,13234.75
CLM007135,0,1,1,0,1,0,0,low,3,3.103,33812.44,13323.31
CLM007136,0,1,1,0,1,1,0,low,4,4.088,67620.86,48974.43
CLM007137,0,0,1,0,0,0,0,low,1,0.847,7697.35,0.0
CLM007138,0,0,1,0,0,0,0,low,1,1.001,14985.64,3852.52
CLM007139,0,1,1,1,1,0,0,low,4,5.052,55999.39,36230.06
CLM007140,0,0,1,1,0,1,0,medium,3,4.514,68353.92,43394.08
CLM007141,0,0,1,0,0,0,0,low,1,0.787,8890.04,0.0
CLM007142,1,0,0,0,1,1,0,high,3,10.101,76621.39,55005.82
CLM007143,0,0,1,1,0,0,0,low,2,1.937,34660.72,25171.01
CLM007144,1,0,0,0,0,0,0,low,1,0.964,8329.04,4407.53
CLM007145,0,1,1,0,1,0,0,medium,3,3.879,63404.57,52578.85
CLM007146,0,0,1,0,1,0,0,high,2,5.136,56659.01,38538.15
CLM007147,1,0,0,0,0,1,0,low,2,1.481,20601.2,12609.21
CLM007148,1,0,0,0,1,0,0,medium,2,2.592,37797.53,27703.81
CLM007149,1,0,1,1,0,1,0,medium,4,5.566,83939.9,69799.27
CLM007150,0,0,1,1,1,1,1,high,5,14.569,200447.25,178392.18
CLM007151,0,0,1,1,0,1,0,medium,3,4.431,61168.57,36464.83
CLM007152,0,1,1,0,0,0,0,medium,2,4.293,42665.39,31580.3
CLM007153,0,1,1,0,0,0,0,medium,2,3.146,51471.45,37714.74
CLM007154,0,1,1,0,1,1,0,high,4,8.787,164190.07,138562.42
CLM007155,0,0,1,0,0,0,0,low,1,0.911,5812.41,2303.96
CLM007156,1,0,0,0,1,0,0,high,2,6.39,81404.81,49350.27
CLM007157,0,1,1,0,0,1,1,high,4,8.045,106299.61,89704.19
CLM007158,0,0,1,0,0,1,0,medium,2,2.448,28517.1,20826.19
CLM007159,1,0,0,0,1,1,0,medium,3,4.943,58846.67,35651.82
CLM007160,1,0,1,0,0,0,0,low,2,1.993,20325.16,10968.18
CLM007161,0,1,1,1,1,1,0,high,5,10.49,154179.89,128704.31
CLM007162,0,0,0,1,1,1,0,medium,3,4.256,37650.26,14468.01
CLM007163,0,1,1,0,1,0,0,medium,3,4.684,63430.71,41755.23
CLM007164,0,0,1,1,0,1,0,medium,3,6.815,69694.05,49943.12
CLM007165,0,0,0,0,1,0,0,low,1,0.872,8716.11,4160.62
CLM007166,0,1,1,0,0,0,0,medium,2,3.381,56671.2,26721.83
CLM007167,0,1,1,0,0,1,1,low,4,4.704,55750.72,48661.17
CLM007168,1,0,0,0,0,0,0,low,1,1.071,10948.93,7061.79
CLM007169,0,0,1,0,0,1,0,low,2,1.692,31010.68,24464.07
CLM007170,0,0,1,0,0,0,0,low,1,0.749,7729.99,1547.2
CLM007171,0,1,1,0,0,1,0,high,3,7.254,75541.78,44814.96
CLM007172,0,0,1,1,1,0,0,medium,3,4.669,48167.72,32004.99
CLM007173,0,0,1,1,0,1,0,medium,3,4.481,57330.35,42299.95
CLM007174,0,1,1,0,1,1,0,high,4,9.782,100614.13,81118.83
CLM007175,1,1,0,0,1,1,0,high,4,11.179,99106.25,76091.81
CLM007176,0,0,1,0,0,0,0,medium,1,1.332,13737.36,0.0
CLM007177,1,0,0,0,0,1,0,high,2,5.547,39364.37,28666.96
CLM007178,0,0,1,1,0,1,0,low,3,2.687,36885.05,21127.51
CLM007179,1,0,1,0,1,0,0,low,3,2.179,22910.31,16525.2
CLM007180,0,0,1,0,0,1,0,low,2,2.159,39200.18,28959.55
CLM007181,0,1,1,0,1,1,1,high,5,14.889,265706.16,221392.56
CLM007182,0,0,1,0,0,0,0,low,1,0.631,6888.73,1884.16
CLM007183,0,1,1,0,1,0,0,high,3,6.427,83255.58,54340.58
CLM007184,0,0,1,0,1,0,0,medium,2,2.466,32845.81,22830.04
CLM007185,1,0,1,1,0,1,0,low,4,4.548,63516.95,49535.11
CLM007186,0,0,0,0,1,0,0,low,1,0.641,9707.73,7116.4
CLM007187,1,0,1,1,0,1,0,medium,4,6.527,63718.42,46280.74
CLM007188,1,0,0,0,1,1,0,low,3,2.483,37107.78,25143.13
CLM007189,1,0,0,0,1,1,0,medium,3,4.484,59714.71,45040.94
CLM007190,0,0,1,0,1,1,1,medium,4,6.661,149552.99,123482.98
CLM007191,1,0,0,0,1,1,0,medium,3,3.83,49381.79,28476.52
CLM007192,0,0,1,1,0,1,0,medium,3,3.764,44344.55,23990.32
CLM007193,1,0,0,0,0,0,0,low,1,1.205,12534.42,2117.13
CLM007194,0,0,0,1,0,1,0,low,2,1.427,15089.41,6316.13
CLM007195,0,1,1,1,1,1,0,high,5,16.13,190431.52,153425.63
CLM007196,1,0,1,0,1,0,0,medium,3,3.845,35906.49,24921.54
CLM007197,0,0,1,1,0,1,0,medium,3,5.377,64037.78,45011.74
CLM007198,0,1,1,0,0,1,1,high,4,8.703,148846.64,105276.38
CLM007199,0,1,1,0,1,1,0,high,4,13.859,185773.83,134469.93
CLM007200,0,0,1,0,0,0,0,low,1,0.85,5819.27,0.0
CLM007201,0,0,1,0,0,0,0,low,1,0.861,10506.21,6124.16
CLM007202,1,0,1,0,0,0,0,low,2,1.699,22590.0,10299.9
CLM007203,0,1,1,0,1,1,0,medium,4,8.038,67058.29,46954.58
CLM007204,1,0,0,0,0,0,0,low,1,0.906,12891.21,7025.41
CLM007205,0,1,1,0,1,1,0,high,4,12.929,262191.59,233989.0
CLM007206,0,1,1,0,1,1,0,high,4,10.514,122355.61,80833.98
CLM007207,0,1,1,0,1,0,0,high,3,6.769,113404.6,96541.0
CLM007208,0,1,1,1,1,1,0,high,5,15.638,278130.79,223749.67
CLM007209,0,1,1,0,1,1,0,low,4,4.819,61055.42,42786.44
CLM007210,0,0,0,0,1,1,0,low,2,1.875,16131.66,6330.13
CLM007211,0,1,1,1,1,1,0,high,5,11.892,125287.2,108420.1
CLM007212,0,0,1,0,0,0,0,low,1,0.855,15219.76,5578.73
CLM007213,0,0,0,0,1,0,0,medium,1,1.371,20126.2,420.7
CLM007214,0,1,1,0,1,1,0,high,4,8.976,155088.45,114184.04
CLM007215,1,0,0,0,1,0,0,low,2,2.144,28179.46,20781.87
CLM007216,0,0,1,0,0,0,0,low,1,0.662,6551.9,1756.18
CLM007217,0,1,0,0,0,0,0,medium,1,1.525,21159.85,8514.54
CLM007218,1,1,1,1,0,0,1,high,5,11.884,219716.42,180041.48
CLM007219,0,0,1,0,1,1,0,low,3,2.49,34297.39,30487.23
CLM007220,0,0,1,0,0,1,0,medium,2,2.697,40643.23,35018.31
CLM007221,0,0,1,1,0,1,0,high,3,6.813,96636.07,80779.57
CLM007222,1,0,1,0,0,0,0,low,2,2.113,33683.89,20015.18
CLM007223,1,1,0,0,0,0,0,low,2,2.049,30118.06,24921.92
CLM007224,0,0,1,0,1,0,0,low,2,1.703,14083.33,4891.12
CLM007225,1,0,0,0,0,1,0,low,2,1.961,22633.13,17062.92
CLM007226,0,1,1,0,1,0,0,high,3,6.726,79669.68,66551.43
CLM007227,1,0,0,1,1,0,0,high,3,6.449,85231.97,73394.99
CLM007228,0,0,0,1,0,0,0,medium,1,2.173,15515.76,10808.74
CLM007229,1,0,0,0,1,0,0,medium,2,3.086,41962.22,21190.74
CLM007230,0,1,1,0,0,0,0,medium,2,3.561,44920.2,30036.86
CLM007231,0,0,1,0,0,1,0,low,2,1.978,25969.18,17541.4
CLM007232,0,1,1,0,1,1,0,medium,4,6.593,62331.84,43676.99
CLM007233,0,1,1,0,0,0,0,medium,2,3.744,65143.26,35782.82
CLM007234,0,0,1,1,0,0,0,low,2,2.042,25217.73,18307.16
CLM007235,0,0,1,1,0,0,0,high,2,6.185,87924.29,61332.98
CLM007236,1,0,0,0,0,0,0,low,1,0.927,13564.74,9502.68
CLM007237,0,0,1,0,0,0,0,low,1,0.895,15408.76,9028.57
CLM007238,1,1,1,0,1,1,0,high,5,12.465,135989.43,100984.06
CLM007239,0,0,1,1,0,1,0,high,3,5.528,74787.59,59189.98
CLM007240,0,0,1,0,0,0,0,low,1,0.817,9376.64,5080.77
CLM007241,0,1,1,0,1,1,0,high,4,9.201,176386.39,137953.25
CLM007242,0,0,1,0,0,0,0,low,1,0.68,8716.24,5646.58
CLM007243,1,0,1,0,0,0,0,low,2,1.35,18498.55,15249.9
CLM007244,0,1,1,0,0,0,1,high,3,12.84,261539.38,212036.05
CLM007245,0,1,1,1,0,0,0,high,3,8.6,67830.91,53320.45
CLM007246,0,0,1,1,0,1,0,high,3,9.728,127625.97,101537.76
CLM007247,0,1,1,1,0,1,1,high,5,15.781,157456.33,122298.29
CLM007248,0,1,1,1,1,1,0,high,5,10.932,174459.63,138976.19
CLM007249,1,0,1,0,0,0,0,medium,2,3.098,22376.18,8762.0
CLM007250,0,0,1,0,0,1,0,low,2,1.584,14061.24,7282.15
CLM007251,1,0,0,0,1,0,0,low,2,1.636,30884.02,20246.2
CLM007252,1,1,0,0,1,1,0,medium,4,6.531,81374.63,42793.38
CLM007253,0,0,1,0,0,0,0,low,1,0.87,15592.93,10023.17
CLM007254,0,0,1,0,0,0,0,low,1,0.655,8184.96,3172.8
CLM007255,0,0,1,0,0,0,0,medium,1,1.257,16662.87,8533.48
CLM007256,0,0,1,0,0,0,0,medium,1,1.068,17329.07,5722.19
CLM007257,1,0,0,0,0,1,0,high,2,6.246,49682.83,31539.85
CLM007258,1,0,0,0,0,0,0,low,1,1.02,9040.38,0.0
CLM007259,1,0,0,0,1,1,0,low,3,3.012,58772.72,27480.73
CLM007260,0,0,1,1,0,0,0,high,2,7.281,120248.96,104129.89
CLM007261,0,1,1,0,1,1,0,medium,4,6.969,75472.74,68552.08
CLM007262,1,0,1,1,1,1,0,medium,5,8.408,153536.16,118305.2
CLM007263,0,0,1,1,0,0,0,medium,2,3.254,40979.58,26199.63
CLM007264,0,1,1,0,1,1,0,high,4,11.193,136569.57,105911.3
CLM007265,0,1,1,0,1,1,0,high,4,8.795,185585.36,145970.92
CLM007266,1,0,0,0,0,1,0,low,2,2.151,23835.56,19528.67
CLM007267,0,1,1,1,1,0,0,high,4,12.722,174014.31,127019.94
CLM007268,0,0,1,1,1,0,0,low,3,2.343,34895.94,22087.55
CLM007269,1,1,0,1,0,0,0,low,3,3.656,25188.76,4970.09
CLM007270,0,1,1,0,1,1,0,high,4,10.694,128657.4,65228.73
CLM007271,0,0,1,1,1,0,0,medium,3,4.548,44928.54,31382.06
CLM007272,1,0,1,0,1,0,0,high,3,9.452,111290.17,84247.78
CLM007273,0,1,1,0,1,0,0,medium,3,4.189,77778.17,44591.98
CLM007274,0,1,1,1,1,0,1,high,5,15.523,178030.1,128289.69
CLM007275,0,1,1,0,1,1,0,high,4,13.948,123388.55,80402.24
CLM007276,1,0,0,0,1,0,0,medium,2,2.929,33695.03,21384.97
CLM007277,0,1,1,1,1,0,1,high,5,13.545,216238.51,190036.87
CLM007278,0,0,1,0,0,1,0,low,2,1.872,18259.31,6391.58
CLM007279,1,1,0,0,1,1,0,medium,4,4.969,75958.12,59778.3
CLM007280,0,0,1,1,0,1,0,high,3,7.483,57341.67,21847.94
CLM007281,1,1,1,0,1,1,0,high,5,17.845,296643.91,221066.29
CLM007282,1,0,0,1,1,1,0,high,4,11.457,148455.46,133018.89
CLM007283,1,0,0,0,1,0,0,medium,2,2.216,27079.3,19027.11
CLM007284,1,0,0,0,1,0,0,medium,2,3.433,23607.98,17767.05
CLM007285,0,1,1,1,1,0,0,high,4,11.628,193098.31,134082.32
CLM007286,0,1,1,0,1,0,0,medium,3,3.991,39876.3,16894.06
CLM007287,0,0,1,1,0,1,0,low,3,2.321,27094.39,8421.06
CLM007288,0,1,1,0,0,0,0,low,2,1.247,25976.37,18765.59
CLM007289,1,0,0,0,0,0,0,low,1,1.092,15630.84,10634.47
CLM007290,1,0,0,0,1,1,0,medium,3,4.725,56561.92,41013.31
CLM007291,0,1,0,1,0,1,1,high,4,16.876,173556.61,160679.78
CLM007292,0,1,1,0,1,1,1,high,5,12.854,272580.73,250186.21
CLM007293,1,0,1,0,1,0,0,medium,3,4.802,49473.42,32583.54
CLM007294,0,0,1,1,0,0,0,low,2,2.506,20847.72,12732.52
CLM007295,0,0,1,1,0,0,0,low,2,1.76,16836.57,7443.42
CLM007296,0,0,1,1,0,0,0,low,2,1.906,26191.94,16661.11
CLM007297,1,0,0,0,0,0,0,low,1,1.046,7653.57,0.0
CLM007298,0,1,1,0,1,1,0,high,4,11.088,129306.47,72382.04
CLM007299,0,0,1,1,0,0,0,low,2,2.025,27934.8,7696.52
CLM007300,0,0,1,0,0,1,0,medium,2,3.235,36156.05,28495.15
CLM007301,1,0,0,0,1,1,0,high,3,8.333,88467.2,64784.32
CLM007302,0,1,1,0,1,1,0,high,4,9.991,130049.57,114132.57
CLM007303,0,0,1,0,0,0,0,low,1,0.782,8846.23,848.56
CLM007304,0,0,1,1,0,0,0,high,2,5.531,68115.31,46729.17
CLM007305,0,0,1,0,0,1,1,high,3,7.382,107856.01,50511.2
CLM007306,0,0,0,1,0,0,0,low,1,1.159,11843.48,9064.28
CLM007307,0,1,1,1,0,0,0,low,3,2.04,26130.34,18340.23
CLM007308,1,0,0,0,1,0,0,medium,2,2.968,50809.69,26671.26
CLM007309,0,1,1,0,0,0,1,low,3,3.377,59173.77,53985.25
CLM007310,1,1,0,0,1,0,0,medium,3,3.775,39701.51,23649.71
CLM007311,1,0,0,0,1,1,0,medium,3,3.016,42219.74,31507.54
CLM007312,0,0,1,0,0,0,0,low,1,0.63,8139.43,3766.18
CLM007313,1,0,0,0,0,0,0,low,1,0.77,9953.63,1147.43
CLM007314,0,1,1,0,1,0,0,high,3,8.768,144758.73,107642.92
CLM007315,0,0,0,0,0,1,0,low,1,0.837,8301.34,0.0
CLM007316,1,1,1,0,0,0,1,high,4,14.969,286329.1,204285.31
CLM007317,0,0,1,1,0,0,0,medium,2,2.869,22829.28,13654.26
CLM007318,0,0,1,0,0,0,0,low,1,0.826,6951.82,589.23
CLM007319,1,0,0,0,0,1,0,medium,2,2.957,35518.82,21334.52
CLM007320,0,0,1,0,1,1,0,high,3,6.588,49872.05,31569.83
CLM007321,1,1,1,0,1,0,0,low,4,4.62,67597.56,49429.03
CLM007322,0,1,0,0,0,1,1,high,3,6.456,80938.94,66845.91
CLM007323,0,0,1,1,0,1,0,low,3,2.803,38137.74,23230.17
CLM007324,0,0,1,0,0,1,0,low,2,1.851,29271.85,16995.22
CLM007325,0,0,1,0,0,0,0,medium,1,1.426,18941.19,10129.94
CLM007326,1,1,0,0,1,0,0,low,3,3.439,48555.37,35877.53
CLM007327,0,1,1,0,0,0,0,medium,2,3.033,54706.51,39530.11
CLM007328,0,0,0,0,1,0,0,low,1,0.712,12721.1,7815.21
CLM007329,1,0,0,1,1,1,0,high,4,9.161,79978.88,57231.26
CLM007330,1,0,0,1,1,1,0,medium,4,6.419,139264.73,113086.01
CLM007331,1,0,1,0,1,1,1,high,5,14.673,257384.3,234219.97
CLM007332,1,0,0,1,0,0,0,medium,2,2.836,24220.37,9849.62
CLM007333,0,1,1,1,1,0,0,high,4,9.079,119449.48,86679.68
CLM007334,0,0,1,0,0,0,0,low,1,0.845,10491.53,2481.58
CLM007335,1,0,0,0,0,0,0,low,1,1.162,13947.26,1175.49
CLM007336,0,1,1,0,0,1,1,high,4,10.708,168738.67,137960.47
CLM007337,0,0,1,0,0,0,0,low,1,0.763,11576.47,0.0
CLM007338,1,0,0,0,0,1,0,high,2,4.431,42524.21,35077.07
CLM007339,1,0,0,0,0,0,0,low,1,0.768,7604.84,5057.76
CLM007340,0,1,1,0,1,1,1,high,5,16.181,180760.76,130993.87
CLM007341,0,0,1,1,0,1,0,medium,3,4.502,56775.36,43665.34
CLM007342,0,1,1,1,0,1,0,high,4,12.886,128715.95,97006.78
CLM007343,0,1,1,0,1,0,0,medium,3,4.973,48115.52,32056.33
CLM007344,0,0,1,0,0,0,0,medium,1,1.383,22578.82,14478.43
CLM007345,0,0,1,1,1,1,0,medium,4,6.039,62417.5,50341.85
CLM007346,0,1,1,0,0,0,0,high,2,4.704,65037.58,34215.43
CLM007347,0,1,1,0,1,0,0,low,3,2.525,50521.5,44308.59
CLM007348,0,0,1,1,0,1,0,high,3,7.075,68724.48,60011.99
CLM007349,0,0,1,0,0,1,0,low,2,1.891,15534.31,5353.75
CLM007350,0,1,1,0,0,1,0,high,3,9.296,116846.19,77818.97
CLM007351,0,0,1,1,0,1,0,medium,3,5.064,67994.28,55867.56
CLM007352,1,0,1,1,1,1,1,high,6,11.784,126330.01,84065.44
CLM007353,0,1,1,0,1,1,0,high,4,10.821,120182.23,90665.67
CLM007354,1,0,0,0,0,0,0,low,1,0.906,7576.61,1926.09
CLM007355,1,0,0,0,0,0,0,low,1,1.306,19313.64,11346.94
CLM007356,0,1,1,0,1,0,0,high,3,9.016,167889.01,120062.59
CLM007357,0,0,1,0,0,1,0,medium,2,3.667,34013.17,14177.7
CLM007358,0,0,0,0,0,1,0,low,1,0.951,18597.89,8083.0
CLM007359,0,1,1,0,1,1,0,high,4,10.087,143558.46,120004.1
CLM007360,0,0,1,0,1,0,0,low,2,1.659,27743.95,23234.74
CLM007361,0,0,0,0,0,0,1,medium,1,2.821,58575.91,44825.97
CLM007362,0,0,1,1,0,1,1,medium,4,8.06,104484.56,67905.62
CLM007363,1,0,1,0,0,0,0,low,2,1.694,11656.31,0.0
CLM007364,0,1,1,0,0,0,0,medium,2,2.895,35063.16,21964.13
CLM007365,0,1,1,1,1,1,0,high,5,12.693,131376.25,81256.18
CLM007366,0,0,1,1,0,0,0,high,2,5.12,80845.09,54224.34
CLM007367,1,0,1,0,1,0,0,medium,3,4.39,31893.37,22013.68
CLM007368,0,0,1,1,0,1,0,high,3,6.215,79764.3,54529.73
CLM007369,1,0,0,0,1,0,0,high,2,4.203,50241.23,33653.32
CLM007370,0,1,1,0,1,1,0,high,4,8.668,141664.05,101648.49
CLM007371,0,1,1,1,1,1,0,high,5,12.921,188759.82,133922.71
CLM007372,1,0,0,0,0,1,0,medium,2,3.166,40472.49,32501.49
CLM007373,1,1,1,0,0,0,1,high,4,10.607,178572.74,103239.06
CLM007374,0,1,0,1,1,0,0,high,3,7.026,108034.51,76042.05
CLM007375,1,0,0,0,1,1,0,high,3,6.607,80495.46,73393.33
CLM007376,0,0,1,0,1,0,0,low,2,2.103,18490.93,7663.32
CLM007377,1,1,0,0,0,0,0,medium,2,3.7,37170.63,24204.57
CLM007378,0,0,1,1,0,0,0,low,2,1.985,34597.53,19545.33
CLM007379,0,1,0,0,0,1,1,high,3,10.889,195431.04,139902.45
CLM007380,0,0,1,0,1,1,1,high,4,8.38,72922.61,19622.46
CLM007381,0,0,1,0,0,1,0,medium,2,3.512,57840.74,47598.3
CLM007382,0,1,1,1,1,1,0,medium,5,7.032,72407.63,60614.35
CLM007383,1,0,1,1,1,1,0,high,5,13.805,159062.34,95306.99
CLM007384,0,0,1,0,0,0,0,medium,1,1.797,18347.04,7369.65
CLM007385,1,1,1,1,1,1,0,medium,6,10.192,126345.2,105337.93
CLM007386,0,1,0,1,1,1,0,medium,4,5.556,59259.81,34230.47
CLM007387,0,0,1,0,0,0,0,low,1,0.926,14210.08,0.0
CLM007388,0,0,1,0,0,0,0,low,1,0.885,11502.04,5561.28
CLM007389,1,0,0,0,1,0,0,medium,2,3.549,55199.4,43859.92
CLM007390,1,1,1,0,0,1,1,high,5,18.07,302020.56,205596.78
CLM007391,0,0,1,0,0,0,1,high,2,5.823,56453.32,35540.81
CLM007392,0,1,1,0,0,1,0,medium,3,5.544,66889.59,42681.6
CLM007393,0,0,1,0,1,0,0,low,2,1.746,17332.29,11679.91
CLM007394,0,0,1,0,0,0,0,low,1,0.797,11601.56,3128.74
CLM007395,1,0,0,0,1,1,0,medium,3,5.09,78831.7,66799.53
CLM007396,0,0,1,0,0,0,0,low,1,1.061,11439.57,0.0
CLM007397,0,0,1,1,0,0,0,medium,2,2.414,20465.89,14579.95
CLM007398,1,0,0,0,1,1,0,medium,3,3.732,60248.95,45162.37
CLM007399,0,1,1,1,1,1,1,high,6,17.85,301155.8,272380.17
CLM007400,1,0,0,0,1,0,0,medium,2,3.168,51472.12,32747.92
CLM007401,0,1,0,0,1,1,0,medium,3,4.444,44829.53,29827.25
CLM007402,1,1,1,0,0,1,1,high,5,11.725,170702.88,119913.77
CLM007403,0,0,1,0,0,0,0,low,1,0.614,6819.17,2107.95
CLM007404,0,1,1,0,1,0,0,medium,3,4.245,58516.61,36331.53
CLM007405,0,0,1,0,1,0,0,medium,2,2.578,25988.81,19410.46
CLM007406,0,0,1,0,0,1,1,medium,3,5.074,50992.74,34843.66
CLM007407,1,0,0,0,1,1,0,low,3,2.272,37147.84,28840.14
CLM007408,1,0,0,0,1,1,0,high,3,4.333,52982.22,39852.52
CLM007409,0,1,1,0,1,1,0,high,4,9.8,122414.92,107038.54
CLM007410,0,0,1,1,1,0,0,medium,3,3.467,37815.78,26471.93
CLM007411,1,0,0,0,1,1,0,low,3,1.987,20300.77,13590.51
CLM007412,0,1,1,0,0,1,0,medium,3,3.683,44621.92,29799.47
CLM007413,1,0,0,0,1,0,0,low,2,2.069,23290.1,16427.94
CLM007414,0,1,1,0,1,0,0,low,3,2.79,51638.05,36589.66
CLM007415,0,0,1,0,0,0,1,medium,2,4.281,57942.79,42179.14
CLM007416,1,0,1,0,0,0,1,high,3,9.353,86834.64,73755.33
CLM007417,0,0,1,0,0,0,0,medium,1,1.252,14922.35,8719.56
CLM007418,1,0,1,0,1,0,0,medium,3,3.841,47478.24,36691.03
CLM007419,1,1,1,1,0,0,0,medium,4,7.02,112803.64,74275.02
CLM007420,1,0,0,0,0,0,0,low,1,1.158,11807.03,5797.57
CLM007421,0,1,1,0,0,0,0,medium,2,4.283,50695.02,39692.92
CLM007422,0,1,0,0,0,0,0,low,1,1.373,22506.66,10352.97
CLM007423,1,0,0,0,1,0,0,medium,2,2.16,19016.29,9394.82
CLM007424,0,0,0,1,1,0,0,medium,2,3.138,38123.79,26190.39
CLM007425,0,1,1,1,0,0,1,high,4,13.521,131627.32,109699.13
CLM007426,0,1,1,0,0,0,0,low,2,2.11,36840.37,32949.86
CLM007427,1,0,1,0,1,0,0,medium,3,5.942,105601.71,73633.14
CLM007428,0,0,1,0,0,0,0,low,1,0.735,9501.63,5050.82
CLM007429,0,1,1,1,0,1,1,high,5,19.18,199448.46,135379.53
CLM007430,0,1,1,0,1,1,0,medium,4,6.982,77950.92,55855.12
CLM007431,0,0,0,0,1,0,0,medium,1,1.239,16559.24,10385.52
CLM007432,1,0,0,0,0,0,0,low,1,0.962,12393.68,8867.65
CLM007433,0,1,1,0,1,0,0,medium,3,4.484,41127.44,27097.85
CLM007434,0,1,1,0,1,1,0,medium,4,5.42,88755.91,70615.07
CLM007435,1,0,0,0,1,0,0,low,2,1.717,15442.92,11572.59
CLM007436,0,0,1,1,0,0,0,medium,2,2.26,19158.07,11586.55
CLM007437,0,0,1,0,0,0,0,low,1,0.894,8198.99,4609.92
CLM007438,1,0,0,0,1,1,0,medium,3,3.972,54839.68,39136.71
CLM007439,0,0,1,0,0,0,0,low,1,0.638,7628.85,0.0
CLM007440,0,1,1,0,0,1,0,high,3,8.858,134790.98,98260.55
CLM007441,1,0,0,0,1,1,0,high,3,8.35,78310.42,61491.13
CLM007442,1,1,1,1,1,1,0,high,6,19.068,368429.96,255320.41
CLM007443,1,1,1,0,0,0,0,medium,3,4.544,53037.94,34231.08
CLM007444,1,0,1,0,0,1,0,medium,3,4.486,55578.0,38320.29
CLM007445,0,0,1,1,0,1,0,medium,3,4.322,38492.21,27009.28
CLM007446,0,0,1,0,0,0,0,low,1,0.803,9294.83,5672.3
CLM007447,0,1,1,0,1,1,0,medium,4,8.785,98665.49,65886.2
CLM007448,1,0,0,1,1,1,0,high,4,10.731,99290.23,88419.47
CLM007449,0,0,1,1,0,1,0,high,3,9.594,148453.05,83074.77
CLM007450,1,1,0,0,1,1,0,high,4,7.875,77874.62,55091.83
CLM007451,0,0,1,0,0,0,0,low,1,1.011,11794.55,706.14
CLM007452,0,0,1,0,1,0,0,low,2,1.962,21003.18,10924.28
CLM007453,0,1,1,0,1,1,0,high,4,10.438,161787.21,119100.24
CLM007454,1,1,1,0,1,1,0,high,5,11.857,201274.23,135922.72
CLM007455,1,0,0,0,1,0,0,medium,2,2.818,26346.74,15771.95
CLM007456,0,1,1,0,0,0,1,medium,3,5.594,50909.9,34981.97
CLM007457,0,0,1,0,0,0,0,low,1,0.825,11705.59,8731.48
CLM007458,1,0,0,0,1,1,0,medium,3,5.536,74307.6,55360.97
CLM007459,0,0,1,0,0,0,0,low,1,0.96,13301.17,8425.13
CLM007460,0,0,1,0,0,0,0,medium,1,1.624,13038.15,4739.12
CLM007461,1,1,1,0,1,1,0,medium,5,7.367,112788.32,67565.69
CLM007462,1,1,0,0,1,0,0,medium,3,4.758,95756.09,68620.78
CLM007463,0,1,1,0,0,1,0,medium,3,4.414,29906.34,24587.19
CLM007464,1,0,0,0,1,0,0,medium,2,2.962,38120.04,21293.13
CLM007465,0,1,1,0,1,0,0,medium,3,3.837,49096.25,38296.66
CLM007466,1,0,0,0,1,1,1,high,4,8.492,110921.01,101378.32
CLM007467,0,1,1,0,1,1,0,high,4,9.99,89047.68,49551.38
CLM007468,0,0,1,0,0,0,0,low,1,1.099,16789.35,5986.64
CLM007469,0,0,1,1,0,0,0,low,2,1.583,20115.94,3119.21
CLM007470,0,0,1,0,1,0,0,medium,2,2.43,22656.54,14155.48
CLM007471,1,0,0,0,0,1,0,low,2,1.962,22448.96,10142.4
CLM007472,0,0,1,1,0,1,0,low,3,2.956,43245.42,32408.4
CLM007473,0,0,1,0,1,1,0,medium,3,3.836,43987.17,37578.96
CLM007474,1,1,0,0,1,0,0,high,3,6.496,57493.85,45223.1
CLM007475,0,0,1,0,0,0,0,low,1,0.857,8227.93,5631.43
CLM007476,1,1,1,0,0,1,0,medium,4,5.173,93280.1,64351.8
CLM007477,0,1,0,0,1,0,0,medium,2,4.459,49802.91,41692.33
CLM007478,1,0,0,0,1,0,0,medium,2,3.989,46319.58,40537.32
CLM007479,0,0,1,0,0,0,0,medium,1,1.065,13543.3,4111.74
CLM007480,0,0,1,0,0,0,0,low,1,0.911,7392.14,0.0
CLM007481,0,0,1,0,1,1,0,medium,3,4.536,55261.13,32086.81
CLM007482,0,0,1,1,0,1,0,medium,3,5.727,31095.14,19602.48
CLM007483,0,1,1,1,0,1,0,medium,4,7.594,67283.18,39663.39
CLM007484,0,1,1,0,0,1,0,high,3,9.111,171991.15,128614.09
CLM007485,0,1,1,0,1,1,0,medium,4,7.194,106615.25,89676.4
CLM007486,0,1,1,0,0,1,0,medium,3,3.872,87241.92,60356.75
CLM007487,1,1,1,0,1,1,0,high,5,17.785,161089.5,103939.04
CLM007488,0,0,1,0,0,0,0,low,1,0.926,9447.6,4978.94
CLM007489,0,0,1,1,0,0,0,medium,2,2.851,21561.9,8489.34
CLM007490,0,1,1,0,1,1,0,high,4,11.369,189494.19,131352.9
CLM007491,0,1,1,0,1,0,1,high,4,11.69,124160.97,106675.09
CLM007492,0,0,1,0,0,1,1,high,3,8.112,153723.34,100374.81
CLM007493,1,0,1,0,1,1,0,medium,4,7.3,84123.5,57467.24
CLM007494,1,0,1,1,0,0,0,medium,3,3.764,43194.55,25369.07
CLM007495,0,1,1,1,0,1,0,high,4,10.29,213478.71,155982.77
CLM007496,0,0,0,1,0,0,0,low,1,0.744,14275.9,2950.24
CLM007497,1,0,1,0,0,0,0,low,2,2.457,43422.81,27214.75
CLM007498,1,1,0,0,0,1,0,medium,3,4.643,37789.07,33359.36
CLM007499,1,0,1,0,0,1,0,medium,3,4.746,75893.86,53523.82
CLM007500,0,0,1,0,0,0,0,low,1,0.659,10351.23,1449.46
CLM007501,0,0,1,1,0,1,0,medium,3,4.98,34469.07,13165.09
CLM007502,1,0,0,0,0,0,0,low,1,1.219,19128.41,6197.05
CLM007503,0,0,1,0,1,1,0,medium,3,3.869,43761.79,39476.04
CLM007504,0,0,1,0,0,1,0,low,2,1.729,19930.91,16391.97
CLM007505,0,0,0,1,0,0,0,low,1,1.397,28043.21,19726.91
CLM007506,0,1,1,0,1,1,0,medium,4,6.973,97507.81,81107.21
CLM007507,0,0,1,1,0,0,0,low,2,1.302,14865.2,8952.36
CLM007508,0,0,1,0,0,1,0,low,2,1.836,25059.97,8489.57
CLM007509,1,0,1,1,0,1,0,medium,4,8.236,131976.07,109979.15
CLM007510,0,0,1,1,0,0,0,medium,2,2.594,17077.68,10224.04
CLM007511,0,0,1,0,0,0,1,medium,2,3.875,52227.94,38926.99
CLM007512,0,0,1,0,0,0,0,low,1,0.887,12517.86,7161.49
CLM007513,1,0,0,0,1,0,0,medium,2,2.48,40958.76,30985.84
CLM007514,0,0,1,0,0,0,1,medium,2,3.536,56757.89,46781.83
CLM007515,1,0,0,0,0,0,0,medium,1,1.457,13370.96,9134.67
CLM007516,1,0,1,1,0,1,0,low,4,3.894,63617.95,43403.59
CLM007517,1,0,1,0,0,0,0,low,2,1.615,31059.63,18128.92
CLM007518,0,0,1,0,0,0,0,low,1,0.741,12068.33,5206.42
CLM007519,1,0,0,0,1,0,0,medium,2,2.509,23986.31,10346.14
CLM007520,0,0,1,0,1,1,1,low,4,4.602,69824.56,51247.3
CLM007521,1,1,0,0,1,0,0,medium,3,5.778,65249.16,54010.39
CLM007522,0,0,1,0,1,0,0,low,2,1.831,28559.68,12769.49
CLM007523,0,1,1,1,0,1,0,medium,4,4.894,63616.89,51471.06
CLM007524,1,1,1,0,1,0,0,medium,4,7.368,79913.2,69053.01
CLM007525,0,1,1,0,0,1,0,high,3,7.546,120987.38,85345.53
CLM007526,1,0,0,0,1,1,0,low,3,2.081,18106.43,14194.9
CLM007527,0,0,1,1,0,0,0,low,2,1.522,18657.81,13205.32
CLM007528,1,1,1,1,1,1,0,high,6,15.964,208159.19,172828.75
CLM007529,1,0,1,1,1,0,0,medium,4,5.277,71049.38,44387.63
CLM007530,1,0,0,0,0,1,0,medium,2,2.78,30033.11,21437.79
CLM007531,0,0,1,0,1,1,0,medium,3,4.925,49132.97,28855.36
CLM007532,0,1,0,0,1,0,0,medium,2,3.777,39228.83,32715.85
CLM007533,1,0,0,0,1,1,0,medium,3,4.377,47448.34,25643.16
CLM007534,1,0,0,0,0,0,0,medium,1,2.104,26835.59,21550.2
CLM007535,1,0,1,0,1,0,0,medium,3,4.527,59036.74,41332.49
CLM007536,0,0,1,0,0,0,0,low,1,1.127,19362.55,13238.55
CLM007537,1,1,0,0,1,1,0,high,4,11.529,168794.49,131454.45
CLM007538,0,1,1,0,0,0,0,low,2,1.89,37313.09,15878.45
CLM007539,0,0,1,0,0,0,0,low,1,0.866,10100.81,2905.59
CLM007540,0,0,1,1,0,0,0,medium,2,3.669,44387.23,35284.09
CLM007541,0,1,1,0,1,1,0,high,4,10.791,114747.54,92796.72
CLM007542,0,0,1,1,0,0,0,low,2,1.767,20613.88,8019.67
CLM007543,0,1,1,0,1,1,0,high,4,9.979,143984.73,108166.67
CLM007544,1,0,0,0,0,0,0,medium,1,1.705,31473.58,20985.21
CLM007545,0,0,1,0,0,0,0,low,1,0.808,9136.6,440.41
CLM007546,0,1,1,1,0,0,1,high,4,9.042,134596.17,112219.24
CLM007547,0,0,1,0,0,0,0,low,1,0.844,8444.42,4571.86
CLM007548,1,0,0,0,1,0,0,high,2,3.223,48452.28,16093.51
CLM007549,0,1,0,0,0,0,0,low,1,1.352,18627.2,11304.93
CLM007550,1,0,0,0,0,1,0,medium,2,3.082,29458.62,13450.08
CLM007551,1,0,0,0,1,1,0,low,3,2.978,42714.14,36258.34
CLM007552,0,0,1,1,1,1,0,high,4,10.574,156885.19,135318.91
CLM007553,0,0,1,1,0,1,0,high,3,9.655,126713.23,93722.89
CLM007554,1,0,0,0,1,0,0,high,2,5.509,40947.01,25773.54
CLM007555,1,1,0,0,1,0,0,medium,3,4.255,59574.03,39839.18
CLM007556,1,0,0,0,0,0,0,low,1,1.005,13471.19,9113.19
CLM007557,0,1,1,0,1,0,0,high,3,9.205,83094.92,58242.27
CLM007558,0,0,0,0,1,1,0,low,2,1.433,9701.53,262.96
CLM007559,0,0,0,1,0,0,0,low,1,0.882,9855.99,7058.69
CLM007560,0,1,0,0,0,1,1,high,3,11.921,140118.59,116800.45
CLM007561,1,0,0,1,1,0,0,high,3,10.054,100801.02,58672.49
CLM007562,0,0,1,1,0,1,0,medium,3,4.713,58074.05,47717.74
CLM007563,1,0,0,0,1,0,0,low,2,1.768,19293.31,10594.54
CLM007564,0,1,1,0,1,1,0,high,4,10.445,218260.07,164387.87
CLM007565,0,1,0,0,1,0,0,low,2,1.81,21785.9,8792.62
CLM007566,1,1,1,0,1,1,0,high,5,12.281,133503.89,106323.81
CLM007567,0,0,1,1,0,1,0,high,3,8.305,122076.27,94026.05
CLM007568,0,0,1,1,0,1,0,low,3,2.727,25888.77,16438.82
CLM007569,0,1,0,1,0,1,0,low,3,2.625,53465.77,41669.22
CLM007570,1,1,0,0,1,1,0,low,4,4.347,54832.69,34843.71
CLM007571,0,0,1,1,0,0,0,low,2,2.169,19124.58,11519.85
CLM007572,0,0,0,0,0,1,0,low,1,0.951,17859.08,10076.65
CLM007573,1,0,0,0,1,1,0,medium,3,3.657,31091.45,22357.1
CLM007574,0,0,1,1,0,1,0,high,3,6.985,91990.1,72287.7
CLM007575,0,0,1,0,0,0,0,low,1,0.779,8724.43,0.0
CLM007576,0,0,1,0,0,0,0,medium,1,1.236,16206.95,9645.44
CLM007577,0,0,1,0,0,0,0,low,1,0.717,10669.77,0.0
CLM007578,1,0,0,0,1,1,1,high,4,12.359,231975.84,201718.11
CLM007579,0,1,1,1,1,1,0,high,5,13.057,253364.65,207089.99
CLM007580,0,0,1,1,0,1,0,medium,3,4.361,66635.52,46471.56
CLM007581,0,0,1,1,0,1,0,high,3,7.612,92748.94,63766.05
CLM007582,0,0,1,0,1,1,0,medium,3,5.131,76244.42,44772.74
CLM007583,0,1,0,1,0,1,1,high,4,12.858,212592.88,159846.82
CLM007584,0,1,1,1,1,1,0,high,5,12.629,140421.25,105900.76
CLM007585,0,1,1,0,1,1,0,high,4,12.312,117161.82,94414.23
CLM007586,0,0,0,1,0,0,0,medium,1,1.71,33975.07,18202.02
CLM007587,0,1,1,0,0,0,0,high,2,6.657,99856.56,73027.03
CLM007588,0,1,1,0,0,0,0,low,2,2.376,24152.14,10791.07
CLM007589,0,1,1,0,1,0,0,high,3,8.383,108585.54,80317.57
CLM007590,0,0,1,0,0,0,0,low,1,0.664,8277.23,1509.34
CLM007591,0,1,1,0,0,1,0,medium,3,5.11,60677.33,44813.49
CLM007592,1,0,0,0,1,1,0,high,3,8.118,113290.87,92358.59
CLM007593,0,0,1,0,0,0,0,low,1,0.576,3376.17,0.0
CLM007594,1,0,1,0,0,0,0,medium,2,3.263,34743.18,23746.42
CLM007595,0,0,1,0,0,1,0,medium,2,2.626,38669.45,19993.91
CLM007596,0,0,1,0,0,0,0,medium,1,1.304,19088.87,12373.3
CLM007597,1,1,0,1,1,1,0,high,5,15.005,188574.93,134221.58
CLM007598,0,0,1,0,1,0,0,low,2,1.782,34368.52,24929.33
CLM007599,0,1,1,0,1,1,0,medium,4,5.805,55465.6,38833.73
CLM007600,1,0,0,1,1,1,0,high,4,11.2,93446.76,80712.72
CLM007601,0,0,1,0,0,1,0,medium,2,2.604,27998.18,21319.88
CLM007602,0,0,1,1,0,1,0,high,3,7.089,72820.22,39625.22
CLM007603,0,1,1,0,1,0,0,high,3,6.478,101347.12,68488.79
CLM007604,0,0,1,0,0,0,0,low,1,0.718,8076.55,0.0
CLM007605,0,0,0,0,0,0,1,medium,1,1.948,16248.01,10128.84
CLM007606,0,1,1,0,1,1,0,high,4,8.193,104761.06,79633.52
CLM007607,0,1,1,0,0,1,1,high,4,12.447,194585.38,154455.41
CLM007608,0,0,1,1,0,1,0,medium,3,4.296,47038.36,30725.28
CLM007609,1,1,1,0,1,1,0,high,5,17.244,148086.63,120681.13
CLM007610,0,0,1,0,0,0,0,low,1,0.854,14865.4,6568.72
CLM007611,0,1,1,1,0,0,0,medium,3,4.833,60048.25,51325.81
CLM007612,0,0,1,0,1,0,0,low,2,1.509,18502.96,13539.74
CLM007613,1,0,0,0,1,1,0,medium,3,4.184,53749.02,40693.23
CLM007614,0,0,1,0,0,0,0,low,1,0.798,11710.44,6272.68
CLM007615,0,1,1,0,1,0,0,low,3,2.753,33193.26,24399.87
CLM007616,0,1,1,0,0,1,1,high,4,14.139,304572.69,231480.94
CLM007617,1,0,0,0,0,0,0,medium,1,1.601,16438.38,12070.04
CLM007618,0,0,1,0,0,0,0,low,1,0.76,8779.4,0.0
CLM007619,1,0,1,0,0,0,0,low,2,1.951,21549.2,15742.73
CLM007620,1,0,0,0,1,0,0,low,2,2.406,21438.35,12668.93
CLM007621,0,0,1,1,0,0,0,low,2,1.854,27984.02,23598.08
CLM007622,1,0,0,0,1,0,0,medium,2,3.074,43762.78,28290.14
CLM007623,1,0,0,1,1,0,0,medium,3,5.056,68581.45,56077.03
CLM007624,1,0,1,0,1,1,0,high,4,7.421,89382.12,70899.98
CLM007625,0,0,1,0,0,0,0,medium,1,1.298,15962.51,12872.24
CLM007626,0,0,1,0,0,0,0,low,1,0.734,8243.52,3695.03
CLM007627,0,0,1,0,0,1,0,medium,2,3.191,38330.62,20037.17
CLM007628,0,0,1,0,0,1,0,medium,2,3.981,33155.91,21432.54
CLM007629,0,0,1,0,0,0,0,low,1,0.861,8886.38,4824.21
CLM007630,1,0,0,0,1,0,0,medium,2,2.693,26079.19,10994.25
CLM007631,1,0,0,0,1,0,0,medium,2,3.206,32975.65,24732.31
CLM007632,0,0,1,1,0,0,0,medium,2,3.047,50516.55,30424.92
CLM007633,1,0,1,0,0,0,0,low,2,2.698,26372.31,18812.81
CLM007634,0,1,1,0,0,1,0,high,3,6.624,113617.1,99542.29
CLM007635,1,1,0,1,1,1,0,high,5,14.805,163692.37,130842.86
CLM007636,1,0,0,0,1,1,0,medium,3,3.234,46930.97,23738.62
CLM007637,0,0,1,1,0,0,0,low,2,1.823,14926.86,5878.38
CLM007638,0,1,1,0,1,0,0,low,3,2.338,31175.98,19563.92
CLM007639,1,0,0,0,0,1,0,medium,2,2.794,48223.18,40836.23
CLM007640,0,1,1,0,1,1,0,high,4,10.75,78369.02,48423.37
CLM007641,0,0,1,0,0,0,0,low,1,1.064,10026.71,198.64
CLM007642,0,0,1,0,0,1,0,low,2,1.974,23141.41,15714.3
CLM007643,0,1,1,0,1,1,0,high,4,10.235,184346.8,140213.36
CLM007644,0,1,1,0,1,1,0,medium,4,6.215,99439.12,72229.52
CLM007645,0,0,1,0,1,0,0,low,2,1.487,11432.04,5230.77
CLM007646,0,1,1,0,0,0,1,high,3,10.048,173152.53,129064.26
CLM007647,1,0,0,0,1,1,0,high,3,6.628,82537.61,50836.52
CLM007648,0,0,1,1,0,0,0,medium,2,3.661,38474.29,31565.02
CLM007649,0,0,1,0,0,0,0,medium,1,1.45,19633.77,12236.81
CLM007650,0,1,1,0,1,1,0,medium,4,6.223,126694.95,92815.44
CLM007651,0,0,0,1,0,0,0,low,1,1.124,12366.83,4888.61
CLM007652,0,0,1,0,0,1,0,medium,2,2.791,55482.21,41659.21
CLM007653,0,0,1,0,0,0,0,low,1,0.975,18214.65,11619.86
CLM007654,0,0,1,1,0,1,0,low,3,2.666,31012.45,25434.6
CLM007655,0,0,1,0,0,0,1,medium,2,4.345,43190.81,37455.61
CLM007656,0,1,1,0,1,0,0,high,3,7.533,86639.24,76114.43
CLM007657,0,0,1,0,0,0,0,low,1,1.066,11383.38,1117.71
CLM007658,0,1,1,0,0,0,0,medium,2,2.838,46070.95,26780.12
CLM007659,1,0,0,0,0,1,0,low,2,1.548,20387.4,2453.08
CLM007660,0,0,1,1,0,0,0,medium,2,3.754,71429.39,37875.14
CLM007661,0,1,0,0,0,0,1,low,2,2.643,56303.59,32401.47
CLM007662,0,1,1,0,1,0,0,high,3,8.852,183316.52,139638.63
CLM007663,1,0,1,0,0,0,0,low,2,1.981,21531.5,15149.23
CLM007664,0,0,1,1,0,0,0,medium,2,2.867,27165.77,23618.83
CLM007665,0,0,0,0,1,1,0,low,2,1.372,9735.13,0.0
CLM007666,0,1,1,1,1,1,0,high,5,11.603,207489.67,161184.73
CLM007667,0,1,1,0,1,1,0,high,4,7.782,82063.21,50522.91
CLM007668,0,1,1,1,0,0,0,medium,3,4.876,57675.32,50122.82
CLM007669,0,0,0,0,1,0,0,low,1,0.601,7134.55,4518.41
CLM007670,1,0,1,0,0,0,0,low,2,1.692,16683.37,13451.3
CLM007671,0,1,1,0,1,1,0,high,4,8.291,89528.19,54692.09
CLM007672,0,0,1,1,0,0,0,low,2,1.973,17701.58,4398.59
CLM007673,1,0,0,0,1,0,0,low,2,1.454,14664.56,7527.18
CLM007674,0,0,1,1,0,1,0,medium,3,4.613,64678.13,52097.51
CLM007675,0,0,1,0,0,0,0,low,1,0.89,7283.05,1228.44
CLM007676,0,0,1,0,0,0,0,low,1,0.835,15925.84,12418.81
CLM007677,0,0,1,0,0,0,1,medium,2,3.598,79349.12,55892.81
CLM007678,0,0,1,1,0,1,0,high,3,5.874,67837.86,50459.34
CLM007679,1,0,0,0,0,1,0,high,2,5.835,98448.95,82433.77
CLM007680,0,0,1,0,0,0,0,low,1,0.942,14549.57,5615.32
CLM007681,1,0,1,0,1,0,0,high,3,7.428,97354.92,79172.43
CLM007682,1,1,1,0,1,1,0,medium,5,7.703,82522.13,59775.07
CLM007683,0,1,1,0,0,0,0,low,2,2.438,40493.23,30179.39
CLM007684,1,0,0,0,0,0,0,low,1,0.905,14500.11,4553.74
CLM007685,1,1,0,0,1,0,0,low,3,2.604,27502.71,16851.18
CLM007686,0,0,1,0,0,0,0,medium,1,1.635,15481.86,10903.13
CLM007687,0,1,1,0,1,1,0,high,4,12.302,162517.28,122088.27
CLM007688,0,0,1,0,0,1,0,low,2,2.075,33043.51,26330.59
CLM007689,1,0,0,0,0,1,0,medium,2,2.918,33652.29,13887.77
CLM007690,0,1,0,0,1,1,0,medium,3,5.18,61580.99,47304.88
CLM007691,1,0,0,0,0,0,0,low,1,0.91,8337.46,3425.71
CLM007692,0,1,1,0,0,1,1,high,4,15.67,226789.44,164640.03
CLM007693,0,0,1,0,0,0,0,low,1,0.879,11902.97,8326.94
CLM007694,0,1,1,0,0,1,1,high,4,10.042,146888.6,121807.58
CLM007695,0,0,1,1,0,1,0,high,3,10.919,121471.99,101133.58
CLM007696,0,1,1,0,1,1,1,high,5,17.253,244254.63,184330.43
CLM007697,0,0,1,1,0,0,0,medium,2,2.688,26945.98,16270.25
CLM007698,1,0,0,0,0,0,0,medium,1,1.586,25008.44,13295.27
CLM007699,0,0,0,1,0,0,0,low,1,1.456,20161.74,12152.12
CLM007700,0,1,1,0,1,1,0,medium,4,7.958,107932.75,68154.17
CLM007701,1,1,1,0,1,1,0,high,5,15.246,126444.17,91901.94
CLM007702,0,0,1,1,0,0,0,low,2,2.217,13932.51,9939.99
CLM007703,0,1,1,0,0,1,0,medium,3,4.267,77785.15,69131.14
CLM007704,1,0,0,1,0,0,0,low,2,2.438,31060.13,14787.51
CLM007705,1,0,1,0,1,0,0,medium,3,4.071,80436.66,63429.29
CLM007706,1,0,1,0,1,1,0,medium,4,7.071,62902.24,53748.11
CLM007707,0,1,1,0,1,1,0,medium,4,6.508,117317.06,81298.54
CLM007708,1,0,0,0,1,0,0,medium,2,2.78,32039.38,19147.47
CLM007709,0,1,1,0,0,1,0,medium,3,4.701,51466.13,32805.41
CLM007710,1,1,1,0,1,1,0,high,5,15.029,180157.61,126398.1
CLM007711,1,1,1,0,1,1,0,high,5,13.985,218864.7,192568.78
CLM007712,1,0,1,0,0,0,0,low,2,1.669,19432.06,12899.22
CLM007713,0,1,0,1,0,0,0,medium,2,3.387,31028.21,26750.71
CLM007714,0,0,1,1,1,1,0,medium,4,6.422,106611.27,75344.22
CLM007715,0,0,1,0,1,0,0,medium,2,2.532,28296.38,15239.34
CLM007716,0,0,1,0,1,0,0,medium,2,2.481,43783.56,38326.28
CLM007717,1,1,1,0,1,1,0,medium,5,5.945,82645.36,59872.47
CLM007718,0,1,1,0,0,1,0,high,3,6.424,122724.09,66245.74
CLM007719,1,0,0,0,1,0,0,medium,2,2.774,37267.41,27952.45
CLM007720,0,1,1,0,1,0,0,medium,3,4.873,39960.5,30466.82
CLM007721,1,1,1,0,1,1,0,high,5,12.398,225806.83,177794.16
CLM007722,0,0,1,1,0,1,0,medium,3,4.739,61883.33,32459.73
CLM007723,1,0,1,0,1,1,0,medium,4,5.181,77820.27,63584.73
CLM007724,1,0,0,0,0,1,0,low,2,1.777,28500.56,15370.75
CLM007725,0,0,1,0,0,1,0,medium,2,2.913,23647.92,18714.36
CLM007726,0,0,0,0,1,0,0,low,1,0.81,8063.75,3784.44
CLM007727,1,0,0,0,1,0,0,low,2,1.439,14712.41,3734.44
CLM007728,0,1,1,0,1,0,0,medium,3,2.857,57331.78,35499.13
CLM007729,0,0,1,0,0,0,0,medium,1,1.305,17653.44,4762.33
CLM007730,0,0,1,1,0,1,0,low,3,2.926,40831.41,28073.63
CLM007731,0,0,0,0,1,0,0,low,1,0.838,11763.1,5969.5
CLM007732,0,0,1,0,0,0,0,low,1,0.781,10174.64,6054.88
CLM007733,0,0,1,1,0,0,0,low,2,2.148,27162.29,9243.83
CLM007734,0,0,1,1,0,0,0,medium,2,3.294,35748.25,22490.05
CLM007735,0,1,1,0,1,0,0,high,3,6.967,101104.11,78238.23
CLM007736,0,0,1,0,0,0,0,low,1,0.884,8209.65,0.0
CLM007737,1,0,0,0,1,1,0,medium,3,5.366,45933.09,33976.11
CLM007738,1,0,0,0,0,1,0,medium,2,3.171,29645.26,9123.73
CLM007739,0,0,1,0,1,1,0,low,3,2.92,40445.27,35240.13
CLM007740,1,1,0,0,1,0,0,high,3,6.751,127829.18,102466.46
CLM007741,0,1,1,0,0,0,0,high,2,4.727,67471.06,22254.27
CLM007742,1,0,0,0,1,0,0,low,2,1.677,25823.22,12696.4
CLM007743,0,0,1,1,1,0,0,medium,3,4.26,37702.41,28602.93
CLM007744,1,0,0,0,1,1,0,low,3,2.506,18473.85,5930.94
CLM007745,0,1,1,0,0,1,1,medium,4,7.138,68424.89,53131.09
CLM007746,0,0,0,0,1,1,0,medium,2,2.971,52731.73,37409.02
CLM007747,1,0,0,0,0,0,0,medium,1,1.577,26237.07,20605.94
CLM007748,1,1,0,0,1,0,0,low,3,2.795,27505.57,13629.04
CLM007749,1,0,0,0,1,1,0,medium,3,4.975,45695.61,30823.83
CLM007750,0,1,1,0,1,0,0,high,3,8.1,98206.31,78656.32
CLM007751,0,1,1,0,1,1,0,medium,4,4.666,81124.92,65492.82
CLM007752,1,1,1,0,1,1,0,high,5,9.639,143991.45,132631.6
CLM007753,0,0,1,0,0,0,1,low,2,2.441,28533.28,7292.61
CLM007754,1,0,0,0,1,1,0,medium,3,4.874,41170.41,27134.52
CLM007755,1,0,0,0,0,1,0,low,2,2.349,30579.0,23218.76
CLM007756,0,0,1,1,0,0,0,medium,2,3.122,39015.8,28279.55
CLM007757,0,1,1,1,1,0,1,high,5,17.465,300151.39,210322.08
CLM007758,0,0,1,0,0,1,1,high,3,8.221,79152.15,48482.2
CLM007759,1,0,0,0,0,0,0,low,1,1.027,12858.42,7269.75
CLM007760,0,0,1,0,0,1,0,medium,2,2.422,24706.98,17817.0
CLM007761,1,0,0,0,0,0,0,low,1,0.998,16468.67,3694.06
CLM007762,0,0,1,0,0,0,1,low,2,1.689,26119.67,7708.74
CLM007763,1,0,0,0,1,0,0,medium,2,3.405,33137.83,24518.72
CLM007764,0,1,1,1,1,0,0,medium,4,6.622,160910.28,112777.02
CLM007765,0,1,1,0,1,0,0,medium,3,4.638,49018.44,35241.99
CLM007766,0,0,1,1,0,0,0,medium,2,2.464,33267.33,19159.33
CLM007767,0,1,1,1,0,1,1,high,5,9.603,189227.62,135976.47
CLM007768,0,1,0,0,1,0,0,high,2,3.738,44564.27,25540.6
CLM007769,0,0,1,0,0,1,0,medium,2,3.126,29796.28,16748.75
CLM007770,0,1,1,0,1,1,1,high,5,15.238,229028.9,192658.09
CLM007771,0,1,1,1,0,1,0,high,4,12.408,190540.56,155853.59
CLM007772,1,1,1,0,0,1,1,high,5,13.549,308906.51,228827.75
CLM007773,0,0,1,0,0,0,0,low,1,0.775,7948.67,5472.7
CLM007774,1,0,0,0,1,0,0,high,2,4.806,78539.08,58749.15
CLM007775,1,0,1,0,1,1,0,low,4,3.697,52511.27,45732.51
CLM007776,0,0,1,1,0,1,0,high,3,7.699,66492.1,30375.75
CLM007777,0,0,0,0,0,0,1,low,1,1.029,16040.75,7467.01
CLM007778,1,0,1,0,1,0,0,low,3,2.067,20777.14,4682.71
CLM007779,0,1,1,0,1,0,0,low,3,1.865,22175.66,17885.15
CLM007780,0,1,1,0,0,0,0,medium,2,3.345,56314.07,38996.31
CLM007781,0,0,1,1,0,0,0,low,2,2.372,32517.47,21869.52
CLM007782,0,0,1,0,1,0,0,low,2,1.867,16634.24,10771.48
CLM007783,0,1,1,0,1,1,0,high,4,9.881,159804.48,132487.98
CLM007784,0,1,1,0,0,0,0,low,2,2.335,22420.79,13389.86
CLM007785,1,0,0,1,1,1,0,high,4,8.821,124987.91,97260.59
CLM007786,1,0,0,0,0,1,0,high,2,5.55,78879.87,58031.53
CLM007787,0,0,1,0,1,1,1,medium,4,7.138,67320.26,48572.81
CLM007788,0,1,1,0,0,1,0,low,3,2.777,28802.47,17967.86
CLM007789,1,0,1,0,0,0,0,low,2,1.668,14330.5,5210.15
CLM007790,0,0,1,0,0,1,1,high,3,9.088,146122.73,113841.66
CLM007791,0,1,1,0,0,0,0,medium,2,3.04,27763.49,21147.56
CLM007792,1,0,0,0,0,0,0,medium,1,1.468,15125.07,9810.08
CLM007793,0,1,1,0,1,0,0,medium,3,3.339,57467.18,46462.36
CLM007794,0,1,1,0,1,1,0,medium,4,5.848,97132.97,76734.42
CLM007795,0,0,1,0,0,0,0,low,1,0.978,11774.5,3587.8
CLM007796,0,0,1,1,0,0,0,high,2,5.131,54322.26,30567.28
CLM007797,1,0,0,0,0,0,0,medium,1,1.582,16201.81,11763.83
CLM007798,0,0,1,1,0,1,0,medium,3,4.812,63235.59,48573.67
CLM007799,0,1,1,0,0,1,0,medium,3,5.234,61887.07,47121.56
CLM007800,1,0,0,0,1,1,0,high,3,6.467,69736.04,26460.18
CLM007801,0,1,1,1,0,0,0,medium,3,4.734,56300.98,45305.38
CLM007802,1,0,0,0,0,0,0,medium,1,1.348,21219.25,15930.36
CLM007803,1,0,0,0,0,0,0,medium,1,2.437,21127.67,8996.66
CLM007804,0,1,1,0,1,0,0,high,3,7.318,104355.38,79855.14
CLM007805,0,0,1,1,0,0,0,medium,2,2.787,47139.45,28995.38
CLM007806,0,0,1,0,0,0,0,low,1,0.795,10311.83,5199.58
CLM007807,1,0,1,0,0,0,0,low,2,2.414,40547.3,25603.49
CLM007808,1,0,0,0,1,1,0,medium,3,3.557,41755.27,32229.85
CLM007809,1,0,0,0,1,1,0,high,3,8.622,171098.94,122778.68
CLM007810,0,0,1,0,0,0,0,low,1,0.791,7222.85,3243.06
CLM007811,0,1,1,0,0,0,0,medium,2,3.911,39597.67,26519.73
CLM007812,0,0,1,1,0,1,0,low,3,2.585,29811.33,22056.94
CLM007813,0,1,0,0,1,1,0,high,3,8.741,121240.97,107232.64
CLM007814,0,0,1,1,0,0,0,low,2,2.109,26141.91,13699.15
CLM007815,0,0,1,1,0,0,0,low,2,2.069,28147.41,20230.73
CLM007816,0,1,1,0,1,0,0,medium,3,6.124,112043.7,88247.72
CLM007817,0,0,1,1,0,0,0,low,2,2.097,47927.78,37216.2
CLM007818,0,0,1,0,0,1,0,low,2,1.366,22336.36,9729.66
CLM007819,1,0,0,0,0,1,0,medium,2,2.777,38624.69,33326.34
CLM007820,1,0,1,0,1,1,0,medium,4,4.047,83136.17,72097.23
CLM007821,0,1,1,0,1,1,0,medium,4,6.372,88619.43,52015.98
CLM007822,1,0,1,0,1,0,0,high,3,7.477,69152.56,44304.94
CLM007823,1,0,0,0,0,0,0,low,1,1.102,11784.39,5370.72
CLM007824,1,0,0,0,1,1,0,high,3,8.799,101769.91,75621.46
CLM007825,0,1,1,0,0,1,0,medium,3,5.11,46176.31,36481.52
CLM007826,0,0,1,1,0,0,0,low,2,2.362,22145.46,15989.2
CLM007827,1,0,0,0,1,1,0,high,3,7.111,126234.63,104976.61
CLM007828,0,0,1,0,0,1,0,low,2,1.423,13467.04,9521.33
CLM007829,0,0,1,0,0,0,0,low,1,1.049,12702.81,8092.67
CLM007830,0,1,0,0,0,1,1,low,3,3.658,56132.02,39135.47
CLM007831,0,1,1,1,0,0,1,high,4,11.87,130887.79,100497.37
CLM007832,0,1,0,0,0,0,1,low,2,2.142,28225.67,19745.8
CLM007833,1,0,0,0,1,1,0,high,3,8.154,137456.95,106857.5
CLM007834,0,0,1,0,0,0,0,low,1,0.9,12285.36,1885.66
CLM007835,1,0,0,0,1,1,0,medium,3,4.852,44280.44,25115.08
CLM007836,0,0,1,0,0,0,0,low,1,0.819,11125.44,1112.84
CLM007837,0,1,1,1,0,1,1,medium,5,9.042,189037.18,120965.11
CLM007838,0,0,1,0,1,1,0,medium,3,4.774,68741.0,46034.57
CLM007839,0,1,1,0,0,0,0,medium,2,3.284,33203.1,16700.44
CLM007840,0,0,1,1,0,0,0,low,2,1.646,15663.02,12104.63
CLM007841,0,0,1,0,0,1,0,low,2,1.952,26051.83,16456.31
CLM007842,1,0,0,0,1,1,0,medium,3,3.809,55342.62,33334.21
CLM007843,1,0,0,0,0,1,0,medium,2,2.992,31223.57,23052.16
CLM007844,1,0,0,0,1,0,0,low,2,1.971,21762.26,10490.8
CLM007845,0,1,1,0,1,1,0,medium,4,6.176,123889.16,78075.16
CLM007846,0,0,0,1,0,1,0,medium,2,4.257,46278.75,35505.91
CLM007847,1,0,0,0,0,0,1,high,2,6.349,55781.97,38116.29
CLM007848,1,0,0,0,0,0,0,low,1,0.505,8032.45,0.0
CLM007849,0,0,1,1,0,1,0,medium,3,5.529,64615.86,45143.07
CLM007850,0,0,1,1,0,1,0,high,3,5.272,62857.95,47437.93
CLM007851,1,0,1,1,1,1,0,high,5,14.076,143591.53,130795.97
CLM007852,0,0,1,1,0,0,0,medium,2,3.244,30860.91,17250.86
CLM007853,0,1,1,0,1,0,0,medium,3,4.207,66341.0,61020.96
CLM007854,0,0,1,1,0,0,0,medium,2,3.715,58516.11,53248.92
CLM007855,1,0,0,0,1,0,0,high,2,6.056,46965.93,32907.04
CLM007856,1,0,0,0,1,0,0,low,2,1.875,28002.46,16614.44
CLM007857,1,0,0,0,1,1,0,low,3,3.051,44258.79,27988.6
CLM007858,1,0,0,0,0,0,0,medium,1,1.498,17018.62,9793.89
CLM007859,1,0,0,0,1,1,0,high,3,7.824,116910.82,79695.71
CLM007860,1,0,0,1,1,1,0,high,4,9.935,202899.48,133476.52
CLM007861,1,1,1,0,0,0,1,medium,4,8.114,111226.73,83811.24
CLM007862,1,0,0,0,1,0,0,medium,2,2.097,14526.86,10779.52
CLM007863,1,0,0,0,1,0,0,medium,2,2.837,47470.21,39953.38
CLM007864,0,1,1,0,0,0,0,high,2,3.78,65389.72,42355.68
CLM007865,0,0,1,1,0,0,0,low,2,1.746,12548.7,7520.98
CLM007866,1,0,1,0,0,0,0,low,2,1.972,17022.85,5225.61
CLM007867,0,0,1,0,0,0,0,low,1,0.648,5948.37,0.0
CLM007868,0,0,1,0,1,1,0,high,3,8.128,125821.91,103917.24
CLM007869,1,0,1,0,0,0,0,low,2,2.053,23447.52,15219.83
CLM007870,0,0,1,0,0,0,0,low,1,1.008,16302.39,6845.87
CLM007871,0,0,1,1,0,0,1,low,3,2.83,46416.52,31474.39
CLM007872,0,1,1,0,0,1,1,high,4,10.805,207958.49,148652.42
CLM007873,1,0,1,0,1,0,0,low,3,3.16,48991.72,29301.83
CLM007874,0,0,0,0,1,0,0,low,1,0.847,8008.39,0.0
CLM007875,0,0,1,0,1,1,0,high,3,8.817,72243.6,20888.12
CLM007876,1,1,1,0,1,1,0,high,5,11.327,227285.83,174156.49
CLM007877,0,1,1,0,1,1,1,high,5,15.646,216770.05,202141.76
CLM007878,1,0,0,0,1,0,0,medium,2,3.238,39289.76,33954.78
CLM007879,1,0,0,0,1,0,0,low,2,1.965,22624.91,13171.53
CLM007880,1,0,0,0,1,1,0,high,3,7.26,88498.82,76954.38
CLM007881,0,0,1,0,1,0,0,low,2,1.468,13658.47,5450.59
CLM007882,1,0,0,0,0,0,0,medium,1,1.495,13437.56,9273.91
CLM007883,1,0,1,1,1,0,0,high,4,12.668,81886.26,48825.88
CLM007884,0,1,1,0,1,1,0,medium,4,6.019,65269.45,36034.68
CLM007885,1,0,0,1,1,0,0,medium,3,4.23,63076.14,46614.58
CLM007886,1,1,0,0,1,0,0,medium,3,4.595,43724.87,23420.77
CLM007887,1,0,0,0,0,0,0,low,1,1.017,10872.55,7782.63
CLM007888,1,0,0,0,1,0,0,medium,2,2.483,51219.79,37260.34
CLM007889,0,1,1,0,0,0,0,medium,2,4.142,46085.25,35272.85
CLM007890,0,1,1,1,0,0,0,medium,3,5.692,78021.39,68090.81
CLM007891,0,1,0,0,1,0,0,high,2,5.748,65997.83,56774.95
CLM007892,1,0,1,1,0,0,0,low,3,3.795,53471.64,39158.87
CLM007893,0,0,1,0,0,0,0,low,1,0.831,12075.31,7996.6
CLM007894,1,0,0,0,0,1,0,low,2,2.303,26966.41,13623.26
CLM007895,0,1,0,0,0,1,1,low,3,3.053,55425.18,44700.74
CLM007896,0,0,1,0,1,0,0,medium,2,2.744,39696.84,28883.9
CLM007897,0,1,1,0,0,1,1,medium,4,6.763,61332.44,31182.1
CLM007898,0,1,1,1,1,0,0,high,4,11.163,81997.42,58574.46
CLM007899,1,0,0,0,1,1,0,medium,3,5.299,58548.43,50220.83
CLM007900,1,1,1,0,0,0,0,high,3,8.444,142149.47,85791.98
CLM007901,1,1,0,0,0,1,1,medium,4,8.592,95243.41,66557.76
CLM007902,0,0,0,0,0,1,0,medium,1,1.713,27128.67,15323.19
CLM007903,0,0,0,1,0,1,0,low,2,2.059,21326.18,14640.9
CLM007904,0,0,1,0,1,0,0,low,2,1.296,23787.64,7091.6
CLM007905,1,1,1,1,0,1,1,high,6,16.355,223886.1,177677.87
CLM007906,1,0,0,0,1,0,0,medium,2,3.3,29711.81,18927.11
CLM007907,1,1,1,0,1,1,1,high,6,17.658,328568.96,216217.32
CLM007908,0,0,1,1,1,1,0,high,4,8.537,84707.75,33652.71
CLM007909,0,1,1,0,0,1,0,medium,3,5.277,63936.16,54532.66
CLM007910,0,1,1,0,1,0,0,medium,3,4.507,97007.83,67816.51
CLM007911,1,0,0,0,1,0,0,medium,2,3.323,40296.65,21633.15
CLM007912,1,1,0,0,1,1,0,high,4,10.878,67000.12,46792.54
CLM007913,0,1,1,0,0,1,0,low,3,3.076,30566.97,25501.54
CLM007914,0,1,1,0,0,1,1,medium,4,7.992,150121.7,128556.35
CLM007915,1,0,0,0,0,0,0,low,1,0.897,10736.3,0.0
CLM007916,1,0,0,0,0,0,0,low,1,1.099,13888.26,7156.23
CLM007917,0,0,1,0,1,0,0,high,2,4.619,75488.06,48217.79
CLM007918,0,0,1,1,0,1,0,high,3,8.003,76127.98,62162.29
CLM007919,1,0,0,0,0,1,0,medium,2,2.683,28974.92,15939.02
CLM007920,0,1,1,0,0,1,1,high,4,10.831,156862.1,130714.89
CLM007921,0,0,1,0,0,0,0,medium,1,1.494,12635.32,0.0
CLM007922,0,1,1,0,1,1,0,high,4,8.06,131690.7,84050.55
CLM007923,1,0,0,0,1,1,0,medium,3,5.422,57801.01,44042.03
CLM007924,0,0,1,0,1,0,0,medium,2,2.615,34014.29,25164.03
CLM007925,0,1,1,0,1,1,0,medium,4,5.205,48199.43,42572.55
CLM007926,0,1,1,1,1,1,0,high,5,17.176,226955.38,198264.45
CLM007927,0,0,1,1,0,0,0,high,2,5.853,68511.63,28132.36
CLM007928,1,0,0,0,0,0,0,medium,1,1.746,25496.25,15227.56
CLM007929,0,0,1,0,0,0,0,low,1,0.838,10913.49,6543.58
CLM007930,0,0,1,0,0,0,0,low,1,0.976,10378.66,0.0
CLM007931,0,0,1,1,0,0,0,low,2,1.846,23723.18,16337.07
CLM007932,0,1,1,0,1,1,0,high,4,13.377,160335.15,137259.79
CLM007933,0,1,1,0,1,1,0,high,4,11.558,131782.37,108428.86
CLM007934,1,0,0,0,1,0,0,low,2,1.352,12626.15,4749.95
CLM007935,1,1,0,1,0,1,0,high,4,9.247,150893.44,110834.53
CLM007936,1,1,0,0,0,0,0,low,2,1.749,21632.52,16023.57
CLM007937,0,1,1,0,1,1,0,high,4,10.886,165009.24,111142.88
CLM007938,1,0,0,0,1,1,0,low,3,2.089,18660.66,11501.55
CLM007939,1,0,0,0,1,0,0,medium,2,2.842,50271.64,35186.88
CLM007940,1,0,0,0,0,0,0,low,1,1.003,14286.39,10889.15
CLM007941,1,0,0,0,1,0,0,medium,2,3.64,37522.48,26607.97
CLM007942,1,0,1,0,0,0,0,low,2,1.851,19083.76,8714.28
CLM007943,1,1,0,0,1,1,0,high,4,14.555,156019.89,118399.95
CLM007944,1,0,1,1,1,0,0,medium,4,5.852,106251.92,78007.84
CLM007945,1,0,0,0,1,1,0,medium,3,4.657,58426.35,37923.35
CLM007946,0,1,1,0,1,1,0,medium,4,5.867,54766.95,33812.85
CLM007947,0,1,1,0,1,1,0,high,4,11.605,233608.04,197457.65
CLM007948,0,1,1,0,1,1,0,high,4,9.366,154638.65,118186.9
CLM007949,0,0,0,1,1,1,0,low,3,3.012,31530.13,19844.93
CLM007950,1,0,1,0,0,0,0,low,2,1.495,18398.39,12217.14
CLM007951,1,0,0,0,1,0,0,medium,2,3.792,28759.83,19979.48
CLM007952,0,0,1,0,1,0,0,medium,2,1.967,19714.96,12384.92
CLM007953,0,0,1,0,0,0,0,low,1,0.775,12627.45,6454.45
CLM007954,0,0,1,1,0,0,0,high,2,4.065,39294.65,32818.74
CLM007955,0,1,0,1,0,1,1,medium,4,6.866,120514.76,95821.52
CLM007956,0,0,1,1,0,0,1,high,3,9.742,171163.47,135317.33
CLM007957,0,0,1,0,1,1,0,low,3,2.222,33047.3,20287.51
CLM007958,1,1,1,0,0,1,1,high,5,15.559,255817.44,185840.82
CLM007959,0,0,1,0,0,0,0,medium,1,1.256,15047.95,4023.26
CLM007960,0,0,1,0,0,1,0,medium,2,2.266,41993.51,27747.28
CLM007961,1,0,1,0,1,0,0,medium,3,4.08,70794.95,49324.7
CLM007962,1,0,0,0,0,1,0,low,2,2.069,27527.84,18281.75
CLM007963,0,0,1,1,0,0,0,high,2,5.807,84498.38,60601.63
CLM007964,1,0,0,0,1,0,0,low,2,1.828,22005.16,13688.96
CLM007965,0,1,1,0,0,0,0,low,2,1.908,15654.81,6388.16
CLM007966,1,0,0,0,1,1,1,high,4,10.824,115592.17,100958.17
CLM007967,1,1,0,0,0,0,0,medium,2,2.409,36255.2,22716.88
CLM007968,0,0,0,1,0,0,0,low,1,1.098,21371.58,7733.86
CLM007969,1,0,1,1,0,1,0,medium,4,7.237,79034.92,63396.6
CLM007970,0,0,1,1,1,1,0,medium,4,4.749,61182.12,31989.15
CLM007971,1,0,0,0,1,1,0,high,3,5.985,66766.23,47841.04
CLM007972,0,0,1,0,0,1,0,medium,2,2.996,38595.1,25261.32
CLM007973,0,1,1,0,0,0,0,medium,2,4.681,97395.48,85354.39
CLM007974,0,1,1,0,1,1,0,medium,4,6.047,89232.78,79745.99
CLM007975,0,1,1,0,1,0,0,medium,3,5.101,69467.58,61484.22
CLM007976,0,0,1,1,0,0,0,low,2,1.382,25597.95,14661.47
CLM007977,0,0,1,0,0,0,0,low,1,0.964,7532.94,1728.6
CLM007978,0,0,0,1,1,0,0,medium,2,2.782,33254.35,22878.45
CLM007979,0,0,1,1,0,0,0,medium,2,3.22,42788.28,30500.09
CLM007980,1,0,1,1,0,0,0,medium,3,4.762,54707.87,45334.28
CLM007981,0,0,1,1,0,0,0,low,2,2.29,28146.96,21724.46
CLM007982,0,0,1,1,0,0,0,high,2,5.124,79495.38,59218.07
CLM007983,0,1,1,0,1,0,1,high,4,10.396,123004.87,89144.87
CLM007984,0,1,1,0,0,1,0,medium,3,3.676,40814.52,20299.37
CLM007985,0,1,1,0,0,1,0,medium,3,4.945,68966.8,58982.0
CLM007986,0,0,1,0,0,0,0,medium,1,1.721,26233.52,15984.99
CLM007987,1,0,1,0,1,0,0,medium,3,3.242,24886.57,20566.52
CLM007988,0,1,1,0,0,0,0,medium,2,3.481,73952.08,52874.73
CLM007989,1,0,0,0,1,0,0,low,2,1.992,32094.17,17909.82
CLM007990,1,0,0,0,1,1,0,high,3,5.792,62757.17,55537.37
CLM007991,0,0,1,0,0,0,1,medium,2,3.822,46263.94,30042.06
CLM007992,0,1,1,1,0,0,0,high,3,8.6,126210.16,86856.65
CLM007993,0,0,1,1,0,1,0,low,3,3.063,27896.14,19261.43
CLM007994,0,0,0,0,0,1,0,low,1,0.969,9147.22,6214.56
CLM007995,0,0,1,1,0,0,1,low,3,4.024,64598.24,44383.12
CLM007996,0,0,1,0,0,0,0,low,1,0.633,6730.93,3787.97
CLM007997,1,0,0,0,1,0,0,medium,2,2.477,37171.58,24265.16
CLM007998,0,1,1,1,1,1,0,high,5,11.851,237145.71,156293.06
CLM007999,0,0,1,0,0,0,0,low,1,0.844,16244.98,9316.13
CLM008000,0,0,1,1,0,1,0,medium,3,4.223,50695.25,32191.15
CLM008001,1,0,1,0,0,0,0,low,2,1.724,20383.2,4691.79
CLM008002,0,0,1,0,0,1,0,low,2,1.615,25335.93,17651.67
CLM008003,0,1,1,1,1,0,0,medium,4,6.026,69769.93,40642.92
CLM008004,0,0,1,0,0,1,0,low,2,1.945,30338.56,12739.05
CLM008005,1,0,0,0,0,1,0,medium,2,2.41,32729.91,19906.19
CLM008006,1,0,0,0,1,0,0,low,2,1.635,23383.03,15161.88
CLM008007,0,1,1,0,1,1,0,high,4,9.109,101922.98,80015.87
CLM008008,1,0,0,0,0,1,0,low,2,2.021,24109.72,18135.06
CLM008009,0,1,1,1,0,0,0,medium,3,5.793,57639.85,44898.58
CLM008010,0,0,1,1,0,0,0,medium,2,3.078,44677.26,37944.36
CLM008011,0,0,1,0,0,1,1,medium,3,5.116,86498.92,79001.04
CLM008012,1,1,0,1,1,1,0,high,5,14.418,103368.62,72519.32
CLM008013,1,0,0,0,1,0,0,high,2,3.822,59103.29,53727.86
CLM008014,0,1,1,0,1,1,0,high,4,7.437,78381.75,40065.23
CLM008015,0,1,1,0,1,1,1,high,5,12.24,191139.01,162722.26
CLM008016,0,0,1,0,0,0,0,low,1,0.815,12284.51,264.64
CLM008017,0,1,1,0,1,0,0,low,3,3.476,41375.44,28563.32
CLM008018,0,0,0,1,0,1,0,low,2,1.759,14907.54,7782.7
CLM008019,1,1,1,1,1,1,0,high,6,16.029,169683.06,147977.13
CLM008020,0,1,1,0,1,0,0,medium,3,4.786,71921.24,61250.0
CLM008021,0,1,0,0,0,0,1,medium,2,3.169,30175.44,18002.83
CLM008022,0,1,1,1,0,1,0,medium,4,7.34,152980.72,121784.82
CLM008023,0,1,1,1,0,1,0,high,4,12.791,138237.18,88597.59
CLM008024,1,0,0,0,1,0,0,low,2,2.017,29443.0,13388.48
CLM008025,1,1,1,1,1,1,0,high,6,13.63,259273.46,194893.34
CLM008026,0,0,1,1,0,0,0,low,2,1.819,18073.39,5721.1
CLM008027,1,0,0,0,0,0,0,low,1,1.3,9654.64,2897.09
CLM008028,1,0,1,0,0,0,0,medium,2,3.254,63521.05,47310.54
CLM008029,0,1,1,0,1,1,1,high,5,10.196,179940.16,149280.38
CLM008030,0,1,1,0,1,1,0,low,4,3.677,54017.26,42222.6
CLM008031,0,0,1,0,1,0,0,low,2,1.611,12126.12,37.37
CLM008032,1,1,1,0,1,0,0,medium,4,7.034,82342.29,65653.94
CLM008033,0,1,1,0,1,1,0,medium,4,6.226,120866.73,101294.88
CLM008034,1,0,1,0,1,1,0,medium,4,6.919,98653.44,74559.29
CLM008035,0,0,1,0,0,0,0,low,1,0.73,6131.28,3546.38
CLM008036,1,0,0,0,1,0,0,medium,2,2.919,25960.65,11449.42
CLM008037,1,0,0,0,1,0,0,low,2,2.303,39075.9,18092.2
CLM008038,0,1,1,1,0,0,0,medium,3,4.875,68924.08,51339.26
CLM008039,0,0,1,1,0,0,0,medium,2,3.189,49294.83,33779.97
CLM008040,1,0,0,0,1,1,0,medium,3,5.175,76766.89,62613.65
CLM008041,0,0,0,0,1,0,0,low,1,0.677,11930.45,0.0
CLM008042,0,1,1,1,1,1,0,high,5,13.511,278626.22,202710.17
CLM008043,0,0,1,1,0,0,0,medium,2,3.569,49584.39,41022.67
CLM008044,0,0,1,1,0,1,0,medium,3,4.247,74507.37,52125.24
CLM008045,0,0,1,0,0,1,0,medium,2,2.833,46051.43,25511.95
CLM008046,1,0,0,0,1,1,0,high,3,8.575,123462.84,98060.96
CLM008047,0,0,0,0,0,1,1,medium,2,3.67,75830.4,56741.77
CLM008048,1,1,1,0,1,1,0,high,5,10.972,147631.75,79800.07
CLM008049,1,1,1,0,0,0,1,medium,4,5.912,98451.06,73078.35
CLM008050,0,1,1,0,1,0,0,low,3,2.557,37216.68,17617.81
CLM008051,0,1,1,0,1,1,0,high,4,11.349,178273.06,154299.5
CLM008052,1,0,0,0,0,0,0,low,1,0.894,12760.41,3990.42
CLM008053,0,1,1,0,1,0,0,high,3,6.901,70221.14,37360.5
CLM008054,0,0,1,0,1,0,0,low,2,1.399,23181.06,16823.77
CLM008055,1,1,1,0,1,1,0,high,5,13.311,181671.47,121270.69
CLM008056,0,0,1,1,1,0,0,medium,3,5.563,76996.36,62281.73
CLM008057,0,1,0,0,1,1,1,high,4,9.246,115280.8,75835.47
CLM008058,0,1,1,1,1,1,0,high,5,14.057,216066.96,185961.28
CLM008059,0,0,0,1,1,0,0,low,2,1.858,20422.74,10568.91
CLM008060,0,0,1,1,0,0,0,medium,2,3.307,48453.96,23884.51
CLM008061,1,0,0,1,0,0,0,low,2,2.201,26748.82,16124.48
CLM008062,0,0,1,1,1,1,0,low,4,3.915,70446.54,54633.02
CLM008063,0,0,1,1,0,1,0,low,3,2.076,15679.55,10323.03
CLM008064,0,0,0,0,1,1,0,low,2,1.884,28048.38,20941.41
CLM008065,0,0,1,0,0,1,0,low,2,2.081,35858.32,25618.68
CLM008066,1,0,0,0,1,0,0,low,2,1.522,22497.09,13689.28
CLM008067,0,0,1,0,1,0,0,low,2,1.668,25452.06,8137.8
CLM008068,0,1,1,0,0,1,1,medium,4,7.944,91257.35,79808.54
CLM008069,0,1,1,0,1,1,0,high,4,10.67,154543.99,126599.41
CLM008070,0,1,1,0,1,1,0,high,4,10.774,252337.3,177868.22
CLM008071,0,1,1,1,0,1,1,high,5,14.892,268927.84,239054.1
CLM008072,1,0,1,0,0,0,0,low,2,1.445,24667.86,20485.42
CLM008073,1,1,0,0,0,1,1,medium,4,8.163,113843.57,73049.94
CLM008074,0,0,1,0,0,0,0,medium,1,1.135,13026.64,6670.33
CLM008075,0,0,0,0,1,0,0,low,1,0.712,9785.95,828.92
CLM008076,1,0,0,0,1,1,0,medium,3,4.374,28740.34,24939.34
CLM008077,1,0,0,0,1,0,0,low,2,1.363,14355.59,6513.72
CLM008078,0,0,1,0,1,0,0,medium,2,2.678,38402.95,22549.48
CLM008079,1,0,0,0,1,0,1,low,3,2.614,29430.78,20921.76
CLM008080,0,0,1,0,0,0,0,low,1,0.956,9478.63,740.61
CLM008081,0,0,1,1,0,1,0,low,3,3.105,35886.89,24342.85
CLM008082,0,0,0,1,0,0,0,medium,1,2.123,34934.13,23835.07
CLM008083,0,0,1,1,0,1,0,medium,3,3.426,48037.15,37536.02
CLM008084,0,0,1,1,0,1,0,low,3,2.375,30049.53,17244.93
CLM008085,0,1,1,0,1,1,1,high,5,15.585,225183.02,206907.3
CLM008086,0,1,1,0,1,1,0,high,4,8.37,133559.79,93608.28
CLM008087,0,0,0,0,1,0,0,low,1,0.801,13300.71,2610.74
CLM008088,0,0,0,0,1,0,0,low,1,0.667,9693.19,0.0
CLM008089,0,0,1,1,0,1,0,medium,3,4.5,63905.23,50681.84
CLM008090,1,0,0,0,0,1,0,high,2,6.824,60208.61,48800.8
CLM008091,0,1,1,0,1,1,0,high,4,12.533,141066.82,107631.86
CLM008092,0,0,1,1,0,0,0,low,2,1.636,29223.74,20910.66
CLM008093,0,1,1,0,1,1,0,high,4,10.255,105849.94,62297.52
CLM008094,1,0,0,0,1,0,0,medium,2,2.4,21606.2,14726.09
CLM008095,1,0,0,0,1,0,0,medium,2,2.062,17586.81,10737.64
CLM008096,0,0,1,1,0,0,0,medium,2,3.471,68050.9,51066.41
CLM008097,0,0,1,1,0,0,0,low,2,2.223,37436.17,22823.62
CLM008098,0,1,1,0,1,1,0,medium,4,6.561,102458.98,74084.89
CLM008099,0,1,1,0,1,1,0,high,4,8.237,130734.07,95423.11
CLM008100,0,0,1,0,1,0,0,low,2,2.259,25291.63,17879.64
CLM008101,0,0,1,0,0,1,0,medium,2,2.868,35393.62,22800.46
CLM008102,0,1,1,1,1,1,0,high,5,16.476,259408.06,206815.62
CLM008103,0,1,1,1,1,1,0,high,5,11.786,121369.12,107693.07
CLM008104,0,0,1,1,1,1,0,medium,4,4.935,89924.83,56648.48
CLM008105,1,0,0,0,1,0,0,medium,2,3.455,21849.56,12058.58
CLM008106,0,0,1,0,1,0,0,low,2,1.989,22332.36,16099.93
CLM008107,0,0,1,0,0,1,0,medium,2,3.062,48963.89,36592.85
CLM008108,0,0,1,0,0,0,0,low,1,0.671,7140.19,782.61
CLM008109,0,0,1,1,0,1,0,high,3,9.609,126938.42,81565.63
CLM008110,0,0,1,1,1,0,0,medium,3,3.947,31977.91,21681.52
CLM008111,0,0,0,1,1,0,0,low,2,1.437,17690.29,10524.61
CLM008112,0,1,1,0,1,1,1,medium,5,11.063,188054.48,151050.1
CLM008113,0,0,1,0,0,0,0,low,1,0.943,11949.56,4465.55
CLM008114,1,0,0,0,1,0,0,medium,2,3.176,28948.06,14512.2
CLM008115,0,0,1,1,1,0,0,low,3,1.484,18062.54,3328.78
CLM008116,0,1,1,0,1,0,0,medium,3,5.716,71405.1,57694.94
CLM008117,0,0,1,1,0,0,0,high,2,5.146,47731.46,32117.57
CLM008118,0,1,1,1,0,0,0,medium,3,5.769,69858.51,47060.99
CLM008119,0,1,1,1,1,1,0,high,5,12.732,158018.1,139975.71
CLM008120,1,0,0,0,0,1,0,medium,2,2.879,27343.01,19793.36
CLM008121,0,0,1,1,0,0,0,low,2,1.561,21136.63,14960.27
CLM008122,0,0,1,0,0,0,0,low,1,0.917,11091.38,5447.36
CLM008123,1,0,0,0,1,0,0,low,2,1.985,29725.48,8972.75
CLM008124,0,0,1,0,0,0,0,low,1,1.083,6755.8,413.33
CLM008125,1,0,0,0,1,0,0,medium,2,3.003,29686.33,13237.9
CLM008126,1,0,0,0,1,1,0,medium,3,4.662,68366.37,57686.97
CLM008127,1,0,0,0,1,1,0,medium,3,3.592,32471.53,15093.53
CLM008128,1,1,1,0,0,0,0,low,3,3.706,57831.65,36767.74
CLM008129,0,1,1,0,1,0,0,medium,3,4.596,38006.42,11884.94
CLM008130,0,1,1,0,0,1,1,medium,4,6.875,143536.87,118442.62
CLM008131,0,0,0,1,0,1,0,low,2,2.267,31912.19,24064.14
CLM008132,0,0,1,0,1,0,0,low,2,1.437,15582.37,0.0
CLM008133,0,0,1,0,0,0,0,low,1,0.848,7350.18,3219.89
CLM008134,0,0,1,1,0,0,0,low,2,1.958,15206.67,9303.87
CLM008135,0,1,1,0,1,1,0,high,4,11.972,160586.52,125441.25
CLM008136,0,0,1,1,0,0,0,medium,2,4.437,49926.69,40402.65
CLM008137,0,0,1,1,0,0,0,low,2,1.541,10238.08,0.0
CLM008138,0,1,1,0,1,1,0,high,4,11.087,197472.92,139046.35
CLM008139,0,1,1,0,1,0,0,high,3,6.676,91703.38,76612.71
CLM008140,0,0,1,0,0,1,0,medium,2,2.861,45382.32,40988.53
CLM008141,0,0,1,0,0,0,0,low,1,0.64,8675.25,0.0
CLM008142,0,1,1,0,1,0,0,high,3,6.59,84738.95,61770.24
CLM008143,1,1,1,1,1,1,0,high,6,12.84,199925.24,139592.24
CLM008144,0,0,1,0,0,0,0,low,1,0.805,14192.56,4152.6
CLM008145,1,0,0,0,1,1,0,high,3,5.173,96480.15,87903.37
CLM008146,0,1,1,0,0,0,0,high,2,5.685,51425.11,32766.94
CLM008147,0,0,1,0,0,0,0,low,1,1.038,8627.98,0.0
CLM008148,0,0,1,1,0,0,0,medium,2,3.394,54182.73,45158.57
CLM008149,0,1,1,0,1,0,0,medium,3,5.315,58792.39,48643.5
CLM008150,0,0,1,0,0,0,0,low,1,0.746,10481.62,7710.37
CLM008151,1,0,0,0,1,0,0,low,2,1.705,26994.77,22288.31
CLM008152,1,0,0,0,0,0,0,low,1,1.258,18721.97,14227.6
CLM008153,0,0,1,1,0,1,0,low,3,3.085,43846.88,16384.95
CLM008154,1,0,0,1,1,1,0,high,4,11.196,126579.91,74755.61
CLM008155,0,0,1,0,1,1,0,high,3,6.463,63866.55,39791.16
CLM008156,0,0,1,1,1,0,0,medium,3,4.339,60018.62,45636.91
CLM008157,0,0,1,0,0,0,0,low,1,0.724,5025.07,0.0
CLM008158,0,0,0,1,0,0,0,low,1,0.886,12303.69,7869.85
CLM008159,1,0,0,0,1,1,0,medium,3,4.083,59145.21,39265.28
CLM008160,0,0,1,1,0,1,0,high,3,5.985,77519.17,39977.24
CLM008161,0,1,1,0,0,1,0,medium,3,5.519,78718.56,65649.48
CLM008162,1,0,1,0,0,0,0,medium,2,3.575,51245.42,39685.4
CLM008163,1,0,0,0,1,1,0,high,3,7.505,94088.62,74785.65
CLM008164,0,1,1,1,0,0,0,medium,3,6.029,100249.6,88093.44
CLM008165,1,0,0,0,0,1,0,high,2,5.283,88240.79,61608.81
CLM008166,1,0,0,0,1,1,0,low,3,2.297,21272.28,11356.59
CLM008167,1,0,0,0,0,0,1,medium,2,3.332,43693.02,33838.29
CLM008168,0,1,1,1,0,1,0,medium,4,6.637,143345.93,126422.98
CLM008169,0,0,1,1,0,1,0,medium,3,4.51,51995.2,34151.94
CLM008170,0,1,1,0,1,1,0,high,4,9.001,114018.99,85365.95
CLM008171,1,0,0,0,1,0,0,medium,2,2.824,34697.38,24397.71
CLM008172,0,0,1,0,1,1,0,medium,3,4.509,38765.3,24470.38
CLM008173,0,0,0,0,0,1,0,low,1,0.941,10816.54,6933.14
CLM008174,0,1,1,0,0,1,0,high,3,10.466,143964.69,106196.82
CLM008175,0,1,1,0,0,1,1,high,4,12.353,351142.55,275565.59
CLM008176,1,0,1,0,1,0,0,low,3,2.955,49239.43,41212.95
CLM008177,0,0,1,0,0,0,1,high,2,4.501,66006.32,57201.13
CLM008178,1,0,0,0,1,0,0,low,2,1.827,15945.56,4500.03
CLM008179,0,1,1,0,1,1,0,medium,4,5.566,82437.55,62679.06
CLM008180,0,0,1,0,1,1,0,low,3,2.918,31272.16,21910.29
CLM008181,0,1,1,1,1,0,0,medium,4,5.488,70217.37,55005.15
CLM008182,1,0,0,1,0,1,0,medium,3,4.84,73129.58,51773.32
CLM008183,0,0,1,1,0,0,0,low,2,1.72,22872.0,15834.55
CLM008184,0,0,1,1,0,1,0,low,3,3.329,37202.55,21514.59
CLM008185,0,1,1,0,1,0,0,medium,3,2.739,48012.33,20211.38
CLM008186,1,1,0,0,1,1,0,medium,4,6.708,126148.16,110266.89
CLM008187,0,0,0,0,1,0,0,medium,1,1.498,22741.54,6540.23
CLM008188,0,1,1,1,1,1,0,high,5,17.417,189900.2,139378.97
CLM008189,0,0,1,0,1,0,1,high,3,7.114,78553.92,34109.24
CLM008190,1,0,0,0,0,1,1,high,3,9.773,158144.07,111129.49
CLM008191,0,1,1,0,1,1,1,high,5,15.662,211126.75,177255.7
CLM008192,0,0,1,0,0,1,1,high,3,8.862,98750.77,89679.13
CLM008193,0,1,1,1,1,1,0,high,5,14.688,228065.13,166671.14
CLM008194,1,0,0,0,1,0,0,high,2,3.346,50863.13,37764.32
CLM008195,0,0,1,0,0,0,0,low,1,1.034,14662.51,10050.39
CLM008196,1,0,0,0,0,0,0,medium,1,1.678,26865.89,17802.95
CLM008197,0,0,1,1,0,1,0,medium,3,6.091,42699.07,27487.7
CLM008198,0,1,1,0,0,1,1,medium,4,6.005,106539.91,88032.02
CLM008199,0,0,1,0,0,0,0,low,1,0.807,12795.76,8726.61
CLM008200,0,0,1,0,0,0,0,low,1,0.875,12897.48,9945.91
CLM008201,0,1,1,1,1,1,0,high,5,16.724,234001.3,190665.67
CLM008202,0,0,1,0,0,0,0,low,1,1.058,13257.23,4763.69
CLM008203,0,0,1,0,1,0,0,low,2,1.407,21581.09,10192.83
CLM008204,0,0,0,0,1,1,0,low,2,1.524,12612.84,0.0
CLM008205,0,1,1,0,0,1,0,medium,3,5.17,70033.34,44151.75
CLM008206,0,1,1,0,1,1,0,medium,4,5.447,56632.17,50612.66
CLM008207,1,0,0,0,1,1,0,high,3,4.717,49382.47,42888.3
CLM008208,0,0,0,0,1,0,1,medium,2,3.101,46455.49,39711.39
CLM008209,0,0,1,0,0,0,0,low,1,0.908,10233.9,1106.05
CLM008210,0,1,1,0,0,0,0,medium,2,3.091,54802.28,45071.53
CLM008211,0,1,1,0,1,0,0,medium,3,5.264,78973.06,58346.61
CLM008212,1,1,1,0,0,1,1,high,5,10.959,137708.88,122423.59
CLM008213,1,0,0,0,0,0,0,low,1,1.008,12766.86,7233.17
CLM008214,1,0,1,0,1,0,0,high,3,5.136,61628.08,42456.65
CLM008215,0,0,1,1,0,1,0,low,3,2.732,38441.45,28012.09
CLM008216,0,0,0,1,1,0,0,medium,2,2.367,30370.1,17890.87
CLM008217,0,1,1,1,0,0,0,high,3,9.931,192759.45,158876.8
CLM008218,0,0,0,0,0,1,0,low,1,0.87,12754.14,7524.69
CLM008219,1,0,0,1,0,0,0,low,2,2.001,24671.51,19545.93
CLM008220,0,0,0,0,1,0,0,medium,1,1.507,16202.9,8368.23
CLM008221,1,1,1,0,1,1,1,high,6,17.516,365954.75,339608.32
CLM008222,1,0,0,0,1,0,0,high,2,4.786,78523.68,62348.57
CLM008223,0,1,1,0,1,1,0,high,4,9.104,94519.12,66288.99
CLM008224,0,1,1,0,1,1,1,high,5,10.413,127849.83,107259.49
CLM008225,0,1,1,0,1,1,0,medium,4,6.009,97115.57,70584.77
CLM008226,1,1,0,0,1,0,0,low,3,3.044,45896.88,37382.58
CLM008227,1,1,1,1,1,0,0,medium,5,10.856,159378.46,119015.13
CLM008228,0,0,1,1,0,0,0,low,2,2.298,25561.9,12003.52
CLM008229,0,0,1,0,0,0,0,low,1,0.695,5017.36,0.0
CLM008230,1,1,0,0,0,1,0,low,3,2.374,26519.36,4853.41
CLM008231,0,1,1,1,0,1,1,high,5,13.723,171039.6,149298.49
CLM008232,0,0,0,0,0,1,0,low,1,1.054,16400.18,5257.6
CLM008233,0,1,1,0,1,1,0,medium,4,5.761,100787.49,76563.42
CLM008234,1,0,0,0,0,0,0,medium,1,1.9,21349.98,5215.04
CLM008235,1,0,0,0,0,0,0,low,1,0.96,13129.74,10370.73
CLM008236,0,0,1,0,0,1,0,medium,2,2.4,42818.35,19058.64
CLM008237,0,0,1,1,0,1,0,high,3,12.024,176243.54,138951.95
CLM008238,1,1,0,0,0,0,0,low,2,1.897,27235.75,17655.13
CLM008239,0,1,1,1,1,1,0,high,5,13.349,122046.98,113768.22
CLM008240,0,0,1,1,0,1,0,low,3,2.326,35786.38,26392.35
CLM008241,1,0,0,1,1,1,0,high,4,9.386,124913.55,94522.44
CLM008242,0,0,1,1,0,1,1,high,4,11.419,144978.3,104742.39
CLM008243,1,0,1,1,0,0,0,high,3,6.642,87712.67,65159.89
CLM008244,1,1,0,0,0,1,0,medium,3,6.419,74636.1,55020.15
CLM008245,0,1,1,0,0,0,0,low,2,2.069,23149.84,11130.58
CLM008246,0,0,1,1,0,1,0,low,3,3.174,35502.32,23780.98
CLM008247,0,0,1,1,0,0,0,medium,2,2.404,16663.63,5468.83
CLM008248,0,1,1,1,0,0,0,low,3,3.631,40684.63,19412.13
CLM008249,0,0,1,0,0,0,0,low,1,0.661,6903.14,0.0
CLM008250,0,1,1,0,1,1,0,medium,4,6.594,114326.89,67685.02
CLM008251,0,0,1,0,0,0,0,low,1,0.891,14435.23,11143.41
CLM008252,0,1,1,0,0,0,0,medium,2,2.877,52396.71,41632.92
CLM008253,1,0,1,0,1,0,0,high,3,8.435,111902.07,77872.2
CLM008254,0,1,1,0,1,1,0,high,4,11.44,167099.11,151278.27
CLM008255,1,0,1,0,0,1,0,high,3,7.439,107490.56,59787.06
CLM008256,0,1,1,0,0,0,0,medium,2,3.486,43884.62,34870.33
CLM008257,0,0,1,0,0,0,0,low,1,0.824,12604.11,6462.92
CLM008258,0,1,1,0,1,1,0,high,4,8.201,98767.41,74132.94
CLM008259,0,0,1,1,0,1,0,medium,3,3.686,53389.22,37074.24
CLM008260,1,0,0,0,1,0,0,medium,2,2.948,52766.59,33489.59
CLM008261,0,0,1,0,0,0,0,low,1,1.175,7356.89,3215.78
CLM008262,0,1,1,1,1,1,0,high,5,15.334,356916.06,310066.73
CLM008263,0,0,1,1,1,1,0,medium,4,6.84,127421.29,86438.75
CLM008264,1,0,0,0,1,1,0,medium,3,4.008,49624.11,39259.02
CLM008265,0,1,1,0,1,1,0,medium,4,5.629,71618.46,45561.74
CLM008266,0,1,1,0,1,1,0,medium,4,7.479,115975.46,102384.57
CLM008267,0,0,1,0,1,0,0,medium,2,2.825,34454.21,10471.63
CLM008268,0,0,0,1,1,0,0,low,2,1.625,23256.54,19767.94
CLM008269,0,0,1,1,0,1,0,medium,3,5.955,83686.77,73291.1
CLM008270,0,0,1,0,0,0,0,low,1,0.918,12804.37,4133.64
CLM008271,0,0,1,0,1,0,0,low,2,1.411,16780.26,7581.65
CLM008272,1,0,0,0,0,1,0,high,2,5.115,52687.08,36582.16
CLM008273,0,1,0,0,0,0,1,low,2,2.067,29136.0,17505.2
CLM008274,1,0,0,0,0,0,0,low,1,0.864,9378.33,6034.84
CLM008275,0,0,1,0,0,0,0,medium,1,1.601,19045.47,12261.14
CLM008276,1,0,0,0,1,0,0,medium,2,3.565,64049.02,35461.53
CLM008277,1,0,0,0,1,0,0,low,2,1.703,22866.7,14598.15
CLM008278,0,0,1,0,0,0,0,low,1,0.773,6388.19,196.31
CLM008279,0,1,1,1,1,0,0,high,4,10.682,165009.63,92972.25
CLM008280,0,1,1,0,0,0,0,medium,2,3.3,60336.35,48964.84
CLM008281,0,0,1,0,0,0,0,medium,1,1.152,19412.81,11381.55
CLM008282,1,0,1,0,1,0,0,medium,3,3.758,63287.99,46930.73
CLM008283,0,0,1,1,0,0,0,medium,2,3.199,41390.29,36893.86
CLM008284,0,0,1,0,1,0,0,medium,2,2.973,45229.48,32111.62
CLM008285,0,0,0,0,0,0,1,medium,1,1.674,29103.96,18791.19
CLM008286,1,0,0,0,1,0,0,high,2,4.151,51952.93,36020.19
CLM008287,1,0,0,0,0,0,0,low,1,0.842,9754.96,5820.56
CLM008288,0,1,1,0,0,0,1,high,3,8.191,102461.1,74234.86
CLM008289,1,0,0,0,1,0,1,high,3,8.511,88301.21,62883.18
CLM008290,1,1,1,0,0,0,1,high,4,10.048,123219.69,92975.17
CLM008291,0,1,1,0,1,1,0,medium,4,8.163,141324.22,128175.49
CLM008292,0,1,1,0,1,1,1,medium,5,9.608,168265.79,117991.56
CLM008293,1,1,1,0,0,0,0,low,3,2.563,43139.5,28911.29
CLM008294,0,1,1,0,0,0,0,low,2,1.93,19244.1,12763.32
CLM008295,0,0,1,0,0,0,0,low,1,0.893,13081.36,9565.76
CLM008296,0,1,1,0,1,0,0,high,3,5.974,76609.61,55040.9
CLM008297,0,1,1,0,1,1,0,high,4,11.433,209396.32,163334.31
CLM008298,1,0,0,1,1,0,0,high,3,8.476,74805.04,62172.42
CLM008299,0,0,1,1,0,1,0,medium,3,4.537,57599.82,45671.12
CLM008300,0,0,0,1,0,1,0,medium,2,3.358,21038.91,4244.96
CLM008301,0,0,1,0,1,1,0,medium,3,4.369,40131.01,26657.84
CLM008302,1,1,0,0,1,0,0,low,3,2.425,51895.64,40500.42
CLM008303,0,0,0,0,0,1,1,medium,2,4.236,48640.57,32426.11
CLM008304,0,0,1,1,0,1,0,high,3,9.692,124328.54,108622.16
CLM008305,0,1,1,0,1,1,1,high,5,10.945,82028.64,31124.34
CLM008306,0,0,1,1,0,0,0,low,2,2.002,27592.87,5532.85
CLM008307,1,0,0,0,1,1,0,medium,3,4.414,60084.72,42736.13
CLM008308,0,0,1,0,0,0,0,low,1,0.826,9842.99,0.0
CLM008309,0,1,1,1,0,1,0,high,4,8.826,140773.77,100324.73
CLM008310,0,1,1,0,0,0,0,low,2,2.233,21083.77,11205.28
CLM008311,0,0,1,0,1,0,0,medium,2,2.662,33072.22,16263.76
CLM008312,0,0,1,0,1,1,0,medium,3,5.069,50972.99,30164.44
CLM008313,1,0,0,0,1,0,0,medium,2,2.931,34974.76,21279.3
CLM008314,0,0,1,0,0,0,0,low,1,0.881,15232.47,9644.24
CLM008315,0,1,1,0,0,1,1,high,4,10.256,187868.89,138331.13
CLM008316,1,0,0,0,1,0,0,medium,2,2.499,29508.7,16061.51
CLM008317,1,0,0,0,1,0,0,medium,2,3.322,43304.14,16214.12
CLM008318,0,0,1,0,1,1,0,medium,3,3.436,47204.09,34797.16
CLM008319,0,0,1,0,0,0,0,low,1,0.784,12807.79,9202.64
CLM008320,0,0,1,0,0,0,0,low,1,0.993,9577.04,1855.71
CLM008321,0,1,1,0,1,1,0,medium,4,7.545,83157.6,73101.02
CLM008322,1,1,1,0,1,1,0,high,5,12.832,216838.8,170286.3
CLM008323,0,0,1,0,0,0,0,low,1,0.89,15013.8,11317.26
CLM008324,1,0,1,0,0,0,0,low,2,2.053,18256.79,12650.98
CLM008325,0,0,0,0,0,0,1,low,1,1.258,21690.55,4610.26
CLM008326,1,0,0,0,1,0,0,medium,2,2.966,43257.17,21952.1
CLM008327,1,0,0,0,0,1,0,high,2,4.975,51738.66,35985.03
CLM008328,0,1,0,0,0,0,0,medium,1,1.53,20091.34,13050.84
CLM008329,0,0,1,0,0,0,0,low,1,0.531,10138.35,2242.75
CLM008330,0,1,1,0,1,0,0,medium,3,3.858,50599.06,44338.3
CLM008331,0,0,1,0,1,1,0,medium,3,3.569,41696.14,28582.21
CLM008332,0,1,1,0,1,0,0,high,3,7.425,98769.33,62887.58
CLM008333,1,1,0,0,1,1,0,high,4,9.36,147602.52,131954.4
CLM008334,1,0,1,0,1,1,0,medium,4,6.74,73573.51,44784.91
CLM008335,1,0,0,0,1,0,0,low,2,1.512,15107.74,6722.0
CLM008336,0,1,1,0,0,1,0,low,3,3.156,40504.83,26991.44
CLM008337,0,0,1,0,0,0,0,low,1,1.104,13636.93,7384.67
CLM008338,1,0,0,0,1,1,0,high,3,7.944,64828.79,55100.85
CLM008339,1,0,1,0,0,1,1,medium,4,7.498,80123.53,73094.01
CLM008340,0,1,1,1,0,0,0,medium,3,5.433,91757.02,69679.75
CLM008341,0,1,1,0,1,1,0,medium,4,7.17,87244.05,75827.92
CLM008342,0,0,1,0,1,0,0,low,2,1.141,16584.87,9669.4
CLM008343,0,0,1,0,0,1,0,low,2,2.023,20553.2,11579.96
CLM008344,0,0,1,1,0,0,0,low,2,2.295,21508.25,12290.73
CLM008345,0,1,1,1,0,1,0,high,4,11.543,126280.2,100028.68
CLM008346,0,0,1,1,0,0,0,medium,2,3.506,53508.29,32551.32
CLM008347,1,1,1,0,0,1,0,high,4,9.633,173585.49,131929.69
CLM008348,0,0,1,0,0,0,0,low,1,0.992,9968.4,5636.93
CLM008349,1,1,1,0,1,1,0,high,5,14.781,189897.63,139996.33
CLM008350,0,1,1,0,1,0,0,high,3,7.374,61619.61,54569.38
CLM008351,0,1,1,0,0,1,0,medium,3,4.344,54215.58,44442.18
CLM008352,0,1,0,0,0,1,1,medium,3,5.419,58884.55,52595.59
CLM008353,0,1,1,0,1,1,0,high,4,11.824,136319.56,108391.13
CLM008354,1,0,0,1,1,0,0,low,3,2.448,27798.94,19810.45
CLM008355,0,1,1,1,0,0,0,high,3,8.488,100625.95,69068.21
CLM008356,1,1,1,1,1,1,0,high,6,17.501,223263.48,155270.31
CLM008357,0,0,1,1,0,0,0,low,2,1.72,23718.02,10180.29
CLM008358,0,1,1,0,0,0,1,high,3,10.859,177388.83,152647.67
CLM008359,1,0,0,0,0,0,0,medium,1,1.699,24582.14,19949.28
CLM008360,0,1,0,0,1,0,0,medium,2,3.494,49629.41,31122.16
CLM008361,0,0,1,0,0,0,0,low,1,0.844,14923.24,10480.16
CLM008362,1,0,0,0,0,1,0,medium,2,3.534,48147.92,41969.28
CLM008363,0,0,1,1,0,1,0,medium,3,5.96,61597.96,41060.07
CLM008364,1,0,1,0,0,0,0,low,2,2.266,23104.34,13445.75
CLM008365,0,0,1,0,0,0,0,low,1,1.074,15034.8,10548.29
CLM008366,0,1,1,0,1,0,1,high,4,10.619,161805.19,129059.87
CLM008367,0,0,1,0,0,0,0,medium,1,1.413,19851.19,7013.66
CLM008368,0,1,1,0,0,1,0,medium,3,4.681,108502.08,71835.55
CLM008369,0,0,1,1,0,0,0,low,2,1.537,21235.03,10601.74
CLM008370,1,1,0,0,1,0,0,medium,3,6.314,110149.13,73266.24
CLM008371,0,0,1,0,0,0,0,low,1,0.864,7849.21,0.0
CLM008372,0,0,1,1,0,1,0,low,3,2.223,25878.46,19882.23
CLM008373,0,0,1,0,0,1,0,high,2,5.4,52049.13,28448.26
CLM008374,0,0,1,0,1,1,0,low,3,3.192,44491.32,28910.26
CLM008375,0,1,1,0,1,1,0,medium,4,7.136,92435.0,63980.88
CLM008376,0,1,1,0,0,0,1,medium,3,6.996,95965.38,71471.41
CLM008377,0,0,1,0,1,1,1,medium,4,7.868,125936.07,103393.79
CLM008378,0,1,1,1,0,0,1,high,4,14.829,131572.83,93467.78
CLM008379,1,0,0,0,1,1,0,medium,3,3.798,41389.77,26686.21
CLM008380,1,0,1,0,0,0,0,medium,2,2.601,22962.47,14328.03
CLM008381,1,1,0,1,1,0,0,high,4,9.982,166716.51,110173.06
CLM008382,1,0,1,1,1,0,0,high,4,11.864,188044.7,160732.44
CLM008383,0,0,1,1,0,0,0,low,2,1.408,16733.82,11231.1
CLM008384,0,0,0,0,1,0,0,medium,1,1.305,18964.41,10647.38
CLM008385,0,0,1,0,1,0,0,low,2,1.546,20012.47,16184.35
CLM008386,0,0,1,0,0,0,0,low,1,0.749,9855.42,1933.78
CLM008387,0,1,1,0,1,1,1,high,5,12.837,221132.77,175464.28
CLM008388,0,0,1,1,1,1,0,medium,4,5.721,76178.62,50685.59
CLM008389,0,0,1,0,1,0,0,low,2,1.511,16187.76,11937.62
CLM008390,0,1,0,0,1,0,0,low,2,1.921,25989.9,21270.22
CLM008391,0,1,1,0,0,1,0,low,3,3.063,39522.0,32980.34
CLM008392,1,0,0,0,0,0,0,medium,1,1.748,21996.39,9476.42
CLM008393,0,0,0,0,0,1,0,medium,1,1.274,14675.57,2817.75
CLM008394,0,0,1,0,1,0,0,low,2,1.355,18227.92,13491.86
CLM008395,0,1,1,0,1,1,0,high,4,9.524,117631.63,99394.2
CLM008396,0,0,1,0,0,0,0,low,1,0.556,7420.32,321.84
CLM008397,1,0,1,1,1,0,0,medium,4,6.301,100068.46,73872.61
CLM008398,1,0,0,0,1,1,0,high,3,6.63,80469.13,54795.15
CLM008399,1,0,0,0,0,0,0,medium,1,1.411,17341.78,11134.57
CLM008400,0,0,0,1,0,1,0,low,2,2.049,31731.61,21838.61
CLM008401,1,1,1,0,0,1,0,high,4,9.448,180131.39,156233.97
CLM008402,0,0,1,0,1,1,0,high,3,7.253,74360.11,60598.04
CLM008403,0,1,1,1,0,1,0,low,4,3.853,56223.75,40837.42
CLM008404,0,0,1,0,0,0,0,low,1,1.127,14583.6,9738.3
CLM008405,0,1,1,0,1,0,0,medium,3,4.227,41612.76,32142.49
CLM008406,0,1,1,0,0,1,1,medium,4,4.447,41347.42,17267.77
CLM008407,0,1,1,0,1,1,0,high,4,10.212,147642.2,106350.61
CLM008408,0,0,1,1,0,1,0,low,3,3.934,41130.93,23582.02
CLM008409,0,0,1,1,0,0,0,medium,2,3.574,52186.95,34096.6
CLM008410,0,0,1,1,0,0,0,low,2,1.95,15122.68,0.0
CLM008411,0,0,0,1,0,0,0,low,1,0.946,8356.53,3517.41
CLM008412,1,0,0,0,1,0,0,low,2,1.596,16473.05,9590.44
CLM008413,1,0,1,0,0,0,0,low,2,1.701,26348.44,9136.08
CLM008414,0,1,1,0,1,0,0,medium,3,3.985,54681.96,46373.39
CLM008415,0,0,1,0,0,0,0,low,1,0.784,9318.97,2819.13
CLM008416,0,0,1,1,0,1,0,medium,3,4.507,57384.35,33916.35
CLM008417,1,0,0,0,1,0,0,medium,2,2.38,34268.88,25821.42
CLM008418,0,1,1,1,0,1,0,medium,4,7.569,93455.21,71888.7
CLM008419,1,0,0,1,1,1,0,medium,4,7.322,99918.69,64476.33
CLM008420,0,0,1,0,0,0,0,medium,1,1.655,12475.59,5361.72
CLM008421,1,0,0,0,0,0,0,low,1,0.839,11868.79,3654.99
CLM008422,1,0,0,0,0,0,0,low,1,0.966,9398.53,2857.33
CLM008423,0,0,1,0,0,0,0,low,1,0.885,15158.02,6084.46
CLM008424,0,0,1,0,0,1,0,high,2,5.033,62224.76,44570.76
CLM008425,0,0,0,0,1,0,0,low,1,0.703,11203.04,0.0
CLM008426,1,0,0,0,0,0,0,medium,1,1.63,20191.34,9957.27
CLM008427,0,0,1,1,0,1,0,low,3,2.856,29830.14,19123.14
CLM008428,1,0,1,1,0,0,0,medium,3,5.804,51518.59,36734.38
CLM008429,1,1,1,0,1,0,0,high,4,11.453,139220.23,115312.66
CLM008430,0,0,0,1,0,0,0,low,1,0.971,12671.43,0.0
CLM008431,1,0,1,1,0,1,0,medium,4,5.815,76445.11,64036.89
CLM008432,0,1,1,1,1,1,0,medium,5,9.435,119970.0,101937.23
CLM008433,0,0,1,1,0,1,0,medium,3,4.792,55632.12,39463.28
CLM008434,0,1,1,0,1,1,0,medium,4,4.936,84145.84,64290.05
CLM008435,0,1,1,0,1,0,0,medium,3,4.585,59662.2,50379.44
CLM008436,0,1,1,0,0,1,1,medium,4,4.697,61121.98,43926.5
CLM008437,0,0,1,0,0,0,0,low,1,0.758,7087.13,3294.14
CLM008438,0,1,1,0,1,1,0,high,4,8.908,98053.44,82756.87
CLM008439,1,0,0,0,1,0,0,low,2,1.581,17417.85,4577.17
CLM008440,1,0,0,0,0,1,0,medium,2,3.595,31276.04,21264.41
CLM008441,0,0,1,1,0,0,0,low,2,2.043,20976.43,12192.35
CLM008442,1,0,0,0,1,0,0,low,2,1.49,21355.0,6101.08
CLM008443,0,0,1,1,0,0,0,low,2,1.837,30034.91,21331.32
CLM008444,0,1,1,0,1,1,0,high,4,9.516,191116.0,154926.06
CLM008445,0,0,1,0,1,0,0,medium,2,2.7,54389.13,38393.9
CLM008446,0,1,1,0,1,1,0,medium,4,3.569,71287.5,45169.95
CLM008447,1,1,0,0,1,1,0,medium,4,6.689,68243.09,49297.44
CLM008448,0,0,1,0,0,0,0,medium,1,1.139,13042.79,0.0
CLM008449,1,0,0,0,1,1,0,medium,3,4.015,46255.22,33924.11
CLM008450,1,1,0,0,1,1,0,high,4,13.804,208463.35,181907.18
CLM008451,1,0,0,0,1,0,0,low,2,1.912,13520.67,6030.11
CLM008452,0,0,1,0,0,1,1,medium,3,4.361,59260.02,48106.02
CLM008453,1,0,1,0,1,0,0,medium,3,3.783,45995.48,31813.24
CLM008454,0,0,0,0,1,1,0,medium,2,2.916,36463.31,23215.81
CLM008455,1,0,0,0,1,0,0,low,2,1.843,24632.25,19322.0
CLM008456,1,0,0,0,1,1,0,medium,3,4.944,90399.08,81601.84
CLM008457,0,0,1,1,0,0,0,medium,2,1.831,18549.74,8205.55
CLM008458,0,0,0,0,0,1,0,low,1,1.059,13988.88,1789.26
CLM008459,0,0,1,0,0,0,0,low,1,1.158,13079.66,9247.9
CLM008460,1,1,1,0,1,1,0,high,5,12.027,266657.35,202726.23
CLM008461,0,0,0,0,0,1,0,low,1,0.858,9832.69,6091.12
CLM008462,0,0,1,1,0,0,0,medium,2,2.745,42226.62,27616.56
CLM008463,0,0,1,1,0,1,0,low,3,2.161,14723.31,10673.98
CLM008464,0,1,1,0,0,0,0,medium,2,2.796,38957.33,31568.97
CLM008465,0,1,1,0,1,0,0,medium,3,4.111,44296.83,39554.2
CLM008466,0,1,1,0,1,1,0,high,4,14.339,200816.9,131419.05
CLM008467,1,0,1,0,1,0,0,high,3,6.762,66684.38,30999.43
CLM008468,0,0,1,1,0,1,0,high,3,9.29,99502.34,55581.26
CLM008469,0,1,1,0,1,1,0,medium,4,6.566,44177.71,27991.73
CLM008470,0,1,1,0,1,0,0,medium,3,4.793,53554.52,31889.85
CLM008471,0,0,1,1,0,0,0,medium,2,3.576,57697.68,38675.51
CLM008472,0,0,1,0,0,1,0,low,2,2.222,26949.56,20219.63
CLM008473,1,0,0,0,1,0,0,low,2,1.954,18461.21,11448.8
CLM008474,1,1,0,1,1,0,0,medium,4,6.529,77269.78,55590.55
CLM008475,1,0,0,0,1,0,0,high,2,5.164,59325.42,28793.05
CLM008476,0,0,1,1,0,1,0,medium,3,3.591,44712.54,33834.57
CLM008477,1,1,1,0,1,0,0,low,4,3.422,46388.0,31648.6
CLM008478,1,1,1,0,1,0,0,low,4,4.02,47248.0,36869.0
CLM008479,1,0,0,0,1,1,0,medium,3,4.788,64070.73,43283.79
CLM008480,0,0,1,0,1,0,0,low,2,1.489,19981.58,11347.24
CLM008481,1,0,0,0,0,0,0,medium,1,1.808,20292.34,16018.44
CLM008482,0,1,1,1,1,1,0,high,5,10.991,197917.41,145669.44
CLM008483,0,1,1,0,1,1,0,medium,4,7.074,90376.16,60674.19
CLM008484,0,1,1,0,1,0,0,high,3,8.83,113508.49,75784.13
CLM008485,1,0,0,0,1,0,0,low,2,1.975,34473.02,27098.55
CLM008486,1,0,0,0,0,1,0,medium,2,3.352,38889.48,17946.72
CLM008487,1,1,0,0,0,1,0,medium,3,5.016,108120.29,73553.16
CLM008488,0,1,1,1,0,1,0,medium,4,7.009,99306.88,76966.81
CLM008489,0,0,1,0,0,0,0,low,1,0.907,13925.53,9198.72
CLM008490,0,0,1,1,0,1,1,medium,4,8.359,121051.14,95617.24
CLM008491,0,1,1,0,0,0,0,high,2,5.835,80494.16,63101.02
CLM008492,1,1,1,0,0,0,0,low,3,3.037,32770.84,25348.93
CLM008493,1,0,0,0,1,0,0,medium,2,2.807,31109.2,25619.2
CLM008494,0,0,1,1,0,1,0,medium,3,4.28,49368.11,40693.63
CLM008495,0,1,1,0,1,0,0,high,3,7.13,89583.98,74313.59
CLM008496,0,0,1,0,1,0,0,low,2,1.74,30140.31,17843.01
CLM008497,0,0,0,0,1,0,0,low,1,0.839,9258.53,0.0
CLM008498,0,0,0,0,1,1,0,medium,2,2.311,27657.81,18394.23
CLM008499,0,0,1,0,0,0,0,low,1,0.8,13812.4,8199.49
CLM008500,1,0,0,0,1,0,0,low,2,1.523,18850.97,13579.79
CLM008501,1,0,1,1,0,0,0,high,3,5.926,61753.12,41247.76
CLM008502,0,1,1,0,1,1,1,high,5,13.575,234138.56,157097.56
CLM008503,0,0,1,1,0,1,0,high,3,9.554,69114.6,39192.19
CLM008504,0,0,1,1,0,1,0,medium,3,3.851,35734.52,21086.81
CLM008505,0,1,0,0,0,1,1,medium,3,5.151,87098.97,60684.39
CLM008506,1,0,0,0,0,0,0,low,1,0.832,11222.03,6197.15
CLM008507,1,0,1,0,0,0,0,low,2,1.489,13233.32,0.0
CLM008508,0,0,1,0,1,0,0,low,2,2.021,27163.24,19427.49
CLM008509,1,0,0,0,1,0,0,low,2,1.649,24996.13,17927.08
CLM008510,1,1,1,0,1,0,0,high,4,12.29,157857.62,98463.82
CLM008511,0,0,1,0,0,0,0,low,1,0.722,7795.58,5160.32
CLM008512,1,0,0,0,1,0,1,high,3,8.114,145060.93,104393.35
CLM008513,0,0,1,0,0,1,0,low,2,1.993,22524.22,12341.42
CLM008514,0,0,1,1,0,1,0,low,3,2.938,44862.4,36330.45
CLM008515,0,0,1,0,0,0,0,low,1,0.822,10654.29,4470.53
CLM008516,0,1,1,0,0,1,0,medium,3,5.587,94933.7,62348.24
CLM008517,1,1,0,0,1,1,0,high,4,10.092,164130.16,136680.48
CLM008518,0,0,1,0,0,1,0,medium,2,2.688,45026.75,34426.04
CLM008519,0,0,1,1,0,0,0,medium,2,3.083,55961.84,34507.36
CLM008520,0,1,1,1,1,0,0,high,4,11.079,118151.24,85200.73
CLM008521,1,0,0,0,1,0,0,medium,2,2.704,42595.8,30257.21
CLM008522,0,1,1,0,1,1,0,high,4,10.065,139393.94,83881.76
CLM008523,0,0,1,1,0,0,0,medium,2,3.1,45688.69,20209.9
CLM008524,0,1,1,0,1,1,0,high,4,10.279,119405.69,104507.55
CLM008525,0,0,1,0,0,0,0,low,1,0.739,11999.28,7081.23
CLM008526,1,0,1,0,0,0,0,low,2,2.201,19966.26,13863.53
CLM008527,0,0,1,1,0,0,0,low,2,1.778,23589.62,3840.44
CLM008528,1,0,1,1,1,0,1,high,5,10.657,223360.23,148773.21
CLM008529,0,0,1,1,0,1,0,medium,3,5.215,38622.67,29489.66
CLM008530,0,0,1,0,0,0,0,low,1,0.683,9207.55,0.0
CLM008531,0,0,1,1,0,0,0,low,2,1.618,12726.04,277.13
CLM008532,0,0,1,1,0,1,0,low,3,3.734,29497.88,22823.15
CLM008533,0,0,0,0,1,1,0,low,2,1.438,16359.93,10853.32
CLM008534,0,0,1,1,1,1,0,high,4,8.269,99499.84,72800.35
CLM008535,0,1,1,0,0,0,1,medium,3,7.103,123204.75,97817.4
CLM008536,0,0,1,1,0,1,0,medium,3,4.572,65557.54,54965.34
CLM008537,0,0,1,0,0,0,0,low,1,0.693,9163.85,638.78
CLM008538,0,1,1,0,0,1,0,high,3,8.598,127299.05,93945.63
CLM008539,0,0,1,1,1,0,0,high,3,7.066,74602.09,67569.33
CLM008540,0,0,1,1,0,0,0,high,2,5.701,63936.64,17219.93
CLM008541,0,0,1,0,0,0,1,low,2,1.915,23394.37,18452.22
CLM008542,0,1,1,1,1,0,0,high,4,9.791,160088.43,116604.33
CLM008543,1,0,0,0,1,1,0,medium,3,5.353,77345.58,58094.65
CLM008544,0,0,1,1,0,1,0,medium,3,4.811,55478.44,39580.9
CLM008545,1,1,1,0,0,1,0,high,4,13.129,142918.45,101667.21
CLM008546,1,0,1,0,1,0,0,high,3,6.491,82047.06,65051.18
CLM008547,0,0,1,0,1,1,0,low,3,3.354,39249.69,32030.74
CLM008548,0,0,1,1,1,1,0,medium,4,5.907,68053.09,46964.57
CLM008549,1,0,1,0,1,0,0,medium,3,4.209,65057.48,43186.42
CLM008550,0,1,1,0,0,1,1,medium,4,5.344,89557.35,63289.75
CLM008551,0,1,1,0,1,1,0,medium,4,5.322,79649.17,64665.11
CLM008552,0,0,1,1,0,1,0,medium,3,4.059,33332.75,18527.27
CLM008553,1,1,1,1,0,1,1,high,6,25.428,403554.87,284213.06
CLM008554,0,1,1,0,0,1,0,medium,3,5.591,101197.7,78568.81
CLM008555,0,0,1,1,0,0,0,low,2,1.87,22885.9,8043.21
CLM008556,0,1,1,0,1,0,0,high,3,6.901,68246.02,52998.18
CLM008557,0,1,1,1,0,1,0,high,4,13.163,163221.31,144305.24
CLM008558,1,1,1,1,0,1,0,high,5,10.74,161931.36,141454.76
CLM008559,0,0,1,1,0,0,0,low,2,2.828,39558.0,33564.82
CLM008560,0,0,1,0,1,1,0,low,3,2.351,22551.59,13690.87
CLM008561,0,1,1,0,1,1,0,high,4,7.528,65000.89,36885.75
CLM008562,0,0,1,0,0,1,1,medium,3,6.259,100003.82,76451.69
CLM008563,0,0,1,1,1,0,0,low,3,2.111,29012.97,17716.4
CLM008564,0,0,1,0,0,0,0,low,1,0.892,9932.15,0.0
CLM008565,1,1,1,1,0,1,0,medium,5,9.538,188928.35,147723.9
CLM008566,0,1,0,0,0,1,0,low,2,1.511,22477.82,14330.77
CLM008567,0,1,1,0,1,1,0,high,4,10.499,168618.14,134241.97
CLM008568,0,0,1,1,0,0,0,low,2,1.978,15122.71,0.0
CLM008569,0,0,1,1,0,1,0,medium,3,3.942,33872.26,23135.21
CLM008570,1,0,0,0,1,1,0,medium,3,4.692,40296.89,21801.53
CLM008571,0,1,1,0,1,0,0,high,3,8.706,158121.24,111556.59
CLM008572,0,1,1,0,0,0,0,medium,2,3.427,37204.53,26985.5
CLM008573,1,0,1,0,1,1,0,high,4,10.157,90872.19,66159.9
CLM008574,0,0,1,1,0,0,0,low,2,1.992,37076.73,18303.24
CLM008575,0,1,0,1,0,1,1,medium,4,8.676,181378.99,139695.6
CLM008576,0,1,1,0,1,1,0,high,4,13.181,213274.93,174374.39
CLM008577,0,0,1,1,0,0,0,low,2,2.076,29245.44,19559.35
CLM008578,1,0,0,0,1,1,0,medium,3,4.488,44927.17,30621.09
CLM008579,0,0,1,0,0,0,0,low,1,0.735,12041.09,0.0
CLM008580,0,1,1,0,0,1,0,low,3,2.682,39813.32,31485.72
CLM008581,0,0,1,0,0,0,0,low,1,1.158,14452.52,7380.13
CLM008582,0,1,1,0,1,1,0,medium,4,4.918,67604.49,53285.73
CLM008583,0,1,0,0,0,1,0,low,2,2.487,41458.9,32562.64
CLM008584,0,0,1,1,0,1,0,medium,3,4.073,57670.06,50733.06
CLM008585,0,0,1,0,0,0,0,low,1,1.092,19499.78,8047.94
CLM008586,1,1,1,1,0,1,0,medium,5,8.769,111155.48,75191.15
CLM008587,1,0,0,0,1,1,0,high,3,8.565,94873.2,60421.22
CLM008588,1,0,0,0,0,0,0,low,1,0.871,11526.6,1776.11
CLM008589,0,0,1,0,0,1,0,medium,2,2.603,28271.48,23703.58
CLM008590,1,0,0,0,1,0,0,medium,2,3.517,28975.48,24338.3
CLM008591,0,0,1,0,0,0,0,low,1,1.027,9410.54,0.0
CLM008592,0,0,1,0,1,0,0,medium,2,2.222,28438.01,22273.62
CLM008593,0,0,1,0,0,0,0,medium,1,1.259,13756.02,7650.49
CLM008594,1,0,1,0,1,1,0,high,4,8.348,88220.85,70923.9
CLM008595,0,0,1,1,0,1,0,medium,3,4.327,40636.33,32950.73
CLM008596,0,1,1,0,0,0,0,medium,2,3.098,38017.89,33237.43
CLM008597,1,0,0,0,1,1,0,medium,3,4.486,65615.79,58474.17
CLM008598,0,1,1,0,0,0,0,low,2,2.601,17342.68,9299.71
CLM008599,1,0,0,0,1,1,0,high,3,7.525,97403.57,45407.34
CLM008600,1,0,0,0,1,1,0,high,3,7.868,54296.64,41285.26
CLM008601,1,0,0,0,1,1,0,medium,3,4.445,40595.25,32244.39
CLM008602,0,0,1,1,0,1,0,medium,3,5.45,74872.41,42888.0
CLM008603,0,1,1,1,0,1,0,low,4,3.396,59161.86,47269.68
CLM008604,1,1,1,0,1,0,1,high,5,14.402,222860.5,194126.92
CLM008605,0,0,1,0,1,1,0,high,3,5.359,45730.46,32705.58
CLM008606,0,0,0,1,0,0,0,low,1,0.981,21192.92,14662.97
CLM008607,1,0,0,0,1,1,0,medium,3,4.38,45852.79,23581.57
CLM008608,0,0,0,0,1,0,0,low,1,0.58,7251.28,3381.45
CLM008609,1,0,0,0,0,0,0,low,1,0.926,15771.08,11354.07
CLM008610,1,1,1,0,0,0,0,low,3,2.867,39259.96,22548.74
CLM008611,0,0,0,1,0,0,0,low,1,1.171,11640.29,1939.63
CLM008612,1,0,0,0,1,0,0,low,2,1.894,24032.41,7415.82
CLM008613,1,0,0,0,1,0,0,low,2,1.95,28370.3,20732.93
CLM008614,0,0,1,0,1,1,1,low,4,3.151,48558.71,42523.24
CLM008615,0,1,1,0,1,1,0,high,4,11.043,128709.65,118765.05
CLM008616,0,0,1,0,0,0,0,low,1,0.742,9469.06,5790.42
CLM008617,0,0,0,0,0,1,0,low,1,1.018,12792.82,0.0
CLM008618,0,1,1,1,0,1,0,medium,4,6.85,106287.51,77283.46
CLM008619,0,0,1,0,1,0,0,low,2,1.483,20748.88,9385.52
CLM008620,0,1,1,0,0,0,0,medium,2,2.901,32937.9,19845.35
CLM008621,0,0,0,0,1,0,0,low,1,0.958,11312.32,2957.52
CLM008622,1,0,0,0,1,0,0,medium,2,2.478,38852.03,27728.15
CLM008623,1,0,0,0,0,1,0,low,2,1.801,27047.28,15921.89
CLM008624,1,0,0,0,1,0,0,low,2,1.778,19450.4,3234.51
CLM008625,0,0,1,0,1,0,0,low,2,1.661,19261.83,3566.48
CLM008626,0,0,1,0,0,0,1,low,2,2.441,37205.33,27770.82
CLM008627,0,0,1,0,0,0,0,low,1,1.099,9014.33,4548.34
CLM008628,1,0,0,0,0,1,0,low,2,1.86,18722.8,10257.99
CLM008629,1,0,1,0,0,0,0,low,2,2.051,30574.1,20259.22
CLM008630,0,1,1,0,1,1,0,high,4,7.628,109548.53,67701.23
CLM008631,1,0,1,0,1,0,0,medium,3,2.663,38316.26,27058.57
CLM008632,0,1,1,0,1,0,1,high,4,11.264,282280.36,233802.71
CLM008633,1,0,0,0,1,1,0,medium,3,5.158,81020.37,67301.47
CLM008634,1,0,1,0,1,0,0,low,3,2.628,23194.37,19347.55
CLM008635,0,0,1,0,0,0,0,medium,1,1.104,14344.05,6526.14
CLM008636,0,0,1,1,0,0,0,low,2,1.827,18189.96,8920.63
CLM008637,0,0,0,0,1,1,0,medium,2,2.803,41430.05,34975.54
CLM008638,0,0,1,0,1,0,0,low,2,1.609,23423.2,15124.9
CLM008639,1,0,1,0,1,1,0,medium,4,6.027,57734.91,31619.25
CLM008640,1,0,0,0,0,0,0,low,1,1.216,11835.28,0.94
CLM008641,0,0,1,0,1,0,0,medium,2,2.672,30955.03,18306.5
CLM008642,0,1,1,0,1,1,0,high,4,10.431,111096.95,90292.66
CLM008643,1,0,0,0,1,0,0,high,2,6.219,70134.36,44178.26
CLM008644,0,1,1,0,1,1,0,medium,4,7.609,157127.23,129219.9
CLM008645,0,0,1,0,1,1,0,high,3,6.548,90176.82,67129.51
CLM008646,1,0,0,0,1,1,0,high,3,9.68,109991.83,79278.47
CLM008647,0,0,1,0,0,0,0,low,1,0.704,7779.78,5225.83
CLM008648,0,1,1,0,1,1,0,high,4,8.296,86101.19,63204.61
CLM008649,0,0,1,1,0,0,0,low,2,2.429,24518.26,20664.1
CLM008650,1,0,1,0,1,0,0,medium,3,4.38,43915.26,36139.2
CLM008651,1,0,0,1,1,1,0,high,4,12.768,225379.8,155301.43
CLM008652,0,0,0,0,1,0,0,low,1,0.9,10829.96,0.0
CLM008653,0,1,0,0,0,1,1,high,3,9.643,149103.14,104992.19
CLM008654,0,1,1,0,1,0,0,medium,3,5.611,86022.01,70342.24
CLM008655,0,0,1,1,0,1,0,medium,3,5.134,52371.34,44417.33
CLM008656,0,0,1,1,0,1,0,medium,3,4.423,95416.15,80576.24
CLM008657,0,1,1,1,1,1,0,high,5,13.193,162686.75,141190.36
CLM008658,0,1,1,0,0,0,0,medium,2,3.369,75194.68,65154.87
CLM008659,1,0,1,0,1,0,0,low,3,2.589,38280.62,25241.89
CLM008660,1,0,0,0,1,1,1,high,4,11.487,197848.79,140532.15
CLM008661,1,0,1,0,1,0,0,medium,3,3.703,64579.08,55559.24
CLM008662,0,1,1,0,0,0,0,low,2,1.785,30122.85,25010.4
CLM008663,0,1,1,0,0,1,0,high,3,6.619,127922.53,91230.41
CLM008664,1,0,0,0,1,1,0,medium,3,3.904,50133.19,40928.45
CLM008665,1,0,0,0,1,1,0,low,3,3.204,21448.47,9977.81
CLM008666,1,0,0,0,0,0,0,low,1,1.225,20213.72,16390.94
CLM008667,0,1,1,0,1,1,0,high,4,9.312,85549.78,73508.44
CLM008668,1,1,0,0,1,0,0,low,3,2.741,31862.1,20497.79
CLM008669,1,0,0,0,0,0,0,medium,1,1.683,22460.45,12847.9
CLM008670,0,0,1,0,0,0,0,low,1,0.937,6317.8,1914.45
CLM008671,0,0,0,0,1,0,0,low,1,0.712,10630.09,1138.73
CLM008672,1,0,0,0,1,1,0,high,3,5.884,60889.68,43741.32
CLM008673,0,0,0,1,0,1,0,low,2,2.429,19502.46,12602.72
CLM008674,0,1,1,1,0,0,0,high,3,9.756,123857.94,111261.35
CLM008675,1,0,0,0,1,0,0,low,2,2.145,18634.46,0.0
CLM008676,0,0,1,0,1,1,0,medium,3,4.168,46182.85,30707.79
CLM008677,1,0,1,1,1,0,1,high,5,11.197,190119.02,158401.19
CLM008678,0,0,1,1,1,0,0,low,3,2.573,37614.41,23765.11
CLM008679,0,0,1,0,0,0,0,low,1,0.774,10122.85,2348.53
CLM008680,1,0,0,0,0,0,0,low,1,0.814,12627.81,0.0
CLM008681,1,0,0,0,0,0,0,low,1,1.201,17590.25,13603.93
CLM008682,1,0,0,0,0,1,0,low,2,1.538,14775.99,7732.94
CLM008683,0,0,1,0,0,1,0,low,2,1.694,26174.35,21653.33
CLM008684,0,1,1,0,1,1,0,low,4,3.477,57240.66,25982.7
CLM008685,0,1,1,0,1,1,0,high,4,13.042,203568.41,135173.59
CLM008686,1,0,0,0,1,0,0,low,2,2.039,26916.75,17009.6
CLM008687,1,0,0,0,0,0,0,low,1,1.211,11477.29,6644.24
CLM008688,1,0,1,1,0,0,0,high,3,5.415,73620.81,46660.98
CLM008689,0,1,1,0,0,1,0,high,3,8.831,108516.27,76704.09
CLM008690,0,1,1,0,0,1,1,high,4,10.236,141607.67,114417.12
CLM008691,0,0,1,0,0,0,0,low,1,0.678,6671.41,3332.23
CLM008692,0,0,1,1,0,1,0,medium,3,4.553,50471.93,37254.36
CLM008693,1,0,0,0,1,0,0,medium,2,2.461,26748.81,4819.6
CLM008694,0,1,1,0,1,1,0,medium,4,5.684,72554.95,59590.62
CLM008695,0,0,1,0,0,0,0,low,1,0.822,13102.51,0.0
CLM008696,1,0,0,0,0,0,0,low,1,1.052,13504.71,6991.22
CLM008697,1,0,1,0,1,0,0,medium,3,3.401,43289.64,36671.17
CLM008698,1,1,0,0,0,0,0,medium,2,4.363,46653.25,19864.82
CLM008699,0,1,1,1,0,0,0,high,3,7.522,118483.99,87086.05
CLM008700,1,0,1,0,1,1,0,medium,4,5.075,87118.01,62296.18
CLM008701,1,0,1,0,0,1,1,high,4,13.741,279379.68,203125.68
CLM008702,0,1,1,0,1,0,0,high,3,7.95,134541.66,72598.7
CLM008703,0,0,1,0,0,0,0,low,1,0.838,10696.6,0.0
CLM008704,0,0,1,0,1,1,0,low,3,2.19,29107.06,11183.59
CLM008705,1,0,1,1,0,1,0,medium,4,5.815,91499.11,60210.12
CLM008706,1,0,0,1,0,0,0,low,2,2.119,17611.95,5848.97
CLM008707,1,0,0,0,1,0,0,low,2,2.007,21728.2,16959.8
CLM008708,1,0,0,0,1,1,0,low,3,3.157,54481.81,42578.98
CLM008709,0,1,1,0,1,0,0,medium,3,4.539,39616.96,23549.08
CLM008710,1,0,0,0,0,0,0,low,1,0.907,14994.8,3865.13
CLM008711,0,1,1,0,0,0,0,high,2,4.95,75007.76,51654.64
CLM008712,0,0,1,1,0,0,0,medium,2,3.331,58267.69,31041.79
CLM008713,0,0,0,0,0,0,1,low,1,1.277,12259.49,7217.16
CLM008714,0,1,1,0,0,0,1,medium,3,6.303,76788.54,40109.3
CLM008715,1,0,1,0,1,1,0,high,4,11.589,156191.44,112507.28
CLM008716,0,1,1,0,0,0,1,low,3,3.417,47212.45,34426.54
CLM008717,0,0,1,1,0,0,0,low,2,2.098,26555.56,13319.09
CLM008718,0,1,1,0,1,1,0,high,4,7.548,102305.17,70598.22
CLM008719,0,0,1,1,0,1,0,medium,3,4.043,68480.46,58232.98
CLM008720,1,1,0,0,1,0,0,high,3,6.884,79770.45,54952.22
CLM008721,1,1,0,0,1,1,0,high,4,7.53,105112.92,58490.65
CLM008722,1,0,0,0,1,1,0,medium,3,3.884,45730.0,36087.09
CLM008723,0,0,1,0,0,1,0,medium,2,3.361,49627.89,36091.96
CLM008724,0,1,1,0,1,1,0,medium,4,4.599,85193.83,67020.69
CLM008725,0,0,1,1,0,1,0,medium,3,5.888,78401.22,71265.51
CLM008726,1,0,0,0,0,0,0,low,1,1.327,21858.18,9886.83
CLM008727,1,0,0,1,1,0,0,high,3,7.655,104798.61,74644.22
CLM008728,1,1,0,0,1,1,0,high,4,10.713,210861.44,181598.9
CLM008729,1,0,0,0,1,1,0,high,3,5.684,85135.53,71669.5
CLM008730,0,0,1,0,0,0,1,high,2,4.247,41837.8,35585.55
CLM008731,0,0,1,1,0,1,0,medium,3,4.409,44093.45,33248.2
CLM008732,0,0,1,0,0,1,1,medium,3,5.041,48934.62,32567.28
CLM008733,0,0,1,1,0,0,0,medium,2,3.753,49459.2,32788.97
CLM008734,0,0,1,0,0,1,1,medium,3,4.639,52248.02,39690.29
CLM008735,0,0,1,0,0,1,0,low,2,1.741,14802.95,7587.75
CLM008736,1,0,1,0,0,1,0,medium,3,4.302,53875.46,36837.02
CLM008737,1,1,1,0,0,0,0,medium,3,5.378,59606.18,46568.41
CLM008738,0,0,0,0,1,0,0,low,1,0.602,10726.74,34.78
CLM008739,0,0,1,0,0,0,1,low,2,2.157,36201.32,20955.24
CLM008740,1,0,1,0,0,1,0,medium,3,4.275,36758.0,19266.55
CLM008741,0,1,1,0,0,0,0,medium,2,3.751,58329.11,35337.84
CLM008742,0,0,0,0,1,0,0,low,1,0.604,9392.22,0.0
CLM008743,0,0,1,0,0,1,1,high,3,10.792,116314.93,82871.07
CLM008744,0,1,0,0,1,1,0,high,3,9.253,176979.29,164339.75
CLM008745,0,1,1,0,1,0,0,low,3,2.651,37905.69,27178.75
CLM008746,1,0,1,1,1,1,0,medium,5,5.211,96912.75,81344.39
CLM008747,0,0,1,1,0,1,0,medium,3,4.837,45331.01,28819.51
CLM008748,1,1,1,0,1,1,0,high,5,16.337,100052.7,89653.99
CLM008749,1,0,1,0,0,0,0,low,2,2.274,40073.29,32086.12
CLM008750,0,1,1,0,0,1,0,medium,3,5.174,87396.51,72391.84
CLM008751,1,0,1,0,1,0,0,medium,3,2.811,35496.98,18417.25
CLM008752,0,0,1,0,0,0,0,low,1,1.001,20561.67,13811.13
CLM008753,0,0,1,1,0,0,0,low,2,2.243,17664.03,7877.6
CLM008754,0,1,1,0,1,1,0,high,4,6.629,82713.35,54529.01
CLM008755,0,0,1,0,1,0,0,low,2,1.837,22660.31,2033.49
CLM008756,1,1,1,0,1,0,1,high,5,11.456,240139.7,176590.27
CLM008757,0,0,1,1,0,0,0,low,2,1.72,28346.9,20798.13
CLM008758,0,1,1,0,0,1,0,medium,3,4.612,65274.08,54164.07
CLM008759,1,0,1,0,0,1,1,medium,4,7.755,135291.07,114752.5
CLM008760,0,1,1,0,0,0,1,medium,3,4.151,57374.86,49290.34
CLM008761,0,1,1,0,1,1,0,low,4,3.249,31605.59,20597.27
CLM008762,0,0,1,1,1,0,0,low,3,3.279,54014.48,36806.15
CLM008763,0,0,1,0,0,0,0,medium,1,1.88,26523.74,15571.21
CLM008764,1,0,1,0,0,0,0,low,2,2.016,27848.89,14412.3
CLM008765,1,0,0,0,1,0,0,medium,2,2.856,43078.72,28810.85
CLM008766,0,0,1,1,0,1,0,medium,3,4.906,82928.08,65061.0
CLM008767,1,0,0,0,0,0,0,low,1,0.976,11709.88,0.0
CLM008768,1,0,0,0,1,1,0,medium,3,5.049,83773.88,51994.64
CLM008769,0,0,1,1,0,0,0,medium,2,2.59,19866.53,13039.27
CLM008770,0,1,1,0,1,0,0,medium,3,3.853,58611.56,49365.84
CLM008771,1,0,0,1,1,1,0,medium,4,6.755,73435.11,54405.7
CLM008772,1,0,0,0,0,0,0,medium,1,1.614,25642.96,15591.25
CLM008773,1,0,0,0,1,1,0,medium,3,4.372,47645.45,35639.75
CLM008774,0,0,1,0,1,0,1,medium,3,4.94,99994.71,85896.83
CLM008775,0,1,1,1,0,1,0,medium,4,6.55,81434.32,57798.01
CLM008776,0,0,1,0,1,1,0,low,3,2.313,20846.65,2958.01
CLM008777,1,0,1,0,1,0,0,low,3,2.736,46317.88,34842.83
CLM008778,0,0,1,1,0,0,0,low,2,2.367,34422.34,18287.46
CLM008779,0,1,1,0,1,1,0,high,4,10.446,153082.22,106252.61
CLM008780,0,1,1,0,1,1,0,medium,4,4.466,55017.5,40070.2
CLM008781,0,1,1,1,1,1,1,high,6,19.458,300388.47,231011.17
CLM008782,0,1,1,0,1,1,0,high,4,9.712,133849.08,99977.77
CLM008783,1,0,0,0,1,0,0,low,2,1.3,13263.75,7546.61
CLM008784,0,0,1,0,1,0,0,low,2,1.377,20122.86,15462.72
CLM008785,1,0,0,0,1,0,0,medium,2,3.109,43534.3,29094.54
CLM008786,0,0,1,1,0,1,0,high,3,8.523,129558.1,83602.5
CLM008787,1,0,0,0,0,0,0,low,1,0.946,16674.54,8779.54
CLM008788,0,0,1,1,0,0,0,medium,2,3.36,59279.71,37799.5
CLM008789,1,0,1,0,1,0,0,medium,3,3.989,34941.22,26031.88
CLM008790,0,0,1,0,0,1,0,high,2,4.591,67978.42,46357.19
CLM008791,1,0,0,0,1,0,0,medium,2,2.707,22911.3,13874.36
CLM008792,1,0,0,1,1,1,0,high,4,12.1,134152.35,100560.74
CLM008793,1,1,1,0,0,0,0,high,3,9.186,139049.27,119896.01
CLM008794,0,1,1,1,0,0,0,low,3,3.276,62752.45,43896.09
CLM008795,1,0,0,0,0,0,0,medium,1,1.788,36488.47,27774.0
CLM008796,0,0,1,1,1,1,0,high,4,9.39,123268.64,113930.46
CLM008797,1,0,1,0,1,0,0,low,3,2.986,33386.26,26265.39
CLM008798,1,0,0,0,0,0,0,low,1,1.158,12652.08,8171.12
CLM008799,0,0,1,1,0,0,0,low,2,1.807,17218.57,10470.4
CLM008800,1,1,1,0,1,1,0,high,5,12.912,151074.66,135785.65
CLM008801,1,0,0,1,0,0,0,low,2,1.76,29998.51,16282.89
CLM008802,0,0,0,0,0,0,1,medium,1,1.772,33003.06,20273.7
CLM008803,0,0,1,1,1,0,1,medium,4,7.252,101828.36,65766.01
CLM008804,1,0,0,0,0,0,0,medium,1,2.126,29993.1,7437.94
CLM008805,1,0,0,0,1,0,0,low,2,2.15,25256.39,9650.98
CLM008806,1,1,1,0,1,0,0,high,4,8.274,102607.53,69290.03
CLM008807,0,0,1,1,0,1,0,high,3,8.396,112642.9,79767.93
CLM008808,0,0,1,1,0,0,0,medium,2,2.342,16191.45,4964.9
CLM008809,1,0,0,1,1,1,0,high,4,8.299,67988.89,42907.42
CLM008810,0,0,1,0,0,0,0,low,1,0.688,6661.97,3592.01
CLM008811,0,1,1,0,1,1,0,high,4,7.632,131380.66,70329.03
CLM008812,0,1,1,0,0,1,0,low,3,2.616,55150.91,36325.19
CLM008813,0,1,0,0,0,1,0,low,2,1.795,21689.75,14746.81
CLM008814,0,1,1,0,1,0,0,high,3,8.168,106040.58,96785.73
CLM008815,0,0,1,0,0,0,0,low,1,0.937,8739.44,4778.91
CLM008816,0,0,1,0,1,0,0,low,2,1.417,14929.18,2227.38
CLM008817,1,0,0,0,1,0,0,medium,2,2.525,23201.09,5759.82
CLM008818,1,0,0,0,0,0,0,low,1,1.231,13031.4,6855.38
CLM008819,1,1,0,0,1,0,0,medium,3,4.086,47500.55,39454.56
CLM008820,1,0,0,0,1,0,0,medium,2,2.93,34921.52,15076.67
CLM008821,1,0,1,0,1,1,0,medium,4,4.824,45154.03,34888.62
CLM008822,0,1,1,0,0,1,0,high,3,6.504,69157.9,55996.16
CLM008823,0,1,1,0,1,1,0,high,4,10.836,111154.27,49433.49
CLM008824,0,1,1,0,1,0,0,medium,3,3.558,57765.17,40692.72
CLM008825,0,1,0,0,1,1,1,medium,4,9.525,179450.32,162494.96
CLM008826,0,0,1,0,1,1,0,medium,3,3.958,49785.02,38673.6
CLM008827,0,1,1,0,1,0,0,medium,3,4.058,72190.82,50685.62
CLM008828,1,0,0,0,1,0,0,high,2,4.697,53071.28,23066.66
CLM008829,1,0,1,0,0,0,0,low,2,1.831,29166.63,19719.88
CLM008830,1,1,1,1,0,1,1,high,6,19.777,359028.08,250366.22
CLM008831,0,1,1,1,0,1,0,high,4,9.542,141536.79,97158.89
CLM008832,0,1,1,0,1,1,0,medium,4,7.29,55651.74,31584.77
CLM008833,0,1,0,1,0,1,0,low,3,4.077,58479.51,44638.38
CLM008834,1,0,1,1,1,0,0,medium,4,5.382,112551.85,79528.78
CLM008835,1,0,1,1,1,0,0,medium,4,7.759,105538.4,80782.66
CLM008836,0,1,1,1,1,1,0,high,5,9.291,167784.47,111909.11
CLM008837,0,1,1,0,0,1,1,high,4,12.923,196681.73,175044.03
CLM008838,1,0,0,0,1,1,0,high,3,8.797,116500.18,99842.11
CLM008839,0,0,1,0,0,0,0,low,1,0.709,9100.31,4189.43
CLM008840,1,0,0,0,1,1,0,medium,3,3.779,42430.85,32302.28
CLM008841,0,1,1,1,0,0,0,medium,3,6.284,86566.52,61599.55
CLM008842,0,0,1,0,0,0,0,low,1,0.755,11260.87,0.0
CLM008843,0,0,1,0,0,0,0,medium,1,1.397,18055.89,7744.55
CLM008844,1,1,0,0,1,0,0,medium,3,4.819,64689.13,43901.18
CLM008845,1,0,0,1,1,1,0,medium,4,5.224,84125.4,71581.43
CLM008846,0,1,1,1,0,0,1,medium,4,7.539,123012.59,97563.3
CLM008847,1,0,0,0,1,1,0,high,3,11.161,132712.88,96773.71
CLM008848,0,1,1,0,1,0,0,high,3,7.786,76657.21,57038.96
CLM008849,0,0,1,0,1,1,0,medium,3,3.813,67964.99,59486.41
CLM008850,1,0,0,0,1,0,0,low,2,1.885,17130.68,3802.01
CLM008851,0,1,1,0,1,1,0,high,4,13.126,176538.13,145264.57
CLM008852,1,0,1,0,1,0,0,low,3,3.013,37477.02,31976.35
CLM008853,0,0,1,1,0,0,0,medium,2,3.774,44465.86,21608.58
CLM008854,0,1,1,0,1,0,0,medium,3,5.136,57897.78,47539.64
CLM008855,0,1,1,0,0,1,0,high,3,9.332,137089.31,98732.67
CLM008856,0,0,1,0,1,0,0,medium,2,2.489,30873.69,8622.33
CLM008857,0,1,1,0,1,1,0,high,4,10.908,187756.64,156460.05
CLM008858,1,1,1,0,1,1,0,medium,5,5.623,50263.28,44584.13
CLM008859,0,0,1,1,0,1,1,medium,4,5.847,52841.79,46400.86
CLM008860,0,1,1,0,1,1,0,medium,4,5.702,96767.54,79266.6
CLM008861,1,0,1,0,0,0,0,medium,2,2.398,22486.22,13122.51
CLM008862,1,1,1,1,1,1,0,high,6,13.467,144395.09,84331.21
CLM008863,0,0,1,0,0,0,0,medium,1,1.773,12861.14,7700.41
CLM008864,0,0,1,0,0,0,0,low,1,0.731,11988.31,0.0
CLM008865,0,1,1,0,0,1,0,high,3,6.69,67757.78,52807.76
CLM008866,0,0,1,1,0,1,0,medium,3,4.346,65662.05,52941.68
CLM008867,0,1,1,0,1,0,0,high,3,6.048,72280.73,56293.52
CLM008868,1,0,1,1,1,0,0,high,4,9.955,130314.15,89948.07
CLM008869,1,0,0,0,1,0,0,low,2,1.975,28451.26,18419.81
CLM008870,0,1,1,0,1,1,0,medium,4,7.071,69927.82,53302.65
CLM008871,0,1,1,0,1,0,0,medium,3,4.945,56979.98,40522.95
CLM008872,0,0,1,0,0,0,0,low,1,0.878,15525.08,11128.59
CLM008873,0,0,1,1,0,1,0,medium,3,3.31,30895.95,21072.46
CLM008874,0,1,1,0,0,1,1,high,4,14.136,187767.9,138130.32
CLM008875,1,0,0,0,1,1,0,medium,3,3.929,62602.62,39312.81
CLM008876,0,0,1,0,0,0,0,low,1,0.668,8516.7,4113.55
CLM008877,0,1,1,0,1,1,0,high,4,9.276,89355.45,59063.78
CLM008878,1,0,1,0,1,1,0,medium,4,6.918,55450.11,43724.29
CLM008879,0,1,0,0,0,0,1,low,2,2.734,33658.92,27541.54
CLM008880,0,0,1,1,0,0,0,medium,2,3.66,29721.7,21527.67
CLM008881,1,0,0,0,1,0,0,medium,2,2.327,33643.22,25476.93
CLM008882,1,1,0,0,1,0,0,medium,3,5.191,68262.27,52664.86
CLM008883,0,1,1,0,0,0,0,low,2,2.516,24538.75,15881.41
CLM008884,0,0,1,1,0,1,0,medium,3,5.433,74720.53,49271.92
CLM008885,0,1,1,0,0,0,1,high,3,9.59,114030.22,81311.49
CLM008886,0,1,1,0,0,1,1,high,4,8.501,155962.33,101367.68
CLM008887,1,0,0,0,1,0,0,low,2,1.39,16054.46,9077.25
CLM008888,0,0,1,1,0,1,0,low,3,2.229,18149.33,2918.05
CLM008889,1,0,1,0,0,1,0,low,3,3.081,48961.84,41998.49
CLM008890,0,1,1,0,0,1,0,medium,3,4.473,41885.06,28932.91
CLM008891,0,1,1,1,0,0,0,medium,3,5.311,102795.33,94962.99
CLM008892,1,1,0,0,1,1,0,high,4,15.142,206035.77,164858.77
CLM008893,0,1,1,0,1,0,0,low,3,2.766,41823.37,34372.99
CLM008894,1,0,1,1,0,1,0,high,4,10.629,172862.83,117751.76
CLM008895,0,1,1,0,1,1,0,high,4,10.558,178320.28,126978.28
CLM008896,1,0,0,0,0,1,0,medium,2,2.544,40973.83,25681.58
CLM008897,0,1,1,0,0,0,0,medium,2,3.688,73971.27,66624.89
CLM008898,0,0,1,1,1,1,0,low,4,3.381,47362.71,28019.74
CLM008899,0,0,1,0,0,0,0,low,1,0.771,8986.07,0.0
CLM008900,1,1,0,0,1,1,0,high,4,10.946,117764.5,85097.25
CLM008901,0,1,0,0,1,1,0,low,3,2.98,27985.6,17654.53
CLM008902,1,1,1,0,1,0,0,medium,4,6.359,107617.65,85842.41
CLM008903,0,0,1,1,0,0,0,medium,2,3.448,44138.58,28469.48
CLM008904,1,0,0,0,1,1,0,high,3,6.2,43144.62,24581.78
CLM008905,0,0,1,0,0,0,0,low,1,0.741,8939.8,0.0
CLM008906,1,0,0,0,0,1,0,low,2,1.612,10588.56,7019.47
CLM008907,0,1,1,0,1,1,0,high,4,11.552,115820.44,86084.61
CLM008908,0,1,1,0,1,1,0,high,4,10.048,130102.0,100222.68
CLM008909,0,0,1,0,1,0,0,medium,2,2.447,43765.08,38699.42
CLM008910,0,0,1,0,1,0,0,medium,2,2.504,20752.61,6985.75
CLM008911,0,0,1,0,0,0,0,low,1,0.932,12143.34,0.0
CLM008912,0,0,1,0,1,1,0,low,3,1.778,23365.09,17514.1
CLM008913,0,0,1,1,1,0,0,medium,3,4.602,37539.51,17458.18
CLM008914,1,0,0,1,0,0,0,high,2,7.599,81314.95,54174.69
CLM008915,0,1,1,0,1,1,0,high,4,10.341,123044.79,95689.75
CLM008916,0,1,0,0,0,0,0,low,1,0.99,12913.95,6985.83
CLM008917,0,0,1,0,0,0,0,low,1,0.741,10508.82,0.0
CLM008918,0,1,0,0,0,1,1,low,3,3.774,42723.6,24667.42
CLM008919,0,0,1,0,0,0,0,low,1,0.724,9581.84,0.0
CLM008920,0,1,1,0,1,1,0,medium,4,6.437,100985.89,84345.35
CLM008921,1,0,0,1,0,1,0,medium,3,5.106,63396.26,57991.42
CLM008922,1,0,0,0,1,1,0,high,3,7.051,80347.01,47952.3
CLM008923,1,1,0,0,1,0,0,medium,3,6.049,72853.63,52477.31
CLM008924,1,0,0,0,0,0,0,low,1,1.133,11944.41,6980.0
CLM008925,0,0,1,0,0,0,0,medium,1,1.413,16615.86,11689.42
CLM008926,1,0,0,0,1,1,0,low,3,2.949,42127.68,28558.52
CLM008927,1,1,0,1,1,0,0,medium,4,7.008,106979.92,82769.94
CLM008928,0,0,1,0,0,0,0,low,1,0.83,6239.15,0.0
CLM008929,0,1,1,0,1,0,0,medium,3,4.495,94044.13,72166.18
CLM008930,0,0,1,0,0,0,0,medium,1,1.227,16987.26,1992.35
CLM008931,1,1,1,0,1,1,0,high,5,12.428,228189.22,188463.77
CLM008932,0,0,1,1,0,1,0,low,3,2.27,35591.29,28506.25
CLM008933,1,1,0,0,0,1,1,high,4,14.689,151843.15,111746.28
CLM008934,1,0,1,0,1,1,0,low,4,3.175,35775.5,30786.18
CLM008935,1,0,1,0,0,0,0,low,2,1.841,18276.46,13416.04
CLM008936,0,0,0,0,1,0,0,low,1,1.064,17508.77,7.67
CLM008937,0,1,1,0,1,1,0,high,4,11.159,82267.57,59139.32
CLM008938,0,1,1,1,1,1,0,high,5,18.785,253650.27,229867.16
CLM008939,0,1,0,0,0,1,0,low,2,2.48,30120.24,13854.41
CLM008940,0,1,1,0,0,1,1,high,4,11.651,230746.98,190021.09
CLM008941,1,0,0,0,0,0,0,low,1,0.863,13650.51,7983.72
CLM008942,1,0,0,0,0,0,0,low,1,1.206,10876.46,0.0
CLM008943,0,1,1,1,1,1,0,medium,5,6.901,88520.94,80966.05
CLM008944,0,1,1,0,1,0,0,high,3,7.877,95563.55,71037.94
CLM008945,0,1,1,0,1,1,0,high,4,7.918,98218.87,80567.45
CLM008946,0,0,0,0,1,0,0,medium,1,1.243,15069.67,3068.11
CLM008947,0,1,1,0,0,1,1,medium,4,6.947,103617.19,81016.4
CLM008948,0,0,1,1,1,1,0,medium,4,5.829,49638.73,35573.14
CLM008949,0,0,1,1,1,1,0,medium,4,6.424,77910.51,63797.7
CLM008950,0,0,1,1,0,0,0,medium,2,3.609,29738.69,25190.77
CLM008951,0,0,1,0,0,0,0,medium,1,1.419,14639.15,7610.59
CLM008952,0,1,0,0,1,0,0,low,2,2.123,24293.7,14243.79
CLM008953,0,1,1,0,1,0,0,medium,3,5.559,61298.17,46404.05
CLM008954,1,1,1,0,0,1,0,medium,4,6.081,49502.58,30536.77
CLM008955,0,1,1,0,0,1,0,high,3,5.861,113265.02,76276.91
CLM008956,0,0,1,1,0,1,0,low,3,3.117,25504.13,17500.03
CLM008957,1,0,0,0,1,0,0,low,2,1.379,19619.47,16453.79
CLM008958,0,0,0,1,0,0,0,low,1,1.571,21185.03,10390.07
CLM008959,0,1,0,0,1,0,0,low,2,1.907,24196.01,12999.93
CLM008960,1,0,0,0,0,0,0,low,1,1.049,9888.07,6718.3
CLM008961,0,0,1,0,1,1,0,high,3,6.413,98840.03,69921.62
CLM008962,0,0,1,1,0,0,0,low,2,1.841,26980.44,14180.26
CLM008963,0,0,1,0,0,0,0,low,1,0.889,11687.17,869.52
CLM008964,1,0,0,0,1,0,0,low,2,1.864,15576.38,9735.18
CLM008965,1,1,1,1,1,1,1,high,7,20.152,312096.31,265621.66
CLM008966,1,0,0,0,1,1,0,medium,3,4.793,63652.04,50519.77
CLM008967,1,0,0,0,1,0,0,low,2,1.849,19170.46,10287.96
CLM008968,0,1,1,0,1,1,0,high,4,6.465,91449.72,62963.21
CLM008969,0,1,0,0,0,1,0,high,2,6.77,81384.64,59985.44
CLM008970,0,0,1,0,0,0,1,medium,2,3.596,50134.2,36678.34
CLM008971,0,1,1,0,1,1,0,high,4,14.503,141697.01,118970.59
CLM008972,1,0,0,0,0,0,0,low,1,0.98,12378.04,6193.57
CLM008973,0,0,1,1,0,1,0,medium,3,4.046,42661.12,30745.22
CLM008974,0,0,1,0,0,1,0,medium,2,2.048,26629.67,11797.13
CLM008975,1,1,1,0,1,0,0,low,4,3.946,48632.32,35459.87
CLM008976,0,1,0,0,0,0,0,low,1,1.156,11041.23,0.0
CLM008977,0,0,1,0,0,0,0,low,1,0.793,6874.33,0.0
CLM008978,0,1,1,0,0,0,0,low,2,1.688,26434.14,10230.78
CLM008979,1,0,0,0,1,0,0,medium,2,3.515,31591.27,21416.22
CLM008980,0,0,1,1,0,0,0,low,2,1.967,18896.71,14962.07
CLM008981,1,0,1,0,0,0,0,low,2,1.839,20858.86,3228.14
CLM008982,0,0,1,1,0,0,0,low,2,1.787,19731.8,12231.62
CLM008983,1,0,0,1,1,0,0,medium,3,5.851,84298.7,73511.92
CLM008984,0,0,1,1,0,0,0,medium,2,3.744,34683.05,21450.85
CLM008985,0,0,1,0,0,0,0,low,1,0.739,9623.76,6323.79
CLM008986,0,0,1,0,0,1,1,low,3,2.991,43152.51,36553.53
CLM008987,1,0,1,0,1,0,0,high,3,5.765,63196.05,40918.02
CLM008988,0,0,1,0,0,0,0,low,1,0.995,15133.66,3805.1
CLM008989,1,0,0,0,0,0,0,low,1,0.987,5984.33,0.0
CLM008990,1,0,0,0,1,1,0,low,3,2.132,30646.94,20683.58
CLM008991,1,0,0,0,1,1,0,low,3,2.361,33868.27,28774.97
CLM008992,1,0,0,0,1,0,0,high,2,5.343,42470.15,34301.61
CLM008993,0,0,1,0,1,0,0,high,2,4.433,39350.88,28556.14
CLM008994,1,0,0,0,1,0,0,medium,2,3.941,41823.79,25162.23
CLM008995,0,0,1,0,1,1,0,medium,3,2.825,35187.16,27713.85
CLM008996,0,1,1,0,0,1,0,low,3,3.635,35709.5,22441.98
CLM008997,1,1,1,0,0,0,1,high,4,14.137,181394.31,126073.94
CLM008998,0,1,1,0,1,0,0,high,3,7.253,82736.89,43723.83
CLM008999,0,1,1,0,1,1,0,high,4,9.325,100202.39,87856.32
CLM009000,0,0,1,1,0,1,0,high,3,8.323,100947.26,91438.71
CLM009001,0,1,1,0,1,1,0,high,4,9.28,98463.27,64833.0
CLM009002,1,0,0,0,1,0,1,high,3,8.584,148582.53,122827.78
CLM009003,0,1,1,1,0,0,0,medium,3,4.323,36805.95,27343.99
CLM009004,1,0,0,0,1,0,0,medium,2,2.572,37979.79,25736.01
CLM009005,0,0,1,1,0,1,0,medium,3,4.278,60555.25,52638.77
CLM009006,1,0,1,0,0,0,0,low,2,1.881,20274.27,10583.52
CLM009007,1,1,1,1,1,1,0,high,6,18.224,205697.15,158727.18
CLM009008,1,0,0,0,0,0,0,low,1,1.095,11462.16,0.0
CLM009009,1,1,0,0,1,1,0,high,4,10.513,102601.74,78756.62
CLM009010,0,0,1,0,0,1,0,medium,2,2.938,40872.56,34985.74
CLM009011,1,0,1,0,0,0,0,medium,2,3.016,29094.24,14594.59
CLM009012,0,0,0,0,1,0,0,medium,1,1.093,12568.9,7003.01
CLM009013,0,0,0,0,0,1,1,low,2,2.455,31288.95,20116.55
CLM009014,1,0,0,0,1,0,0,high,2,5.141,58369.93,40957.49
CLM009015,0,1,1,0,1,1,0,high,4,8.444,79748.45,63406.99
CLM009016,0,0,1,1,0,1,1,high,4,12.172,157659.87,120123.88
CLM009017,1,0,1,1,1,0,0,medium,4,6.954,118681.82,110416.74
CLM009018,0,0,1,0,0,0,0,low,1,0.766,7882.93,0.0
CLM009019,0,0,0,0,1,1,0,low,2,1.996,24636.85,13556.44
CLM009020,0,0,1,1,0,1,0,high,3,7.467,82509.26,55073.33
CLM009021,0,0,1,1,0,1,0,medium,3,4.199,52346.38,40872.19
CLM009022,0,1,1,0,0,1,0,high,3,7.508,95833.78,73469.06
CLM009023,0,1,0,0,1,1,0,medium,3,4.651,96928.87,75468.31
CLM009024,0,1,1,0,1,1,0,medium,4,5.357,83849.55,67149.05
CLM009025,1,0,1,0,0,0,0,medium,2,3.83,43613.39,30151.72
CLM009026,0,1,1,1,0,1,0,high,4,11.804,131887.09,77070.27
CLM009027,0,1,1,0,1,1,1,high,5,19.465,258848.65,211895.53
CLM009028,1,0,0,0,0,0,0,low,1,0.995,8251.99,1495.1
CLM009029,1,0,0,0,0,0,0,low,1,1.344,22342.35,2483.93
CLM009030,1,0,1,0,0,1,0,medium,3,5.464,71564.4,44141.34
CLM009031,1,0,1,0,1,1,0,medium,4,5.591,71721.01,57716.89
CLM009032,0,0,1,0,1,0,0,medium,2,3.552,28363.86,9103.64
CLM009033,1,0,1,1,1,1,0,medium,5,5.998,59858.32,43929.97
CLM009034,0,0,1,1,0,1,0,medium,3,4.328,47185.06,30023.49
CLM009035,1,0,1,1,0,0,0,medium,3,4.903,76699.14,52457.36
CLM009036,1,0,0,0,1,0,0,medium,2,2.407,33410.4,22635.77
CLM009037,0,0,1,0,0,0,0,low,1,0.866,7845.8,0.0
CLM009038,1,0,0,0,0,1,0,low,2,1.893,24369.98,17938.66
CLM009039,0,0,1,1,0,0,0,medium,2,3.569,26479.11,14300.82
CLM009040,0,0,1,1,0,0,0,low,2,1.835,30013.08,21930.59
CLM009041,0,1,1,0,1,1,0,high,4,11.932,165524.55,149953.14
CLM009042,0,1,1,1,0,1,0,high,4,11.536,214804.88,163187.83
CLM009043,1,0,0,0,1,0,1,medium,3,7.024,63142.86,45057.8
CLM009044,0,1,1,0,1,1,0,high,4,11.589,143958.03,110528.88
CLM009045,0,0,1,0,1,0,0,low,2,1.187,11147.42,1055.61
CLM009046,0,0,1,0,0,0,0,medium,1,1.663,23048.94,11227.82
CLM009047,0,0,1,1,0,0,0,high,2,6.099,59428.22,37877.56
CLM009048,0,0,1,0,1,0,0,low,2,1.459,19700.76,10470.02
CLM009049,0,0,1,0,0,1,0,low,2,1.728,18646.48,2033.28
CLM009050,0,0,1,0,0,0,0,low,1,0.898,10488.08,2565.36
CLM009051,1,0,1,0,1,0,0,low,3,2.324,18882.73,2736.94
CLM009052,0,1,1,0,1,1,0,medium,4,7.157,97609.07,55375.14
CLM009053,0,1,1,0,0,1,0,high,3,8.842,102794.16,64912.74
CLM009054,1,0,0,0,1,0,0,medium,2,2.841,25275.62,17007.08
CLM009055,1,1,1,0,1,1,1,high,6,17.522,274750.32,231694.97
CLM009056,0,0,1,0,0,0,1,low,2,2.104,35542.92,18025.34
CLM009057,0,0,1,1,0,1,0,medium,3,3.619,32563.5,28814.5
CLM009058,1,0,0,0,0,0,0,low,1,1.084,18628.8,12235.67
CLM009059,0,1,1,1,0,0,0,medium,3,4.387,73516.84,63463.18
CLM009060,1,0,0,0,1,0,0,medium,2,2.561,24629.78,17041.94
CLM009061,0,0,1,0,1,0,0,low,2,1.907,34862.48,23320.43
CLM009062,0,1,0,0,0,0,0,medium,1,2.075,23305.21,12139.02
CLM009063,0,0,1,0,0,1,0,medium,2,2.934,42727.08,37611.7
CLM009064,0,1,1,0,0,0,1,low,3,3.389,53573.25,45277.89
CLM009065,1,0,0,0,1,0,0,low,2,1.705,30953.53,20378.44
CLM009066,0,1,0,0,0,0,1,low,2,2.254,27659.2,16826.0
CLM009067,1,1,1,0,1,1,0,high,5,10.42,153099.84,139608.05
CLM009068,1,0,1,1,0,1,0,medium,4,5.849,103580.26,91410.33
CLM009069,0,1,0,0,1,0,0,medium,2,2.879,40809.41,28097.9
CLM009070,0,1,1,0,1,1,0,medium,4,5.63,70650.34,47642.34
CLM009071,0,0,1,0,0,0,0,low,1,0.699,12354.16,0.0
CLM009072,0,0,0,0,0,1,0,low,1,0.904,15951.27,0.0
CLM009073,0,1,1,0,0,0,0,medium,2,4.399,59698.16,40110.3
CLM009074,1,0,0,0,1,1,0,low,3,2.247,31157.57,20861.38
CLM009075,0,1,1,1,1,1,0,medium,5,6.844,112483.34,85924.12
CLM009076,1,0,1,0,0,0,0,medium,2,3.328,43195.75,26525.19
CLM009077,0,1,1,0,0,0,1,medium,3,5.919,76882.63,66770.74
CLM009078,1,0,1,0,1,0,0,high,3,8.654,71811.24,49124.53
CLM009079,0,0,1,0,0,1,1,high,3,8.159,102872.96,90683.02
CLM009080,0,1,0,0,1,1,1,medium,4,6.609,137736.94,106834.42
CLM009081,1,0,0,0,1,0,0,medium,2,3.347,32020.83,18596.4
CLM009082,0,1,0,0,0,0,0,medium,1,1.757,33302.39,20057.47
CLM009083,1,0,0,0,0,0,0,low,1,1.062,12881.03,9682.77
CLM009084,1,1,0,0,1,1,0,high,4,12.062,214905.94,165452.28
CLM009085,0,0,1,1,0,0,0,low,2,2.578,32831.73,27888.73
CLM009086,0,0,1,0,1,1,0,medium,3,3.861,69668.75,54973.74
CLM009087,1,0,0,1,1,1,0,high,4,13.417,192084.17,167917.17
CLM009088,0,1,1,0,1,0,0,medium,3,4.024,45212.49,35509.41
CLM009089,1,0,0,0,1,0,0,medium,2,3.481,43069.86,29539.77
CLM009090,0,1,1,1,0,0,0,high,3,9.656,105199.67,77496.83
CLM009091,1,0,1,1,0,0,0,low,3,2.921,46146.57,39838.16
CLM009092,0,1,1,0,0,1,1,high,4,12.651,243456.89,221390.32
CLM009093,0,0,0,0,1,0,0,low,1,0.696,9557.06,5023.75
CLM009094,0,0,0,0,1,0,0,low,1,0.592,8721.13,1151.25
CLM009095,0,0,1,0,0,1,0,high,2,6.05,91159.61,76111.69
CLM009096,0,0,1,0,0,1,0,low,2,1.578,17060.25,10508.08
CLM009097,0,0,1,1,0,1,0,medium,3,4.851,35787.86,25699.95
CLM009098,0,1,1,1,1,0,0,medium,4,7.182,166578.1,143353.27
CLM009099,0,1,1,0,1,1,0,high,4,10.457,135351.51,103255.53
CLM009100,1,0,0,0,0,0,0,low,1,0.89,11871.27,3914.17
CLM009101,0,0,1,1,0,1,0,high,3,7.287,149374.03,115245.48
CLM009102,1,0,0,0,1,1,0,medium,3,5.391,85521.52,67606.88
CLM009103,1,0,0,0,0,0,0,low,1,1.056,10383.63,1202.18
CLM009104,0,0,1,1,0,0,0,low,2,1.643,19318.94,16101.39
CLM009105,1,0,0,0,1,0,0,medium,2,2.906,27749.86,12250.55
CLM009106,0,0,1,1,0,1,0,medium,3,5.123,54443.57,41606.23
CLM009107,1,0,0,1,0,1,0,low,3,2.885,30757.7,26332.46
CLM009108,0,0,1,1,0,0,0,medium,2,3.61,40787.88,29510.45
CLM009109,0,1,1,0,1,0,0,low,3,3.097,32761.04,22501.66
CLM009110,1,0,0,0,1,0,0,low,2,1.603,22061.63,16779.16
CLM009111,1,0,0,0,1,0,0,medium,2,2.32,39688.99,30097.95
CLM009112,0,0,0,0,1,0,0,low,1,0.852,9998.13,3973.87
CLM009113,1,0,1,0,0,0,1,high,3,7.841,141527.25,104909.35
CLM009114,0,1,1,1,1,0,0,medium,4,5.931,91413.81,70585.09
CLM009115,1,0,0,0,1,1,0,medium,3,3.973,67664.55,47121.44
CLM009116,0,1,1,0,1,0,0,medium,3,4.693,44256.38,26439.12
CLM009117,0,0,1,1,0,1,0,high,3,8.479,117130.77,104434.9
CLM009118,0,0,0,1,0,1,0,low,2,2.203,22260.5,12053.79
CLM009119,0,0,1,1,0,1,0,low,3,3.058,41636.1,36448.7
CLM009120,0,0,1,1,0,0,0,low,2,1.909,35137.95,23028.76
CLM009121,1,0,0,0,1,1,0,medium,3,4.944,63832.22,43175.82
CLM009122,0,1,0,0,0,1,0,low,2,2.409,30097.65,9637.53
CLM009123,1,0,0,0,1,0,0,medium,2,3.923,34879.24,28607.48
CLM009124,1,0,0,0,1,1,0,medium,3,4.769,47432.28,35579.83
CLM009125,1,0,0,0,1,1,0,medium,3,3.749,50140.11,40395.58
CLM009126,0,0,1,0,0,1,1,high,3,6.147,138509.78,89828.81
CLM009127,1,0,0,0,0,1,0,medium,2,2.913,30395.91,19932.85
CLM009128,0,0,1,0,0,0,0,low,1,0.711,10584.86,6240.61
CLM009129,0,0,1,1,0,1,0,high,3,10.656,132118.93,88188.4
CLM009130,0,0,1,1,0,0,0,low,2,1.975,27194.87,13521.49
CLM009131,0,0,1,0,0,0,0,medium,1,1.336,19534.81,8941.32
CLM009132,1,0,1,1,0,1,0,medium,4,5.771,59974.98,43654.21
CLM009133,1,0,0,1,1,0,0,medium,3,4.743,77970.1,60368.24
CLM009134,0,1,1,0,1,1,0,high,4,10.968,125830.5,85761.98
CLM009135,0,1,1,0,1,0,0,high,3,6.92,122340.88,73076.72
CLM009136,0,0,1,1,0,1,0,low,3,2.215,37141.66,23239.78
CLM009137,1,0,0,0,1,0,0,medium,2,2.922,25884.34,13667.73
CLM009138,0,0,0,1,0,0,0,low,1,1.1,13011.08,7130.68
CLM009139,0,0,0,0,1,0,0,low,1,0.64,9062.2,4370.38
CLM009140,0,0,1,1,0,1,0,medium,3,5.702,86369.4,62900.68
CLM009141,1,1,1,0,1,0,1,high,5,16.613,166757.13,116415.29
CLM009142,0,1,1,0,1,1,0,high,4,10.778,116996.32,86194.63
CLM009143,1,0,0,0,1,1,0,medium,3,4.709,42171.37,36910.58
CLM009144,1,0,0,0,0,0,0,medium,1,1.598,20694.32,16415.49
CLM009145,0,0,1,0,1,0,0,medium,2,3.439,43867.48,33660.05
CLM009146,0,1,1,0,1,1,0,medium,4,5.726,64982.7,55974.9
CLM009147,1,1,1,0,1,1,1,high,6,18.311,188871.52,131678.4
CLM009148,1,0,0,0,0,1,0,medium,2,3.175,48529.81,34987.65
CLM009149,1,0,0,0,1,0,0,medium,2,3.128,21718.92,8642.74
CLM009150,1,0,0,0,1,0,0,medium,2,2.955,47166.06,28106.39
CLM009151,0,1,1,0,1,0,0,medium,3,4.611,68982.27,59468.75
CLM009152,1,0,1,0,0,0,0,low,2,1.633,20364.87,12066.15
CLM009153,1,0,0,1,1,0,0,low,3,3.113,41430.5,36129.59
CLM009154,1,0,0,0,1,1,0,high,3,7.018,113735.26,88604.66
CLM009155,0,1,1,1,1,1,0,high,5,13.552,190517.63,145755.31
CLM009156,1,0,1,1,0,0,0,medium,3,6.173,85175.46,76803.67
CLM009157,0,0,1,0,0,0,0,low,1,0.905,9109.98,2610.83
CLM009158,0,0,0,1,0,0,0,low,1,1.147,13234.71,2337.3
CLM009159,0,0,1,1,0,1,0,high,3,8.44,92963.74,77178.6
CLM009160,0,0,0,1,0,1,0,low,2,2.366,21533.29,7697.79
CLM009161,0,0,1,1,0,0,0,low,2,1.406,10015.57,6382.02
CLM009162,1,0,1,0,1,0,1,high,4,9.662,155510.32,130276.73
CLM009163,0,0,1,1,0,0,0,medium,2,3.024,29483.06,19532.78
CLM009164,1,0,0,0,0,0,0,low,1,1.111,12529.19,6020.11
CLM009165,1,1,1,1,1,1,1,high,7,23.226,353476.76,265617.06
CLM009166,1,0,0,0,0,0,0,low,1,0.88,11867.42,5606.27
CLM009167,0,1,1,0,1,1,1,high,5,12.848,136978.48,104545.26
CLM009168,0,0,1,1,0,0,0,low,2,2.369,30026.9,19097.27
CLM009169,0,1,1,1,0,1,0,high,4,10.284,120884.67,92602.33
CLM009170,0,0,1,0,0,0,0,low,1,0.824,9268.22,644.54
CLM009171,1,0,1,0,1,1,0,high,4,8.241,117245.03,87366.09
CLM009172,1,0,0,0,1,0,0,medium,2,3.395,44469.89,30294.0
CLM009173,0,0,0,0,1,1,0,low,2,1.386,14649.57,8891.05
CLM009174,1,0,0,0,1,1,0,high,3,5.807,89331.42,66687.38
CLM009175,0,0,1,1,1,0,0,low,3,2.277,28517.49,17223.66
CLM009176,1,0,1,0,1,0,0,medium,3,4.284,43285.73,27495.33
CLM009177,0,0,1,0,0,1,0,low,2,1.434,13291.02,8269.43
CLM009178,0,0,1,1,0,1,0,medium,3,5.514,79243.72,48422.76
CLM009179,1,0,0,0,1,1,0,high,3,7.739,105773.8,73321.09
CLM009180,0,0,1,0,1,0,0,medium,2,3.176,32621.07,22364.28
CLM009181,0,0,0,0,0,0,1,medium,1,1.859,26085.76,21146.44
CLM009182,0,1,1,1,0,0,0,high,3,8.69,133318.11,104044.68
CLM009183,0,1,1,0,0,1,0,high,3,8.17,47197.67,40520.78
CLM009184,0,0,1,0,1,0,0,medium,2,3.114,46605.72,37689.72
CLM009185,0,0,1,1,0,1,0,high,3,8.131,81848.76,36010.52
CLM009186,1,0,0,0,1,0,0,low,2,1.916,18596.9,12809.02
CLM009187,1,0,0,0,1,0,0,low,2,1.097,12821.15,4638.91
CLM009188,0,0,1,1,0,1,0,medium,3,4.419,61825.4,48478.26
CLM009189,1,0,0,0,1,1,0,high,3,8.913,81462.02,71305.03
CLM009190,0,0,1,1,0,1,0,high,3,6.834,79805.89,68176.13
CLM009191,0,1,1,0,1,1,0,high,4,14.01,186934.94,134678.48
CLM009192,0,1,1,0,1,0,1,high,4,11.415,238085.3,209121.31
CLM009193,1,0,0,1,0,0,0,medium,2,4.311,65894.9,42372.91
CLM009194,1,0,1,0,1,1,0,high,4,8.619,94328.36,80032.2
CLM009195,0,1,1,0,1,0,0,high,3,6.184,131631.04,119252.94
CLM009196,0,0,1,0,0,1,1,high,3,11.684,187198.74,123274.54
CLM009197,0,0,0,0,0,1,1,medium,2,4.197,35413.03,27411.07
CLM009198,0,0,1,0,0,1,0,medium,2,2.872,22365.76,11003.86
CLM009199,0,1,1,0,0,1,1,low,4,5.38,65221.01,56155.07
CLM009200,0,1,1,0,1,0,0,high,3,6.188,81626.6,47821.2
CLM009201,1,0,0,0,1,1,0,high,3,9.129,148503.08,124521.77
CLM009202,0,1,1,0,1,1,0,high,4,10.167,159283.89,124147.67
CLM009203,0,1,1,1,0,0,0,medium,3,5.336,86493.45,63262.97
CLM009204,0,1,1,0,0,1,1,high,4,13.266,299073.57,221068.21
CLM009205,0,0,1,0,0,0,0,low,1,0.912,11585.53,989.31
CLM009206,0,0,1,0,1,0,0,medium,2,2.698,43737.07,33102.9
CLM009207,1,0,0,0,0,0,0,low,1,0.722,8268.23,1807.43
CLM009208,1,0,0,1,1,0,0,medium,3,5.421,72329.08,63384.3
CLM009209,0,1,1,0,0,1,0,medium,3,5.38,80386.59,58162.28
CLM009210,0,1,1,0,0,0,1,low,3,3.476,56577.17,33591.83
CLM009211,0,1,1,1,1,1,0,high,5,15.051,287509.82,220320.36
CLM009212,1,1,1,0,1,1,0,high,5,15.077,210917.25,175997.76
CLM009213,1,0,0,0,0,0,0,medium,1,1.409,15503.49,7906.21
CLM009214,0,0,1,0,0,0,0,medium,1,1.241,16312.81,8944.62
CLM009215,1,0,0,0,1,1,0,medium,3,5.641,65752.15,54887.52
CLM009216,0,0,1,0,0,0,0,low,1,0.897,6324.16,0.0
CLM009217,0,0,1,0,1,0,0,medium,2,2.619,40538.87,24439.99
CLM009218,1,1,1,0,1,1,0,high,5,12.313,141589.0,89997.55
CLM009219,1,0,1,1,0,1,0,medium,4,6.213,39711.78,25063.5
CLM009220,0,1,1,0,0,1,0,medium,3,5.096,47483.58,38974.37
CLM009221,0,1,1,0,1,0,0,medium,3,4.574,123400.75,85477.02
CLM009222,0,0,1,0,1,1,0,low,3,2.451,28938.35,17387.16
CLM009223,1,0,0,0,1,0,0,low,2,2.095,12384.24,2558.06
CLM009224,0,0,1,0,0,0,0,low,1,0.867,8040.58,5088.89
CLM009225,1,0,1,0,0,1,0,medium,3,3.761,58516.05,48227.06
CLM009226,0,1,1,0,1,0,0,medium,3,5.331,70272.55,57217.85
CLM009227,0,1,1,0,1,1,0,high,4,9.18,123687.27,77730.17
CLM009228,0,0,1,0,0,0,1,high,2,6.666,122808.53,92639.93
CLM009229,0,0,1,0,1,1,0,high,3,5.697,62927.47,45582.87
CLM009230,1,0,0,0,0,1,0,medium,2,3.79,50657.07,39836.33
CLM009231,0,1,1,0,1,1,0,high,4,8.705,129238.12,112151.34
CLM009232,0,0,1,1,0,0,0,high,2,7.209,106667.22,74295.93
CLM009233,1,0,1,0,1,0,0,low,3,1.624,20512.33,12468.6
CLM009234,1,1,1,0,1,1,1,high,6,19.897,426463.94,295288.06
CLM009235,0,1,0,0,0,1,0,low,2,2.163,24123.38,16960.14
CLM009236,0,0,0,1,1,0,0,medium,2,2.185,29062.99,17026.06
CLM009237,0,0,1,0,0,1,0,low,2,1.843,19847.1,16637.65
CLM009238,0,0,1,1,0,1,0,medium,3,5.841,59533.15,52357.91
CLM009239,1,0,1,0,0,0,0,low,2,1.825,21800.23,18108.63
CLM009240,0,0,1,0,0,0,0,low,1,0.653,7980.04,872.66
CLM009241,0,1,1,0,1,1,1,high,5,14.81,197265.57,137810.14
CLM009242,1,0,0,0,0,0,0,low,1,0.734,10475.55,0.0
CLM009243,0,0,1,0,0,0,0,medium,1,1.041,13265.05,10536.37
CLM009244,1,0,1,0,0,0,0,low,2,1.797,26351.73,4747.74
CLM009245,0,0,1,0,0,0,0,low,1,1.007,9687.62,0.0
CLM009246,0,0,1,1,1,1,0,high,4,9.52,96400.37,74690.18
CLM009247,0,0,1,0,0,1,0,low,2,1.643,31991.63,26858.51
CLM009248,1,1,0,1,1,1,0,medium,5,8.134,127275.69,94204.4
CLM009249,0,0,1,0,0,0,0,low,1,0.576,5068.25,0.0
CLM009250,0,1,1,1,1,1,0,medium,5,8.314,71688.38,50497.86
CLM009251,0,0,1,1,0,0,0,medium,2,3.782,55112.55,37565.72
CLM009252,1,0,1,1,1,0,0,medium,4,6.377,53906.9,29827.02
CLM009253,0,0,0,1,0,0,0,low,1,1.252,15542.87,7903.04
CLM009254,1,1,1,1,0,1,0,high,5,18.362,239633.14,199383.36
CLM009255,1,1,1,0,1,1,0,high,5,12.794,162643.7,118670.93
CLM009256,1,1,1,0,0,0,0,low,3,2.279,30894.41,25595.11
CLM009257,0,1,1,0,1,1,0,medium,4,7.063,57353.92,40262.62
CLM009258,1,0,0,0,0,0,0,low,1,0.897,14316.76,5391.23
CLM009259,1,0,0,0,1,0,0,medium,2,3.303,22759.41,8243.02
CLM009260,1,0,0,0,1,1,0,medium,3,3.685,20153.9,17016.99
CLM009261,1,0,0,0,0,1,0,high,2,6.12,72660.85,50514.91
CLM009262,1,0,0,0,1,0,0,medium,2,3.539,37301.01,18747.93
CLM009263,0,0,1,0,1,0,0,low,2,1.654,22643.14,8343.64
CLM009264,0,0,1,0,0,0,0,low,1,0.862,9102.39,6506.07
CLM009265,0,0,1,0,0,0,0,low,1,0.711,6079.35,2183.86
CLM009266,0,1,1,0,0,0,1,high,3,9.611,106795.57,78365.42
CLM009267,0,0,1,0,0,0,0,low,1,0.614,5995.61,3359.33
CLM009268,0,1,1,1,0,0,0,high,3,9.108,115713.18,100141.99
CLM009269,0,0,1,1,0,1,0,medium,3,5.55,56671.83,26564.25
CLM009270,0,0,0,0,1,0,0,medium,1,1.506,18510.66,8010.33
CLM009271,1,0,0,0,1,0,0,low,2,1.752,23893.63,15440.37
CLM009272,1,0,0,0,1,0,0,high,2,4.599,50169.8,40075.68
CLM009273,1,1,1,1,0,1,0,high,5,17.127,221455.07,178479.54
CLM009274,1,0,0,0,0,0,0,low,1,0.917,14021.99,8077.49
CLM009275,0,0,1,1,0,1,0,high,3,7.3,96811.81,59683.35
CLM009276,0,1,1,0,1,0,0,medium,3,4.401,79607.51,53622.04
CLM009277,1,0,0,0,1,0,0,low,2,1.696,10267.64,6843.87
CLM009278,0,1,1,0,0,1,1,medium,4,7.027,95274.8,79973.7
CLM009279,0,0,1,1,0,0,0,low,2,2.001,24238.68,20923.48
CLM009280,0,0,1,0,0,0,0,low,1,0.779,9044.85,0.0
CLM009281,0,0,0,0,1,0,0,low,1,0.777,12440.64,6735.5
CLM009282,0,0,1,0,0,0,0,medium,1,1.805,25437.21,18984.1
CLM009283,0,0,1,0,0,0,0,medium,1,1.563,24990.06,18337.37
CLM009284,1,0,0,0,1,0,0,medium,2,2.946,59092.04,40808.35
CLM009285,1,0,0,0,1,0,0,low,2,1.332,14493.93,8221.12
CLM009286,0,0,1,0,0,0,0,low,1,0.858,12482.05,4853.2
CLM009287,0,0,0,1,1,1,0,low,3,2.628,34536.6,23772.19
CLM009288,0,0,1,1,0,1,0,low,3,2.216,24140.97,14645.23
CLM009289,1,0,1,0,1,0,0,low,3,3.139,37224.81,30269.09
CLM009290,1,0,0,0,1,0,0,high,2,3.897,38614.23,21085.61
CLM009291,1,0,0,0,1,0,0,low,2,2.118,24821.75,16999.07
CLM009292,0,0,1,0,1,0,1,high,3,6.183,91804.64,62027.46
CLM009293,0,0,1,1,0,0,0,low,2,1.652,15439.04,8948.28
CLM009294,0,0,1,0,0,1,0,low,2,1.903,25752.8,18733.26
CLM009295,0,1,1,0,1,0,0,low,3,3.283,51112.21,36003.88
CLM009296,0,1,1,0,1,0,0,high,3,6.961,121474.03,103765.12
CLM009297,1,0,0,0,1,1,0,high,3,9.114,113617.34,93725.76
CLM009298,0,0,0,1,0,1,0,medium,2,2.687,36510.07,22855.0
CLM009299,0,0,1,0,0,1,0,medium,2,3.58,48644.82,36507.93
CLM009300,1,1,1,0,0,0,0,medium,3,4.633,39991.26,20921.1
CLM009301,0,0,0,1,0,1,0,medium,2,4.227,45358.34,27139.82
CLM009302,0,0,1,0,1,0,0,high,2,3.248,37286.07,22108.51
CLM009303,0,1,1,0,1,0,0,medium,3,4.284,64572.47,50696.48
CLM009304,0,0,1,1,0,0,0,medium,2,3.129,35923.43,24347.16
CLM009305,1,1,1,0,1,1,0,high,5,9.113,87258.76,58479.96
CLM009306,1,0,0,0,0,0,0,low,1,0.836,9350.01,970.06
CLM009307,0,0,1,0,0,1,1,high,3,8.838,94765.15,61664.93
CLM009308,0,0,1,0,0,0,0,medium,1,1.505,20369.17,13925.36
CLM009309,0,1,1,0,1,1,0,high,4,9.01,112690.78,99617.57
CLM009310,0,1,1,0,1,0,0,high,3,5.821,73468.71,44467.05
CLM009311,0,0,1,0,0,0,0,low,1,0.832,9523.52,4109.25
CLM009312,0,0,0,0,1,0,0,low,1,0.665,5807.2,2903.68
CLM009313,0,1,1,0,1,0,1,high,4,13.851,349105.15,279420.16
CLM009314,0,1,1,0,1,1,0,high,4,12.526,270869.16,220967.23
CLM009315,0,0,1,1,1,1,1,high,5,12.917,141891.27,121417.88
CLM009316,1,0,1,0,0,1,0,low,3,2.376,23457.04,14347.09
CLM009317,0,0,1,1,0,0,0,high,2,6.521,64880.61,45232.77
CLM009318,0,1,1,0,1,0,0,low,3,2.798,31748.06,26308.44
CLM009319,1,1,1,0,0,1,0,high,4,12.007,242192.49,184996.58
CLM009320,0,0,1,1,1,0,0,medium,3,3.611,46274.43,29048.35
CLM009321,0,1,1,0,1,1,0,high,4,6.259,62645.2,45581.99
CLM009322,0,1,1,0,1,1,0,high,4,10.266,89442.81,74782.78
CLM009323,0,0,1,0,0,0,0,low,1,0.916,8926.3,0.0
CLM009324,0,0,1,1,0,0,0,medium,2,2.301,29398.7,19375.43
CLM009325,1,0,0,0,1,0,0,low,2,1.786,22727.46,18427.03
CLM009326,0,0,1,1,1,1,0,high,4,9.768,145052.76,103977.32
CLM009327,1,0,0,0,1,0,0,low,2,1.789,16891.31,9788.67
CLM009328,1,0,0,0,0,0,0,low,1,0.807,7048.01,411.58
CLM009329,0,1,1,0,1,1,0,medium,4,7.791,152359.12,103668.38
CLM009330,1,0,0,0,1,0,0,low,2,2.065,24479.64,12453.35
CLM009331,0,0,1,0,0,1,0,medium,2,2.777,37640.82,19486.12
CLM009332,0,1,1,0,1,1,0,high,4,12.474,181792.97,151113.24
CLM009333,1,0,0,0,1,1,0,high,3,8.384,110304.88,73428.45
CLM009334,1,1,1,1,0,1,1,high,6,18.474,258248.71,212724.57
CLM009335,0,0,1,0,0,0,0,medium,1,1.72,21671.2,10616.54
CLM009336,1,0,0,0,1,0,0,medium,2,2.854,26181.87,21298.25
CLM009337,1,1,0,0,1,1,0,medium,4,7.182,92259.51,78347.75
CLM009338,0,0,1,1,1,0,0,low,3,1.741,27611.21,17895.49
CLM009339,0,1,1,0,1,1,1,high,5,13.515,286935.13,267397.61
CLM009340,0,1,1,1,1,0,0,medium,4,7.625,122148.71,77538.38
CLM009341,0,0,1,1,0,0,0,low,2,2.178,20705.27,15413.28
CLM009342,0,1,1,0,1,1,0,high,4,9.82,106744.63,85702.76
CLM009343,0,1,1,1,1,1,1,high,6,14.37,217901.93,184335.57
CLM009344,0,0,1,0,1,0,0,medium,2,3.217,35163.15,21745.85
CLM009345,0,0,1,0,1,1,0,low,3,2.254,39863.85,23940.43
CLM009346,0,1,1,0,0,1,0,high,3,5.573,73088.27,47101.18
CLM009347,0,0,1,0,1,1,0,low,3,2.654,31411.07,7986.65
CLM009348,1,0,0,0,1,1,0,medium,3,5.464,75159.15,55887.28
CLM009349,0,0,1,1,0,0,0,medium,2,4.016,35060.45,24995.48
CLM009350,1,0,0,0,1,0,0,low,2,2.25,37393.52,25732.1
CLM009351,1,0,0,0,1,0,0,medium,2,2.825,34660.2,24493.91
CLM009352,1,0,0,0,1,0,0,medium,2,2.665,34282.72,25994.91
CLM009353,0,1,1,0,0,1,0,medium,3,5.433,56494.3,44112.85
CLM009354,0,0,1,1,0,0,0,high,2,5.784,52495.14,42916.04
CLM009355,0,1,1,1,0,0,0,low,3,3.178,40512.8,26433.28
CLM009356,0,0,1,1,0,1,0,low,3,3.017,49158.1,38366.39
CLM009357,1,0,0,0,1,0,0,low,2,1.515,20981.77,14907.23
CLM009358,1,0,0,0,0,1,0,medium,2,3.716,32652.56,22991.67
CLM009359,0,0,1,1,0,0,0,medium,2,3.398,35062.81,25498.21
CLM009360,0,0,0,1,0,0,0,low,1,0.941,8927.37,2620.81
CLM009361,1,0,0,0,0,0,0,medium,1,1.69,17950.34,15019.14
CLM009362,0,0,1,1,1,1,0,high,4,10.027,112150.45,86288.12
CLM009363,1,0,0,0,1,1,0,low,3,3.073,45403.97,25049.98
CLM009364,1,0,1,0,1,1,0,high,4,7.801,70529.36,46872.93
CLM009365,1,0,0,1,1,0,0,high,3,7.636,69649.43,49255.7
CLM009366,1,0,0,0,1,1,0,high,3,8.087,104310.25,76105.22
CLM009367,0,0,1,1,0,0,0,low,2,2.702,25026.35,14341.59
CLM009368,0,1,1,0,1,0,0,high,3,6.844,109620.47,75065.16
CLM009369,0,0,0,0,1,0,0,low,1,0.852,12057.59,0.0
CLM009370,0,0,0,1,0,1,0,low,2,1.681,22810.27,16482.02
CLM009371,0,0,1,1,0,1,0,low,3,2.742,34667.46,25634.16
CLM009372,0,0,1,0,0,0,0,low,1,0.92,10962.11,0.0
CLM009373,1,0,0,0,1,1,0,medium,3,3.95,57330.6,46733.95
CLM009374,0,0,1,1,0,0,0,low,2,1.301,15129.35,11331.91
CLM009375,1,0,0,1,1,0,0,medium,3,4.581,53538.86,28885.6
CLM009376,1,1,1,0,1,1,0,high,5,12.093,158649.94,107054.52
CLM009377,0,0,1,0,0,0,0,low,1,0.799,7077.64,2335.18
CLM009378,0,0,1,0,0,1,1,medium,3,4.467,34512.04,28506.77
CLM009379,0,0,1,0,1,1,0,medium,3,3.806,34490.58,10561.44
CLM009380,1,0,1,0,0,0,0,medium,2,3.283,50910.07,36208.5
CLM009381,0,0,1,0,0,0,0,low,1,0.958,12880.82,8717.06
CLM009382,0,1,1,0,1,1,0,medium,4,5.443,83715.18,69077.56
CLM009383,0,1,1,0,1,1,0,medium,4,7.132,116554.81,82351.81
CLM009384,0,0,1,1,0,1,0,medium,3,4.356,46046.28,30035.25
CLM009385,0,1,1,0,1,0,0,medium,3,5.521,51307.79,29834.68
CLM009386,0,1,0,0,0,0,1,medium,2,3.46,72323.29,51514.32
CLM009387,0,1,1,1,0,1,0,medium,4,6.921,74522.35,54451.41
CLM009388,0,1,1,0,1,1,0,high,4,8.613,151993.01,111139.4
CLM009389,0,0,1,1,0,0,0,medium,2,3.656,29764.02,19101.41
CLM009390,0,1,1,1,0,0,1,high,4,11.316,160823.13,135141.41
CLM009391,0,0,1,1,0,0,0,medium,2,2.883,24624.45,10465.41
CLM009392,1,0,0,0,0,0,0,medium,1,1.53,15217.95,10756.99
CLM009393,1,1,1,0,0,1,0,medium,4,6.767,96928.88,65907.11
CLM009394,1,0,0,0,1,1,0,medium,3,4.119,25702.77,7426.38
CLM009395,0,1,1,0,0,1,0,medium,3,4.24,49539.83,37274.94
CLM009396,1,0,0,0,1,1,0,high,3,8.086,85809.57,63470.67
CLM009397,1,0,0,0,0,0,0,medium,1,1.721,17151.44,5176.11
CLM009398,0,1,0,0,1,0,0,medium,2,2.804,52700.49,33982.55
CLM009399,0,0,1,0,0,0,0,low,1,0.736,7751.26,5100.79
CLM009400,0,0,1,1,0,1,0,low,3,3.711,40359.86,26404.05
CLM009401,0,0,1,1,0,1,0,medium,3,4.591,58150.65,43111.05
CLM009402,1,1,1,0,0,1,1,high,5,9.742,110570.14,77172.33
CLM009403,0,0,1,1,0,0,0,medium,2,3.609,70433.5,46882.89
CLM009404,1,0,0,0,1,0,0,low,2,2.125,20917.97,10742.41
CLM009405,0,1,1,0,1,1,0,low,4,4.343,66529.23,50649.37
CLM009406,1,0,1,0,0,0,0,medium,2,3.141,42222.39,34684.07
CLM009407,0,0,1,0,0,0,0,low,1,0.748,8051.13,0.0
CLM009408,1,0,0,0,1,1,0,high,3,6.638,71355.66,30636.26
CLM009409,0,0,1,0,0,1,1,low,3,3.033,34351.91,22963.27
CLM009410,0,0,1,0,0,0,0,low,1,0.938,7923.6,4424.06
CLM009411,0,1,1,0,1,1,0,low,4,3.587,52358.71,43929.73
CLM009412,0,0,0,0,1,1,1,high,3,9.764,93937.33,80822.17
CLM009413,0,0,1,1,0,1,1,high,4,13.47,286267.38,221036.01
CLM009414,0,0,1,1,0,0,0,low,2,1.683,18045.19,6192.58
CLM009415,1,0,1,1,0,1,0,medium,4,5.637,70674.41,46864.96
CLM009416,0,1,0,1,1,1,0,high,4,7.844,62419.8,44252.54
CLM009417,0,0,1,1,0,1,0,high,3,7.107,61853.36,46878.59
CLM009418,0,0,1,1,0,1,0,high,3,7.068,91403.68,66393.41
CLM009419,1,0,0,0,1,1,0,medium,3,4.271,39167.07,27491.72
CLM009420,0,0,1,1,0,1,0,medium,3,5.084,57092.15,46229.73
CLM009421,0,0,1,0,1,1,0,medium,3,4.113,63394.63,42567.42
CLM009422,0,0,1,1,0,0,0,medium,2,3.401,64140.14,34324.71
CLM009423,1,0,1,0,0,0,0,medium,2,2.781,32737.65,27721.61
CLM009424,0,0,1,1,0,0,0,medium,2,2.949,35666.81,23108.53
CLM009425,1,0,0,0,1,1,0,high,3,6.929,44070.88,29617.04
CLM009426,0,1,1,1,0,1,1,high,5,13.678,151045.93,122018.81
CLM009427,0,1,1,1,0,1,0,medium,4,6.155,73011.17,60964.27
CLM009428,1,1,0,0,1,1,0,high,4,11.286,102215.87,78804.38
CLM009429,1,1,1,1,1,1,0,medium,6,9.625,134888.51,118189.23
CLM009430,0,1,1,0,0,1,1,high,4,11.225,156390.88,118376.33
CLM009431,1,0,1,1,0,0,0,high,3,6.351,58486.6,42712.85
CLM009432,1,0,1,1,0,0,0,low,3,3.226,34620.3,20988.24
CLM009433,0,0,1,0,1,1,0,medium,3,4.394,70098.9,58553.15
CLM009434,0,0,1,0,1,0,0,medium,2,2.959,53251.98,47270.88
CLM009435,1,0,1,1,1,0,0,high,4,8.095,106408.51,85318.1
CLM009436,0,0,1,1,0,1,0,low,3,2.565,26587.46,12412.46
CLM009437,0,0,1,1,0,0,0,medium,2,3.06,49758.18,37054.13
CLM009438,0,1,1,0,0,1,1,medium,4,8.071,130756.98,102602.36
CLM009439,0,1,1,0,1,1,0,high,4,7.084,105378.83,86843.46
CLM009440,0,1,1,0,1,1,0,high,4,6.207,108410.8,96492.84
CLM009441,0,0,1,0,1,0,0,medium,2,2.782,34991.53,25141.01
CLM009442,0,0,1,0,1,0,0,low,2,1.462,17102.12,4594.76
CLM009443,0,1,1,0,0,1,0,medium,3,4.513,79840.17,55669.3
CLM009444,0,0,0,0,1,1,0,low,2,1.442,13603.73,7821.16
CLM009445,0,1,1,1,0,1,0,medium,4,5.835,39368.1,25128.76
CLM009446,0,0,0,0,1,0,0,low,1,0.745,7915.84,1861.87
CLM009447,0,0,0,0,0,1,0,medium,1,1.409,20553.75,3897.13
CLM009448,0,1,1,0,0,1,0,medium,3,4.679,53222.15,42808.98
CLM009449,1,0,1,1,0,1,0,medium,4,6.12,80252.82,42942.63
CLM009450,1,0,0,0,0,0,0,low,1,0.955,12259.7,0.0
CLM009451,0,1,1,0,0,0,0,low,2,2.53,33644.78,22358.11
CLM009452,1,0,0,0,1,0,0,high,2,3.997,48737.95,38856.72
CLM009453,0,1,1,0,1,1,1,high,5,12.144,156007.32,104713.51
CLM009454,0,1,1,0,1,0,0,medium,3,4.018,44490.36,32729.1
CLM009455,0,0,1,0,1,0,0,high,2,4.6,38495.51,26438.31
CLM009456,1,1,1,1,1,1,0,medium,6,9.967,97567.91,64727.19
CLM009457,1,0,0,0,1,0,0,medium,2,3.792,45731.79,32552.27
CLM009458,0,1,1,1,0,1,0,medium,4,6.432,103249.59,92906.05
CLM009459,1,0,1,0,1,1,0,medium,4,5.726,67097.62,57199.3
CLM009460,1,0,0,0,0,0,0,low,1,0.984,12256.62,1533.24
CLM009461,0,1,1,1,0,1,0,high,4,10.865,134652.16,107947.61
CLM009462,1,0,0,0,1,0,0,medium,2,2.745,40888.58,23024.58
CLM009463,1,1,0,0,1,1,0,medium,4,4.216,73272.79,53417.6
CLM009464,0,0,1,1,0,0,0,low,2,1.705,17244.39,5225.77
CLM009465,0,1,1,0,0,0,0,medium,2,3.822,59784.6,40840.89
CLM009466,1,1,1,0,1,1,0,high,5,13.603,126499.86,83898.43
CLM009467,0,0,1,1,0,0,0,low,2,1.552,14550.25,5801.2
CLM009468,0,0,1,0,0,0,1,high,2,5.528,73698.27,65449.36
CLM009469,0,0,1,0,0,1,0,medium,2,2.921,40201.57,28108.15
CLM009470,0,0,1,0,0,0,0,low,1,1.003,12427.66,7789.07
CLM009471,1,0,0,0,1,0,0,low,2,2.374,31135.5,24092.64
CLM009472,0,1,1,1,1,0,0,medium,4,6.74,88823.66,64759.41
CLM009473,0,1,1,0,1,1,1,high,5,9.509,151752.04,112924.23
CLM009474,0,1,1,1,1,0,0,high,4,10.462,143415.9,107960.15
CLM009475,0,0,1,0,1,0,0,medium,2,4.111,75831.96,52450.32
CLM009476,0,1,1,1,1,1,0,medium,5,8.965,149831.23,103492.65
CLM009477,0,0,1,0,0,1,0,low,2,1.486,20760.38,10034.04
CLM009478,0,1,1,0,1,1,1,high,5,11.705,221575.93,159929.29
CLM009479,0,0,1,0,0,0,0,medium,1,1.356,13222.78,7495.09
CLM009480,1,0,1,0,0,0,0,low,2,1.484,9945.6,1220.77
CLM009481,0,0,0,1,0,1,0,low,2,2.626,33648.29,18243.15
CLM009482,1,0,0,1,0,1,0,medium,3,5.009,64167.32,37723.38
CLM009483,1,0,1,0,1,0,0,low,3,2.309,25338.96,20140.05
CLM009484,0,0,1,0,1,0,0,medium,2,3.508,77015.9,57367.73
CLM009485,0,0,1,1,0,1,0,medium,3,4.057,68293.13,45698.09
CLM009486,0,0,1,0,0,1,0,low,2,1.597,20345.42,15914.1
CLM009487,1,0,0,0,1,0,0,low,2,2.321,28031.02,14664.69
CLM009488,1,1,1,0,0,1,0,medium,4,7.996,117250.1,88510.22
CLM009489,0,0,1,1,0,1,0,high,3,10.281,126491.48,101746.77
CLM009490,0,0,1,1,0,0,0,low,2,2.217,26980.23,14633.9
CLM009491,1,1,1,0,0,1,0,high,4,7.138,97406.69,80242.78
CLM009492,1,0,0,0,1,1,0,medium,3,4.109,67292.14,46146.47
CLM009493,0,0,1,0,0,0,1,low,2,1.791,26115.31,14422.16
CLM009494,0,0,1,0,0,0,0,low,1,0.847,13498.94,8076.59
CLM009495,0,0,1,0,0,1,0,medium,2,4.018,32942.65,19251.55
CLM009496,0,1,1,0,1,1,1,high,5,11.44,128690.37,79532.79
CLM009497,0,0,1,0,0,1,0,medium,2,2.883,49460.35,36171.01
CLM009498,0,0,1,1,0,0,0,low,2,1.759,18689.88,10108.2
CLM009499,1,0,0,0,1,0,0,medium,2,3.208,26835.64,11990.95
CLM009500,0,1,1,0,0,1,1,high,4,8.812,140961.04,100697.46
CLM009501,0,0,1,1,0,1,0,high,3,7.774,140037.61,115026.95
CLM009502,0,0,1,0,0,0,0,low,1,1.017,12738.52,4578.47
CLM009503,0,0,0,0,1,0,0,medium,1,1.403,26788.0,11700.73
CLM009504,0,0,1,0,1,0,0,low,2,1.671,14301.29,7034.03
CLM009505,1,1,1,1,1,0,0,high,5,13.631,138297.95,92922.99
CLM009506,1,1,1,0,1,1,0,high,5,18.233,177353.55,138962.46
CLM009507,1,0,0,0,0,0,0,low,1,1.025,14281.54,5616.52
CLM009508,0,0,1,1,0,1,0,medium,3,3.315,32895.05,28067.97
CLM009509,0,0,1,0,1,1,1,medium,4,7.691,81808.35,52915.28
CLM009510,0,1,1,0,0,1,0,high,3,7.851,82580.0,49919.7
CLM009511,1,0,0,0,0,1,0,low,2,2.132,28544.41,20151.55
CLM009512,0,0,1,0,1,0,0,medium,2,2.564,26255.07,19145.27
CLM009513,1,0,0,0,1,0,0,low,2,2.088,25750.64,5017.52
CLM009514,0,0,1,1,0,1,0,low,3,3.405,62928.17,50276.36
CLM009515,1,0,1,0,0,0,0,medium,2,2.853,27284.03,18973.07
CLM009516,0,0,1,1,0,1,0,medium,3,4.482,58796.9,40733.95
CLM009517,0,1,1,0,0,1,0,medium,3,3.807,49078.07,32626.69
CLM009518,1,0,0,0,1,0,0,low,2,1.763,19263.54,15058.11
CLM009519,0,0,0,1,0,0,0,low,1,1.263,19123.5,2388.13
CLM009520,1,1,0,0,1,1,0,high,4,11.565,155667.32,94739.31
CLM009521,0,1,1,0,1,1,1,high,5,17.082,278158.14,211972.41
CLM009522,1,0,0,0,0,0,0,medium,1,1.507,27102.25,18310.45
CLM009523,0,0,1,0,0,0,0,low,1,0.769,13184.13,7648.93
CLM009524,0,0,1,1,0,1,0,medium,3,5.517,96127.1,78367.37
CLM009525,0,0,1,1,1,1,0,high,4,9.061,99602.73,63033.25
CLM009526,0,0,1,0,0,0,0,low,1,1.14,11408.19,6055.43
CLM009527,0,1,1,0,0,1,0,medium,3,4.611,50457.23,34986.44
CLM009528,1,0,0,0,0,0,0,low,1,1.093,10563.22,6048.42
CLM009529,0,1,1,0,1,1,0,high,4,8.608,134821.07,83169.67
CLM009530,0,0,1,0,1,1,0,medium,3,4.043,74709.35,46204.9
CLM009531,0,0,1,0,0,1,0,low,2,2.02,27485.44,24003.8
CLM009532,0,0,1,0,1,0,0,medium,2,3.15,44081.45,32056.88
CLM009533,1,0,1,0,0,0,0,low,2,1.592,21367.27,15292.04
CLM009534,0,1,1,1,1,1,0,high,5,16.231,264181.59,219843.92
CLM009535,1,0,0,0,1,1,0,high,3,8.285,137719.77,84802.04
CLM009536,1,0,0,0,1,0,0,low,2,1.672,18325.15,14391.05
CLM009537,1,0,0,0,1,0,0,medium,2,3.701,23275.59,15168.96
CLM009538,1,0,1,0,1,0,0,medium,3,4.752,41226.15,32945.03
CLM009539,0,0,1,1,0,1,0,medium,3,4.369,76425.39,49200.26
CLM009540,1,0,0,0,1,0,0,medium,2,2.648,22003.78,13363.83
CLM009541,1,0,0,0,0,0,0,low,1,1.058,13241.1,7371.55
CLM009542,0,0,0,0,1,0,0,low,1,0.63,6578.03,4030.15
CLM009543,1,0,1,1,1,1,0,high,5,12.039,106886.51,54595.88
CLM009544,0,1,1,1,0,0,0,medium,3,3.971,56794.84,38336.67
CLM009545,1,0,0,0,1,1,0,medium,3,4.912,50787.61,40992.57
CLM009546,0,1,1,1,1,1,0,high,5,12.369,163743.58,147792.33
CLM009547,1,0,0,0,1,0,0,medium,2,2.774,52792.45,38593.43
CLM009548,1,0,0,0,1,1,0,medium,3,4.608,54946.06,36243.57
CLM009549,1,0,0,0,1,1,0,low,3,2.572,42802.92,35730.32
CLM009550,0,0,1,0,0,1,0,medium,2,3.165,41506.38,24722.08
CLM009551,0,1,1,0,0,0,0,low,2,2.037,28626.74,19252.52
CLM009552,0,0,0,0,1,0,0,medium,1,1.215,14816.68,10495.78
CLM009553,1,0,0,1,1,1,0,medium,4,5.854,75180.44,51228.01
CLM009554,1,0,0,1,0,0,0,low,2,1.55,15720.2,9510.52
CLM009555,1,0,0,1,0,1,0,low,3,3.347,33853.74,24979.22
CLM009556,0,1,1,0,0,0,0,low,2,2.082,35447.54,26594.95
CLM009557,0,0,1,1,0,0,0,medium,2,3.44,36789.68,23964.39
CLM009558,1,0,0,1,1,1,0,high,4,11.315,121596.8,83802.7
CLM009559,1,0,1,0,0,0,0,low,2,1.528,15965.86,7990.73
CLM009560,0,0,1,1,0,0,0,high,2,4.705,51888.84,32890.14
CLM009561,1,0,0,0,0,1,0,medium,2,2.912,45665.83,35442.5
CLM009562,1,1,0,0,0,0,0,medium,2,3.423,58682.55,32379.91
CLM009563,1,0,1,0,1,0,0,low,3,2.463,42057.97,29201.26
CLM009564,0,1,1,0,1,1,0,medium,4,6.686,86640.34,71289.4
CLM009565,0,0,1,1,0,1,0,medium,3,5.144,56951.34,49991.36
CLM009566,0,0,1,0,0,0,0,medium,1,1.436,26600.92,21094.73
CLM009567,0,1,1,0,1,1,0,medium,4,7.138,84439.58,69762.57
CLM009568,0,1,1,0,1,0,0,medium,3,4.81,69539.65,44336.58
CLM009569,1,0,1,1,0,0,0,low,3,2.976,39019.29,31746.2
CLM009570,0,0,1,0,0,0,0,low,1,0.834,10330.95,0.0
CLM009571,1,1,1,0,0,0,1,low,4,3.595,49861.78,32907.23
CLM009572,1,1,1,0,1,1,1,high,6,18.091,281640.36,198413.12
CLM009573,1,0,0,1,0,1,0,high,3,9.02,133099.09,99048.4
CLM009574,0,0,0,0,1,0,0,low,1,0.943,7579.51,0.0
CLM009575,1,0,0,0,1,0,0,low,2,2.362,21476.74,14989.98
CLM009576,0,1,1,0,0,1,0,medium,3,6.084,77373.85,64967.17
CLM009577,1,1,1,1,0,1,1,high,6,11.473,143901.61,92792.37
CLM009578,0,0,1,0,0,1,0,medium,2,4.065,40033.13,26253.48
CLM009579,1,0,0,0,1,0,0,medium,2,3.03,50289.02,37745.95
CLM009580,0,0,1,0,0,0,0,low,1,0.866,11340.09,7742.76
CLM009581,0,0,1,0,0,0,0,low,1,0.706,11656.44,3883.22
CLM009582,0,0,1,0,0,0,0,low,1,0.831,9493.96,0.0
CLM009583,1,1,0,0,1,1,0,high,4,9.583,124958.68,98292.43
CLM009584,1,0,0,0,1,1,0,medium,3,5.705,86709.33,66593.69
CLM009585,1,0,0,0,1,1,0,medium,3,3.548,38141.21,33184.68
CLM009586,0,0,1,0,0,1,0,low,2,1.825,18332.14,11095.01
CLM009587,0,0,1,0,0,0,0,low,1,0.737,12476.23,7756.85
CLM009588,1,0,0,0,1,1,0,medium,3,4.523,53050.09,37083.23
CLM009589,0,1,1,0,0,1,0,medium,3,4.618,68872.65,48800.82
CLM009590,0,0,0,0,0,1,0,medium,1,1.899,22121.19,12763.31
CLM009591,0,1,0,0,0,1,1,medium,3,4.125,61237.04,41309.96
CLM009592,0,0,1,1,0,0,0,low,2,1.633,20960.96,1482.75
CLM009593,0,1,1,0,0,0,0,medium,2,2.16,31045.83,17408.28
CLM009594,0,0,1,0,1,1,0,high,3,9.698,153164.54,124762.45
CLM009595,0,1,1,1,0,1,0,medium,4,7.277,72722.5,58011.4
CLM009596,1,0,1,1,0,1,0,medium,4,6.564,96999.67,69675.44
CLM009597,0,1,1,0,1,0,0,medium,3,5.584,55223.73,44603.1
CLM009598,1,1,1,0,1,1,0,high,5,14.935,236710.11,170055.74
CLM009599,0,1,0,0,0,0,0,medium,1,1.843,29180.01,12593.0
CLM009600,0,1,1,1,1,1,0,high,5,12.833,155935.82,116002.1
CLM009601,1,0,0,0,1,1,0,low,3,2.519,25776.93,17793.58
CLM009602,0,1,1,0,1,1,0,high,4,10.228,99408.92,77733.8
CLM009603,1,1,1,0,1,1,0,high,5,12.455,91115.99,63510.3
CLM009604,1,0,0,0,0,1,0,medium,2,3.397,48301.09,35596.04
CLM009605,0,1,1,1,0,1,0,medium,4,5.908,80143.58,54531.88
CLM009606,1,0,0,1,1,1,0,medium,4,7.804,99189.0,70467.83
CLM009607,0,1,1,0,1,1,1,high,5,12.805,328172.04,297109.96
CLM009608,1,0,0,0,0,0,0,low,1,0.978,13024.6,0.0
CLM009609,1,1,1,0,0,1,1,high,5,11.348,142431.15,120350.28
CLM009610,1,1,0,0,1,0,1,high,4,9.7,197230.12,147382.3
CLM009611,1,0,0,0,1,0,0,medium,2,3.698,41133.63,35856.62
CLM009612,0,0,1,1,0,1,0,low,3,3.224,25023.16,12088.07
CLM009613,0,0,1,0,0,0,0,low,1,0.894,8869.35,6319.34
CLM009614,0,1,0,0,1,0,0,medium,2,3.681,32680.71,19910.79
CLM009615,0,1,1,0,1,0,1,high,4,12.455,196566.56,127300.22
CLM009616,1,1,0,0,0,0,0,low,2,2.033,15937.49,3380.46
CLM009617,0,0,1,0,0,0,0,low,1,0.905,10791.69,7276.0
CLM009618,1,0,0,0,1,0,0,medium,2,3.018,42702.46,26081.3
CLM009619,0,0,1,0,0,0,0,low,1,0.89,11737.72,4314.29
CLM009620,1,0,0,0,1,0,0,high,2,5.567,46044.51,39198.45
CLM009621,0,1,1,1,0,1,0,medium,4,8.548,97033.1,85414.38
CLM009622,0,0,1,1,1,1,0,medium,4,6.53,59032.03,41834.49
CLM009623,0,0,1,1,0,0,0,low,2,1.662,11006.4,8360.98
CLM009624,0,0,1,1,0,1,0,medium,3,4.544,46946.11,32566.42
CLM009625,1,1,1,0,1,1,0,high,5,13.238,103631.36,75960.15
CLM009626,1,0,0,0,1,1,0,low,3,3.113,20684.95,15561.02
CLM009627,1,1,0,0,1,1,0,high,4,10.882,170635.89,96382.64
CLM009628,1,0,0,1,1,0,0,medium,3,6.339,69636.42,43698.38
CLM009629,0,0,1,0,0,0,0,medium,1,1.521,21670.98,17194.96
CLM009630,0,1,1,0,1,1,0,high,4,7.156,124188.31,99769.53
CLM009631,1,0,0,0,1,0,0,medium,2,2.169,26024.92,17613.23
CLM009632,0,0,1,1,0,0,0,medium,2,3.105,31007.24,9834.01
CLM009633,1,0,0,0,1,1,0,high,3,7.332,95298.91,72532.95
CLM009634,0,0,1,1,0,1,0,medium,3,4.792,57297.17,38505.71
CLM009635,0,1,1,1,0,1,0,high,4,13.094,138936.02,113820.17
CLM009636,0,0,1,1,0,1,0,medium,3,4.047,43137.78,30732.01
CLM009637,1,0,0,0,1,0,0,medium,2,2.863,34893.96,29017.4
CLM009638,0,0,1,0,0,0,0,medium,1,1.439,13363.38,10290.31
CLM009639,0,1,1,0,1,1,0,medium,4,5.479,101120.08,66250.36
CLM009640,1,0,0,0,0,0,0,medium,1,1.841,20800.19,13701.01
CLM009641,0,0,1,0,0,0,0,low,1,0.63,7242.2,3669.94
CLM009642,0,0,1,0,1,0,0,high,2,5.683,79822.64,67416.39
CLM009643,1,0,0,0,0,1,0,medium,2,3.091,45817.22,37229.73
CLM009644,1,0,0,0,1,1,0,high,3,7.353,110848.43,77750.74
CLM009645,0,1,1,1,0,1,0,low,4,5.139,63174.82,36027.2
CLM009646,1,1,0,0,1,1,0,high,4,13.25,120185.03,91915.77
CLM009647,0,1,1,0,1,0,0,low,3,2.732,35600.04,25239.92
CLM009648,1,1,1,1,0,1,0,medium,5,10.099,123434.13,87334.48
CLM009649,0,1,1,0,1,1,1,medium,5,7.58,90929.45,81149.68
CLM009650,1,0,1,0,0,1,1,medium,4,5.478,92344.54,72789.26
CLM009651,0,1,1,0,1,1,0,medium,4,6.116,97054.69,70591.9
CLM009652,1,0,1,0,1,0,0,low,3,2.698,30189.7,17245.81
CLM009653,1,0,0,0,0,0,0,medium,1,1.922,26796.91,18498.79
CLM009654,1,0,0,0,1,1,0,medium,3,4.485,49972.72,44093.57
CLM009655,1,0,0,0,1,0,0,high,2,5.165,38509.2,22936.99
CLM009656,0,1,1,0,1,1,0,medium,4,6.563,79971.38,64527.64
CLM009657,0,0,0,0,1,0,0,low,1,0.66,13724.99,9164.5
CLM009658,0,1,1,1,0,1,0,high,4,12.426,163321.71,106241.76
CLM009659,0,0,0,0,0,1,0,low,1,1.102,13930.79,4964.66
CLM009660,0,0,1,1,0,1,0,high,3,5.226,63853.47,39716.87
CLM009661,1,1,1,0,0,1,1,high,5,10.481,140269.27,102981.11
CLM009662,0,0,1,1,0,0,0,high,2,4.166,64342.94,32436.68
CLM009663,0,0,0,0,1,0,0,low,1,0.957,7202.29,1762.24
CLM009664,0,1,1,0,0,0,0,low,2,1.97,45290.93,28042.42
CLM009665,1,0,0,0,1,0,0,medium,2,2.497,20395.41,7496.6
CLM009666,0,0,1,1,0,1,0,medium,3,5.389,49840.19,31178.64
CLM009667,1,0,0,0,1,0,0,medium,2,2.717,40471.82,20497.12
CLM009668,0,0,1,0,0,0,0,low,1,1.119,9315.64,2523.47
CLM009669,1,0,0,0,1,0,0,low,2,1.889,25103.67,17281.63
CLM009670,1,0,0,0,1,1,0,high,3,7.159,96676.52,52664.59
CLM009671,1,0,0,0,1,0,0,medium,2,2.515,19072.34,9658.82
CLM009672,0,0,1,1,1,0,0,high,3,5.16,70205.35,49539.66
CLM009673,0,1,1,1,0,1,0,high,4,10.499,150314.61,139627.69
CLM009674,1,0,0,0,1,0,0,medium,2,3.445,48597.16,33063.47
CLM009675,0,0,1,1,0,1,0,medium,3,4.303,48121.16,40190.3
CLM009676,0,0,1,0,0,0,0,low,1,1.061,12301.33,8583.19
CLM009677,0,0,1,1,0,0,0,low,2,2.177,16007.15,12450.68
CLM009678,0,1,1,0,1,1,0,high,4,9.564,100203.9,65223.12
CLM009679,1,0,0,0,1,1,0,medium,3,4.382,46372.54,37932.03
CLM009680,0,0,1,1,0,1,0,low,3,2.729,31698.15,20595.07
CLM009681,0,1,0,1,0,0,0,low,2,2.173,24995.89,10293.46
CLM009682,0,0,1,0,0,0,0,medium,1,1.262,15333.22,10384.55
CLM009683,0,1,1,0,0,0,0,medium,2,3.055,38318.83,26073.16
CLM009684,0,0,1,0,1,0,0,low,2,1.917,19691.52,14725.0
CLM009685,0,0,1,1,0,1,0,medium,3,4.346,59486.71,40760.58
CLM009686,1,0,1,0,0,0,0,low,2,1.908,30172.81,12231.79
CLM009687,0,0,1,0,0,0,1,medium,2,3.188,45193.19,27966.97
CLM009688,1,0,1,0,1,0,0,medium,3,4.298,50623.58,40136.82
CLM009689,1,0,0,0,1,0,0,low,2,1.415,18774.29,12134.44
CLM009690,0,1,1,1,0,0,0,high,3,8.585,91432.06,61250.78
CLM009691,1,0,0,0,1,1,1,medium,4,6.868,85484.65,65582.74
CLM009692,0,0,1,0,0,1,0,medium,2,3.506,43695.8,35360.29
CLM009693,0,1,1,1,0,1,0,medium,4,6.452,128196.59,117423.01
CLM009694,0,1,1,0,0,1,1,high,4,8.839,84144.64,76058.73
CLM009695,0,1,1,0,1,0,0,medium,3,5.741,93094.06,75250.81
CLM009696,1,0,0,0,1,0,0,low,2,2.142,23191.6,15112.62
CLM009697,0,0,1,0,1,1,0,low,3,2.651,32428.24,23574.77
CLM009698,0,1,1,1,0,1,0,high,4,10.531,115025.75,94312.05
CLM009699,1,0,0,0,0,0,0,low,1,1.012,11663.12,878.9
CLM009700,1,0,0,0,1,1,0,high,3,6.778,113787.59,96885.44
CLM009701,0,0,1,0,0,1,0,low,2,1.514,19958.87,14356.98
CLM009702,0,1,1,0,1,1,0,medium,4,5.823,59658.54,38924.97
CLM009703,0,0,1,1,0,0,0,low,2,2.265,26166.34,14418.91
CLM009704,1,0,1,0,1,0,0,medium,3,4.113,46083.09,39303.7
CLM009705,0,0,1,0,0,0,0,low,1,0.852,11674.62,7878.65
CLM009706,0,0,1,0,0,1,0,low,2,1.732,16559.33,9513.01
CLM009707,1,0,0,0,0,1,0,medium,2,2.853,48988.6,41816.81
CLM009708,0,1,1,0,1,0,0,high,3,7.303,71514.4,53535.19
CLM009709,0,1,1,0,1,1,0,high,4,9.406,96667.29,64640.55
CLM009710,0,1,1,1,0,1,0,medium,4,8.041,79926.3,61921.81
CLM009711,0,0,1,0,0,0,0,low,1,0.948,13269.24,7777.82
CLM009712,1,0,0,0,1,1,0,low,3,3.24,47407.12,37408.71
CLM009713,0,0,1,0,0,0,0,low,1,0.836,9920.45,5689.24
CLM009714,0,0,1,0,0,0,0,low,1,0.744,8175.78,0.0
CLM009715,0,1,1,0,1,0,0,medium,3,5.21,75699.3,62749.56
CLM009716,0,0,1,1,0,1,0,medium,3,4.247,41381.02,29650.29
CLM009717,0,1,1,0,1,1,0,high,4,10.074,125363.06,92041.21
CLM009718,1,0,0,0,1,1,0,medium,3,4.295,77301.7,49986.11
CLM009719,0,1,1,0,0,1,0,medium,3,4.856,77457.43,54136.89
CLM009720,1,0,1,0,0,1,0,medium,3,4.946,84543.85,68394.77
CLM009721,0,1,1,1,1,1,0,high,5,8.631,142548.45,111943.87
CLM009722,0,1,1,0,1,1,0,high,4,9.492,79647.52,63954.62
CLM009723,0,1,1,0,0,1,1,high,4,13.547,153083.24,91019.19
CLM009724,0,1,1,0,1,0,0,low,3,2.978,47291.15,36870.74
CLM009725,0,0,1,1,0,0,0,medium,2,2.956,24943.08,19128.24
CLM009726,1,0,0,0,1,1,1,medium,4,7.179,99212.01,74704.97
CLM009727,1,0,1,1,0,1,0,low,4,4.356,46025.79,38112.52
CLM009728,0,1,1,1,0,1,0,high,4,10.165,95126.08,68135.89
CLM009729,1,1,1,0,0,0,1,high,4,11.406,183219.15,159554.28
CLM009730,1,1,1,0,0,0,0,high,3,7.0,75375.55,33410.13
CLM009731,0,1,1,0,1,0,0,medium,3,4.801,51724.46,28746.13
CLM009732,0,1,0,0,1,1,0,low,3,2.955,38441.99,17067.69
CLM009733,0,0,1,0,0,0,0,low,1,1.017,9455.91,4231.08
CLM009734,1,0,1,0,1,1,0,high,4,10.783,135376.55,110719.15
CLM009735,1,0,1,0,0,0,0,low,2,2.352,29289.34,20768.96
CLM009736,0,1,1,1,0,0,0,high,3,6.985,117347.34,91444.69
CLM009737,0,0,1,1,0,0,0,high,2,5.959,66139.82,53360.02
CLM009738,1,0,0,1,1,1,0,high,4,8.487,73279.9,47613.38
CLM009739,1,1,1,0,1,0,0,high,4,12.248,245553.27,221919.92
CLM009740,0,0,1,1,0,1,0,medium,3,6.159,70110.69,43314.19
CLM009741,1,0,1,0,0,0,0,low,2,1.674,22940.42,18642.83
CLM009742,0,1,1,0,1,1,0,medium,4,6.404,85225.96,57974.64
CLM009743,0,0,1,0,0,0,0,low,1,0.912,12634.48,6046.91
CLM009744,0,0,1,0,0,1,1,high,3,7.532,83688.54,50932.85
CLM009745,0,0,1,0,0,0,0,medium,1,1.487,16843.34,9633.51
CLM009746,0,0,1,0,0,0,0,low,1,0.55,7582.71,4618.19
CLM009747,1,1,1,0,1,1,0,medium,5,8.579,89355.1,71245.58
CLM009748,1,0,0,0,1,1,0,high,3,7.922,118357.24,80648.54
CLM009749,0,1,1,0,1,0,0,high,3,7.28,132722.31,93031.99
CLM009750,0,0,1,0,1,1,0,medium,3,3.331,38567.17,25874.24
CLM009751,0,0,0,0,1,1,0,low,2,1.268,24479.81,14768.12
CLM009752,1,0,0,0,0,0,0,medium,1,1.143,13900.81,6091.79
CLM009753,0,1,1,0,1,1,0,medium,4,6.554,52944.95,44194.59
CLM009754,1,0,1,0,0,0,0,medium,2,4.092,42517.49,36695.31
CLM009755,0,0,1,0,0,0,1,medium,2,3.356,42912.46,32521.54
CLM009756,1,0,1,0,1,1,0,high,4,8.364,72653.72,41590.28
CLM009757,0,1,1,0,1,1,0,medium,4,6.011,100114.23,79318.42
CLM009758,0,0,1,0,0,0,0,low,1,0.892,13458.01,9387.72
CLM009759,0,1,0,0,0,1,1,low,3,2.456,28913.11,15500.73
CLM009760,0,1,1,1,0,1,0,medium,4,7.583,116277.69,97369.82
CLM009761,1,0,0,0,1,0,0,high,2,4.886,65677.38,30576.55
CLM009762,0,0,1,0,0,0,0,low,1,0.86,10453.77,1935.73
CLM009763,0,0,0,0,1,0,0,low,1,0.796,9972.97,2603.0
CLM009764,0,0,1,0,1,0,0,low,2,1.278,15556.09,11417.19
CLM009765,1,0,0,1,1,1,0,high,4,8.072,108571.73,80664.62
CLM009766,0,1,1,0,0,0,0,low,2,2.021,16883.71,8285.58
CLM009767,0,0,1,1,0,1,0,low,3,2.909,30359.03,20537.09
CLM009768,0,0,1,1,0,1,0,medium,3,3.737,60305.33,37102.18
CLM009769,0,1,1,1,1,0,0,high,4,9.324,219832.12,173362.76
CLM009770,0,0,0,0,1,0,0,medium,1,1.456,21803.13,12831.3
CLM009771,1,0,1,0,1,0,0,high,3,6.76,104079.28,74568.97
CLM009772,0,1,1,1,1,0,0,high,4,12.301,185485.79,150205.89
CLM009773,0,1,1,0,1,1,0,high,4,10.747,120239.62,91378.5
CLM009774,1,0,1,0,0,1,0,low,3,2.857,35158.67,29628.97
CLM009775,0,0,1,1,1,1,0,medium,4,6.638,98070.47,89519.98
CLM009776,1,0,0,0,1,0,0,medium,2,2.907,35199.68,14515.69
CLM009777,0,1,1,0,1,0,0,medium,3,3.507,47328.1,32191.56
CLM009778,0,0,0,0,0,0,1,medium,1,1.794,26175.46,19322.65
CLM009779,0,0,0,0,1,0,0,low,1,0.839,9777.82,4012.64
CLM009780,0,0,1,1,0,1,0,low,3,2.78,51951.49,38193.36
CLM009781,0,0,1,1,0,1,0,low,3,2.885,42528.36,24278.04
CLM009782,0,0,1,1,1,1,0,high,4,7.366,124299.24,76131.75
CLM009783,0,0,1,0,0,0,0,low,1,0.699,7757.54,0.0
CLM009784,0,0,1,1,1,0,0,medium,3,4.029,62290.87,50584.89
CLM009785,0,0,1,0,0,0,0,low,1,0.71,11679.4,4290.87
CLM009786,1,0,0,0,1,0,0,medium,2,2.356,23629.17,13674.24
CLM009787,0,1,0,1,1,0,0,high,3,8.902,103937.0,82748.65
CLM009788,1,0,1,1,0,0,0,high,3,8.359,51119.66,34832.27
CLM009789,0,0,0,0,1,0,0,low,1,0.821,9130.49,1011.21
CLM009790,1,0,0,0,0,0,0,low,1,0.827,13005.35,4585.49
CLM009791,0,0,0,0,0,0,1,low,1,1.315,29030.32,20186.5
CLM009792,0,0,0,1,1,0,0,low,2,1.907,20900.46,14953.86
CLM009793,1,0,0,0,0,0,0,medium,1,2.235,24533.49,15334.21
CLM009794,1,0,1,0,1,1,0,high,4,9.959,127467.87,87603.17
CLM009795,0,0,1,1,1,1,0,medium,4,5.531,56579.93,40753.94
CLM009796,0,0,1,1,0,1,0,low,3,2.418,22003.48,14759.58
CLM009797,1,0,0,0,1,1,0,low,3,3.009,43858.33,29055.16
CLM009798,1,0,1,1,0,1,0,medium,4,5.214,83499.78,63427.29
CLM009799,0,1,1,0,0,0,0,medium,2,2.941,40057.95,26182.31
CLM009800,1,0,0,0,0,1,1,medium,3,5.361,79826.65,67164.54
CLM009801,0,0,0,0,1,0,0,low,1,0.858,8523.41,1888.01
CLM009802,1,0,0,0,1,0,0,medium,2,2.719,22408.75,15033.59
CLM009803,0,1,1,0,0,0,0,low,2,2.897,41857.72,29029.92
CLM009804,1,0,1,0,1,0,0,low,3,2.543,25054.03,9245.91
CLM009805,0,1,1,0,0,1,0,medium,3,4.656,74709.57,53904.51
CLM009806,1,0,0,0,0,1,0,low,2,2.215,37987.01,31247.05
CLM009807,1,0,0,0,1,1,0,medium,3,4.278,32649.03,14063.9
CLM009808,0,1,1,0,1,1,0,medium,4,4.671,62953.87,49042.86
CLM009809,0,0,0,0,1,0,0,low,1,1.303,17699.95,1757.11
CLM009810,1,0,0,0,1,0,0,medium,2,2.897,27762.02,23274.97
CLM009811,1,0,1,0,1,0,0,medium,3,4.704,59695.54,41944.0
CLM009812,1,1,1,0,1,1,0,medium,5,6.776,91660.81,83608.62
CLM009813,0,0,1,0,0,0,0,low,1,0.656,9982.43,6066.51
CLM009814,0,0,1,1,1,1,0,medium,4,5.46,75489.68,50819.95
CLM009815,0,1,1,0,1,1,1,high,5,17.432,390082.22,284844.57
CLM009816,0,1,1,0,0,1,1,high,4,11.892,96649.44,72551.82
CLM009817,0,1,0,0,1,1,0,medium,3,4.454,58257.53,35312.73
CLM009818,0,1,1,0,0,1,0,high,3,6.655,79117.06,63937.94
CLM009819,0,1,1,0,1,1,0,high,4,10.139,157487.07,116140.54
CLM009820,0,0,1,1,0,0,0,low,2,2.19,31628.35,20851.97
CLM009821,1,1,1,0,1,0,0,high,4,7.729,110593.73,74732.93
CLM009822,0,1,1,0,0,1,1,medium,4,8.044,91087.46,72016.92
CLM009823,0,0,1,0,1,1,0,low,3,2.387,20958.42,13984.79
CLM009824,0,1,1,0,1,1,0,medium,4,5.962,87355.21,61132.01
CLM009825,0,0,1,1,0,0,0,medium,2,3.534,45247.98,31894.47
CLM009826,1,0,1,0,1,1,0,high,4,9.535,138902.08,125046.85
CLM009827,0,0,1,0,0,0,1,medium,2,3.236,74525.67,53009.38
CLM009828,1,0,1,1,0,1,0,high,4,12.013,221270.01,161098.12
CLM009829,1,0,0,0,0,0,0,low,1,0.964,8441.76,5948.74
CLM009830,0,1,1,0,1,1,0,low,4,4.002,55061.36,44010.93
CLM009831,1,0,0,0,1,1,0,medium,3,5.241,75709.43,48428.68
CLM009832,1,0,0,0,0,0,0,low,1,1.013,12617.53,2815.06
CLM009833,1,1,1,0,0,1,1,medium,5,10.753,156059.3,127816.14
CLM009834,0,0,1,1,1,0,0,medium,3,3.578,36674.73,26751.46
CLM009835,0,1,1,0,0,0,0,medium,2,4.173,33363.42,25865.11
CLM009836,1,1,1,1,1,1,0,high,6,12.453,155346.68,112728.65
CLM009837,0,0,1,1,0,1,0,medium,3,4.613,49554.96,34984.21
CLM009838,1,0,1,1,1,0,0,high,4,10.368,119114.08,99037.03
CLM009839,0,1,1,1,1,1,0,medium,5,8.091,95441.97,69534.92
CLM009840,1,0,0,1,0,0,0,high,2,6.694,53980.7,45319.53
CLM009841,0,0,1,0,0,1,0,high,2,5.669,55323.65,40283.01
CLM009842,1,1,1,0,1,1,0,high,5,10.602,138421.39,104608.57
CLM009843,1,0,0,0,1,1,0,high,3,8.463,72336.15,50345.57
CLM009844,0,0,1,1,1,0,0,medium,3,5.159,74342.81,62323.67
CLM009845,0,0,1,0,0,0,0,low,1,0.766,7326.08,2724.31
CLM009846,1,1,1,0,1,1,0,medium,5,7.87,79931.27,56923.54
CLM009847,0,0,1,0,0,1,0,medium,2,3.712,66696.73,33002.79
CLM009848,1,0,0,1,0,1,0,medium,3,5.178,61071.95,47502.71
CLM009849,1,1,1,0,1,0,0,high,4,8.437,88570.49,54733.6
CLM009850,0,1,1,0,1,1,0,high,4,9.582,174356.79,132605.78
CLM009851,0,0,1,0,0,0,0,medium,1,1.428,15725.53,10316.96
CLM009852,0,0,0,0,0,1,0,low,1,0.804,14578.95,858.34
CLM009853,1,0,1,0,1,1,0,high,4,8.098,104636.54,79472.44
CLM009854,1,0,0,0,0,0,0,medium,1,1.984,23435.53,8378.7
CLM009855,1,0,0,0,1,1,0,medium,3,4.56,54293.95,39317.6
CLM009856,1,0,0,0,0,0,0,medium,1,1.587,18334.55,12868.4
CLM009857,0,0,1,0,0,1,0,medium,2,2.52,18362.72,0.0
CLM009858,1,0,0,1,0,1,0,medium,3,6.096,83016.71,66456.91
CLM009859,1,0,1,0,0,0,0,low,2,1.859,27352.37,18954.77
CLM009860,0,0,0,0,1,0,0,low,1,0.868,7160.99,1000.65
CLM009861,0,0,0,0,1,0,0,low,1,0.595,6200.81,0.0
CLM009862,1,0,0,0,1,0,0,high,2,5.081,87287.69,53561.21
CLM009863,0,1,1,0,0,1,1,high,4,12.891,129999.13,111137.68
CLM009864,0,0,1,0,0,1,0,medium,2,2.52,26587.09,22367.69
CLM009865,0,0,1,0,0,0,0,low,1,0.957,11769.4,2291.25
CLM009866,1,0,0,0,1,0,1,high,3,8.89,194585.35,137996.74
CLM009867,1,1,0,0,1,0,0,high,3,10.321,147048.92,133571.59
CLM009868,0,0,1,0,1,0,0,low,2,1.075,12178.88,0.0
CLM009869,0,1,0,0,0,1,1,medium,3,6.384,58245.04,47784.07
CLM009870,0,1,1,0,1,0,0,medium,3,5.382,46962.93,26384.7
CLM009871,1,0,0,1,1,1,0,high,4,8.437,118608.75,102860.23
CLM009872,0,0,1,1,1,1,0,medium,4,5.345,67523.41,45097.07
CLM009873,1,1,1,0,0,1,0,medium,4,6.579,114962.21,80456.7
CLM009874,0,1,1,0,1,1,0,medium,4,6.965,53844.27,40804.86
CLM009875,0,0,1,0,0,0,0,low,1,0.748,7279.58,1711.21
CLM009876,1,0,0,0,1,1,0,medium,3,5.223,50720.32,36210.94
CLM009877,0,0,1,1,0,1,0,high,3,7.875,61798.76,41598.89
CLM009878,1,0,1,1,0,1,0,high,4,8.271,101995.0,71686.45
CLM009879,0,0,1,0,0,1,0,low,2,2.029,14380.26,8466.8
CLM009880,1,0,1,0,1,0,0,medium,3,3.858,71768.11,65003.85
CLM009881,1,0,1,0,1,0,0,medium,3,3.894,54639.42,46891.99
CLM009882,0,0,1,1,0,1,0,low,3,2.765,21919.11,17635.13
CLM009883,0,0,0,0,1,0,0,low,1,0.668,5203.68,0.0
CLM009884,0,0,1,0,0,0,0,medium,1,1.684,18646.46,8188.84
CLM009885,0,1,1,0,1,1,0,high,4,8.371,121759.07,82937.45
CLM009886,0,0,0,0,0,0,1,low,1,1.066,18518.89,11465.63
CLM009887,0,0,1,0,0,0,0,low,1,0.837,10457.83,5457.12
CLM009888,0,0,1,1,0,0,0,low,2,1.54,22519.44,7132.39
CLM009889,0,0,1,1,0,1,0,low,3,3.608,31365.38,22419.2
CLM009890,0,0,1,0,0,0,0,low,1,0.805,9203.48,0.0
CLM009891,0,1,1,0,1,0,0,high,3,6.39,114105.19,79538.69
CLM009892,0,0,1,0,0,0,0,medium,1,1.253,17527.52,10755.8
CLM009893,0,1,0,0,0,0,0,low,1,1.189,19788.27,3761.53
CLM009894,0,1,1,0,1,1,0,high,4,13.0,220112.7,161951.13
CLM009895,1,0,0,0,1,0,0,medium,2,3.488,26267.27,9343.1
CLM009896,0,1,1,0,0,0,1,medium,3,5.119,52233.04,32701.88
CLM009897,1,0,1,0,1,1,0,high,4,8.397,137339.28,116491.29
CLM009898,1,0,0,0,1,0,0,medium,2,3.435,23169.5,17504.87
CLM009899,1,0,0,0,1,0,0,high,2,5.609,72827.63,46799.13
CLM009900,1,0,0,1,1,1,0,medium,4,7.161,107935.67,88904.1
CLM009901,0,1,1,0,1,0,0,high,3,6.88,104293.39,66421.59
CLM009902,0,0,0,0,0,1,0,low,1,0.918,15617.95,11822.06
CLM009903,0,1,1,0,0,1,0,high,3,7.101,78285.59,62657.19
CLM009904,0,1,1,0,1,1,0,medium,4,6.738,61360.85,48322.35
CLM009905,0,1,1,0,1,1,0,high,4,11.966,137168.06,102023.85
CLM009906,0,0,1,0,0,0,0,low,1,0.749,11262.79,0.0
CLM009907,0,1,1,0,1,1,0,high,4,11.873,168270.28,132472.2
CLM009908,1,0,0,0,1,0,0,medium,2,3.013,30734.62,22219.48
CLM009909,0,0,1,1,0,0,0,medium,2,3.784,34030.13,22415.84
CLM009910,0,1,1,0,1,0,0,medium,3,5.64,79112.41,53017.65
CLM009911,1,0,0,1,1,1,0,high,4,8.354,80713.24,61683.39
CLM009912,1,0,0,0,0,0,0,low,1,0.856,12786.16,4634.48
CLM009913,1,0,1,0,0,0,0,medium,2,3.699,28499.36,15113.57
CLM009914,1,0,0,0,0,0,0,low,1,1.314,17089.85,9731.37
CLM009915,0,1,1,0,1,1,0,high,4,13.318,163240.2,147259.53
CLM009916,0,0,1,1,0,1,1,high,4,14.73,174221.35,130617.52
CLM009917,0,0,1,0,1,0,0,low,2,1.334,17607.5,9871.13
CLM009918,1,0,1,0,1,1,0,low,4,3.609,30687.32,8963.28
CLM009919,0,0,1,1,0,1,0,high,3,8.804,119942.17,87184.38
CLM009920,0,1,1,1,1,0,0,medium,4,6.85,79685.24,56267.58
CLM009921,1,0,0,1,1,1,0,medium,4,6.031,84275.51,55189.05
CLM009922,0,0,1,0,0,0,0,medium,1,1.345,12494.17,8200.15
CLM009923,1,0,1,1,0,1,0,high,4,12.797,131166.76,98301.24
CLM009924,1,0,0,0,1,0,0,low,2,1.999,37838.06,17966.4
CLM009925,1,0,1,1,0,1,0,medium,4,7.251,133187.02,90288.13
CLM009926,0,1,1,1,1,1,0,high,5,11.903,223877.46,194657.81
CLM009927,1,0,0,0,1,1,0,medium,3,3.726,54907.74,40088.48
CLM009928,0,0,1,1,0,1,1,high,4,10.479,193558.47,167982.24
CLM009929,0,0,1,0,1,0,0,low,2,2.02,17640.1,11044.94
CLM009930,0,1,1,0,1,1,0,high,4,9.624,159629.56,142740.58
CLM009931,1,0,0,0,1,1,1,high,4,12.348,227605.55,212493.42
CLM009932,0,0,1,1,0,1,1,high,4,12.276,245154.69,169635.49
CLM009933,0,1,1,1,1,1,0,high,5,16.077,292283.57,241810.29
CLM009934,1,0,0,0,0,0,0,low,1,1.426,15329.32,9044.36
CLM009935,1,0,0,0,1,0,0,low,2,1.184,19587.98,14046.74
CLM009936,1,0,0,0,1,1,0,medium,3,4.924,52227.36,38108.44
CLM009937,0,0,1,1,0,1,0,medium,3,4.213,45564.9,36370.09
CLM009938,0,0,1,1,0,0,0,medium,2,3.48,50411.69,32717.66
CLM009939,0,1,1,0,0,1,1,high,4,8.767,148070.79,103826.45
CLM009940,1,1,1,0,1,1,0,high,5,11.124,142046.56,126228.99
CLM009941,0,0,1,1,0,1,0,low,3,2.994,58361.92,44352.51
CLM009942,1,0,1,0,0,1,0,low,3,2.751,27318.56,20743.57
CLM009943,1,0,0,0,1,0,0,high,2,4.386,53055.26,23137.55
CLM009944,1,0,0,0,1,0,0,medium,2,3.265,33553.91,23556.63
CLM009945,1,0,0,1,1,0,0,medium,3,5.298,41867.61,26215.09
CLM009946,0,1,1,0,1,1,0,high,4,10.805,139172.59,86493.73
CLM009947,1,0,1,1,0,1,0,high,4,9.765,112104.13,91850.85
CLM009948,0,1,1,1,1,1,0,medium,5,9.586,112333.15,81894.21
CLM009949,0,0,1,0,0,0,0,low,1,0.924,9553.31,0.0
CLM009950,1,1,0,0,1,0,0,high,3,5.209,73735.89,67864.89
CLM009951,0,0,1,0,0,0,1,medium,2,3.646,66839.13,49099.74
CLM009952,0,1,1,0,1,0,0,low,3,4.152,53257.49,41332.55
CLM009953,0,1,1,0,0,1,1,medium,4,5.639,117740.7,99229.43
CLM009954,1,1,0,0,1,0,0,medium,3,4.45,38845.23,34856.34
CLM009955,0,0,1,0,1,1,0,high,3,6.392,98210.8,57558.94
CLM009956,0,0,1,1,0,0,0,medium,2,3.994,68110.94,61012.17
CLM009957,0,0,1,1,0,0,0,low,2,1.578,29403.55,15792.11
CLM009958,0,1,1,0,1,0,0,high,3,6.693,72161.82,54625.26
CLM009959,1,0,0,0,0,1,0,high,2,5.043,51931.69,36833.23
CLM009960,0,0,1,0,1,1,0,medium,3,4.999,50513.74,41283.43
CLM009961,0,0,1,0,0,0,0,low,1,0.867,12774.39,9372.65
CLM009962,1,1,1,0,0,1,1,high,5,14.611,215239.36,187798.34
CLM009963,0,1,1,1,1,1,1,high,6,16.69,179517.25,156571.98
CLM009964,1,0,1,0,0,0,0,medium,2,3.008,32923.02,28444.83
CLM009965,1,0,0,0,1,1,0,medium,3,6.037,79317.57,53258.92
CLM009966,0,1,1,0,1,1,0,medium,4,5.122,85590.58,56873.97
CLM009967,0,0,1,1,0,1,0,medium,3,3.786,44979.17,30993.33
CLM009968,0,1,1,0,0,0,0,medium,2,3.212,52916.23,41482.12
CLM009969,1,0,0,0,1,1,1,medium,4,6.184,116254.26,96873.08
CLM009970,0,0,1,0,0,0,1,high,2,6.759,51938.87,44334.4
CLM009971,0,1,1,0,0,1,0,high,3,6.967,90444.66,56356.53
CLM009972,1,0,0,0,1,1,0,medium,3,4.31,61351.33,47745.55
CLM009973,0,1,1,0,1,1,0,high,4,9.736,133163.25,71856.26
CLM009974,0,0,1,1,0,1,0,low,3,2.277,19477.59,864.28
CLM009975,1,0,0,0,0,1,0,medium,2,2.693,34776.65,17577.76
CLM009976,1,0,1,0,1,0,0,low,3,2.615,45385.49,29570.14
CLM009977,1,0,0,0,0,1,0,medium,2,2.691,25261.54,18964.57
CLM009978,1,0,1,0,1,1,0,medium,4,4.66,56658.17,35226.11
CLM009979,1,1,0,0,1,0,0,medium,3,4.231,49228.9,28681.79
CLM009980,0,1,1,0,0,0,0,high,2,5.185,71677.42,40909.12
CLM009981,0,0,1,0,1,1,0,low,3,2.782,44046.88,34305.43
CLM009982,0,1,0,0,0,0,0,low,1,1.294,11457.7,7927.8
CLM009983,0,1,1,1,1,0,0,medium,4,8.119,136514.64,120624.06
CLM009984,1,0,0,0,0,1,0,medium,2,3.525,46607.14,34111.6
CLM009985,0,0,1,1,0,0,0,low,2,1.933,24565.29,18259.21
CLM009986,1,0,0,0,0,0,0,low,1,0.835,13124.39,8623.11
CLM009987,0,0,1,0,0,1,0,low,2,1.544,13997.75,0.0
CLM009988,0,1,0,0,0,0,1,medium,2,4.902,50154.31,33934.67
CLM009989,0,0,1,1,0,1,0,low,3,3.592,56467.28,42435.7
CLM009990,0,0,1,1,0,0,0,medium,2,4.294,72059.2,55762.84
CLM009991,0,0,0,0,1,0,0,low,1,0.563,8301.43,5046.31
CLM009992,0,1,1,0,1,0,0,low,3,3.75,50256.68,40645.96
CLM009993,0,0,1,0,0,0,0,low,1,0.808,8023.73,4518.51
CLM009994,1,0,1,1,0,1,0,high,4,11.338,150178.54,112041.25
CLM009995,0,1,1,0,0,0,0,medium,2,4.284,66291.73,50750.67
CLM009996,0,0,1,0,0,0,0,low,1,0.761,7364.42,1933.61
CLM009997,0,1,1,0,1,1,0,high,4,12.306,130132.7,100183.06
CLM009998,0,0,1,0,0,0,0,medium,1,1.412,18346.07,11458.23
CLM009999,0,0,1,1,0,1,0,medium,3,4.474,37342.24,26360.51
CLM010000,0,0,1,0,1,0,0,low,2,1.376,16318.78,9952.33
